argument,predecessors,successors,predecessors_neighbors,successors_neighbors,degree_centrality,in_degree_centrality,out_degree_centrality,closeness_centrality,betweenness_centrality,average_neighbor_degree,pagerank,edge_node_ratio
a0,2,1,3,1,0.2307692307692307,0.1538461538461538,0.0769230769230769,0.26,0.0560897435897436,1.0,0.0514676350519026,2.0
a1,2,2,3,2,0.3076923076923077,0.1538461538461538,0.1538461538461538,0.2363636363636363,0.141025641025641,1.0,0.057918854825994,2.0
a2,1,3,2,5,0.3076923076923077,0.0769230769230769,0.2307692307692307,0.2549019607843137,0.1666666666666666,1.6666666666666667,0.0569590123058387,2.0
a3,2,2,3,3,0.3076923076923077,0.1538461538461538,0.1538461538461538,0.2653061224489796,0.0881410256410256,1.5,0.0730974101196146,2.0
a4,2,2,4,5,0.3076923076923077,0.1538461538461538,0.1538461538461538,0.3170731707317073,0.3253205128205128,2.5,0.1088086353345138,2.0
a5,3,1,5,2,0.3076923076923077,0.2307692307692307,0.0769230769230769,0.4193548387096774,0.1538461538461538,2.0,0.098016234661586,2.0
a6,1,3,2,4,0.3076923076923077,0.0769230769230769,0.2307692307692307,0.2708333333333333,0.1666666666666666,1.3333333333333333,0.0521689585504846,2.0
a7,2,3,6,6,0.3846153846153846,0.1538461538461538,0.2307692307692307,0.3513513513513513,0.578525641025641,2.0,0.1463134541019886,2.0
a8,3,1,3,3,0.3076923076923077,0.2307692307692307,0.0769230769230769,0.2452830188679245,0.0977564102564102,3.0,0.0509114673900651,2.0
a9,2,2,2,3,0.3076923076923077,0.1538461538461538,0.1538461538461538,0.2826086956521739,0.1362179487179487,1.5,0.0544457442647703,2.0
a10,0,4,0,6,0.3076923076923077,0.0,0.3076923076923077,0.0,0.0,1.5,0.0107142857142857,2.0
a11,2,2,2,2,0.3076923076923077,0.1538461538461538,0.1538461538461538,0.2363636363636363,0.0528846153846153,1.0,0.0361303625768962,2.0
a12,3,1,5,3,0.3076923076923077,0.2307692307692307,0.0769230769230769,0.3611111111111111,0.4102564102564102,3.0,0.1086155950067469,2.0
a13,3,1,6,1,0.3076923076923077,0.2307692307692307,0.0769230769230769,0.3939393939393939,0.2932692307692308,1.0,0.0944323500953123,2.0
