argument,predecessors,successors,predecessors_neighbors,successors_neighbors,degree_centrality,in_degree_centrality,out_degree_centrality,closeness_centrality,betweenness_centrality,average_neighbor_degree,pagerank,edge_node_ratio
a0,0,4,0,8,0.3636363636363636,0.0,0.3636363636363636,0.0,0.0,2.0,0.0283237353946661,2.0
a1,2,2,2,4,0.3636363636363636,0.1818181818181818,0.1818181818181818,0.3062200956937799,0.0136363636363636,2.0,0.0595145153658814,2.0
a2,3,1,6,0,0.3636363636363636,0.2727272727272727,0.0909090909090909,0.4331550802139037,0.0545454545454545,0.0,0.0814178326816924,2.0
a3,1,2,2,5,0.2727272727272727,0.0909090909090909,0.1818181818181818,0.277056277056277,0.0545454545454545,2.5,0.0534956925424256,2.0
a4,3,0,9,0,0.2727272727272727,0.2727272727272727,0.0,0.4602272727272727,0.0,0.0,0.1144969093037773,2.0
a5,1,1,5,4,0.1818181818181818,0.0909090909090909,0.0909090909090909,0.3422459893048128,0.0,4.0,0.0640310666849389,2.0
a6,2,4,6,8,0.5454545454545454,0.1818181818181818,0.3636363636363636,0.3878787878787879,0.2909090909090909,2.0,0.11845720922042,2.0
a7,5,4,6,6,0.8181818181818182,0.4545454545454546,0.3636363636363636,0.4848484848484848,0.3954545454545454,1.5,0.1680365643088557,2.0
a8,2,1,2,1,0.2727272727272727,0.1818181818181818,0.0909090909090909,0.2644628099173554,0.0545454545454545,1.0,0.0624275649145593,2.0
a9,2,0,4,0,0.1818181818181818,0.1818181818181818,0.0,0.3787878787878788,0.0,0.0,0.1088967063964118,2.0
a10,2,1,2,4,0.2727272727272727,0.1818181818181818,0.0909090909090909,0.2644628099173554,0.0818181818181818,4.0,0.0874065106439449,2.0
a11,1,4,2,6,0.4545454545454546,0.0909090909090909,0.3636363636363636,0.277056277056277,0.0909090909090909,1.5,0.0534956925424256,2.0
