argument,predecessors,successors,predecessors_neighbors,successors_neighbors,degree_centrality,in_degree_centrality,out_degree_centrality,closeness_centrality,betweenness_centrality,average_neighbor_degree,pagerank,edge_node_ratio
a0,3,3,4,7,0.4285714285714285,0.2142857142857142,0.2142857142857142,0.3457142857142857,0.1178571428571428,2.333333333333333,0.0550028134559046,2.3333333333333335
a1,2,5,7,10,0.5,0.1428571428571428,0.3571428571428571,0.3601190476190476,0.1659340659340659,2.0,0.0621303288610506,2.3333333333333335
a2,0,2,0,6,0.1428571428571428,0.0,0.1428571428571428,0.0,0.0,3.0,0.017244893076445,2.3333333333333335
a3,1,3,3,9,0.2857142857142857,0.0714285714285714,0.2142857142857142,0.246938775510204,0.0663919413919413,3.0,0.0316030856112838,2.3333333333333335
a4,3,1,8,4,0.2857142857142857,0.2142857142857142,0.0714285714285714,0.3928571428571428,0.0487179487179487,4.0,0.0678341613445821,2.3333333333333335
a5,3,3,4,5,0.4285714285714285,0.2142857142857142,0.2142857142857142,0.32010582010582,0.1252747252747253,1.6666666666666667,0.0491121923410977,2.3333333333333335
a6,2,2,6,7,0.2857142857142857,0.1428571428571428,0.1428571428571428,0.2980295566502463,0.0356227106227106,3.5,0.0467439634394184,2.3333333333333335
a7,2,0,5,0,0.1428571428571428,0.1428571428571428,0.0,0.4117647058823529,0.0,0.0,0.1278517373539228,2.3333333333333335
a8,2,3,1,3,0.3571428571428571,0.1428571428571428,0.2142857142857142,0.2274436090225564,0.0391025641025641,1.0,0.033528349028289,2.3333333333333335
a9,2,1,6,0,0.2142857142857142,0.1428571428571428,0.0714285714285714,0.3894009216589862,0.0302197802197802,0.0,0.1137544644332526,2.3333333333333335
a10,3,3,6,12,0.4285714285714285,0.2142857142857142,0.2142857142857142,0.3457142857142857,0.1537545787545787,4.0,0.0506768993499254,2.3333333333333335
a11,4,4,12,9,0.5714285714285714,0.2857142857142857,0.2857142857142857,0.4548872180451128,0.2249084249084249,2.25,0.1436598804766411,2.3333333333333335
a12,4,2,9,5,0.4285714285714285,0.2857142857142857,0.1428571428571428,0.3757763975155279,0.0476190476190476,2.5,0.0812474900228056,2.3333333333333335
a13,0,2,0,5,0.1428571428571428,0.0,0.1428571428571428,0.0,0.0,2.5,0.017244893076445,2.3333333333333335
a14,4,1,12,1,0.3571428571428571,0.2857142857142857,0.0714285714285714,0.4897959183673468,0.0654761904761905,1.0,0.1023648481289357,2.3333333333333335
