argument,predecessors,successors,predecessors_neighbors,successors_neighbors,degree_centrality,in_degree_centrality,out_degree_centrality,closeness_centrality,betweenness_centrality,average_neighbor_degree,pagerank,edge_node_ratio
a0,2,1,5,3,0.2,0.1333333333333333,0.0666666666666666,0.2844444444444444,0.1476190476190476,3.0,0.058725610208613,2.0
a1,1,3,2,3,0.2666666666666666,0.0666666666666666,0.2,0.1801801801801801,0.023015873015873,1.0,0.0364563827013127,2.0
a2,2,2,2,4,0.2666666666666666,0.1333333333333333,0.1333333333333333,0.1999999999999999,0.0658730158730158,2.0,0.0426589392958998,2.0
a3,3,2,4,1,0.3333333333333333,0.2,0.1333333333333333,0.2987654320987654,0.0619047619047619,0.5,0.0580681038816773,2.0
a4,1,1,1,2,0.1333333333333333,0.0666666666666666,0.0666666666666666,0.1641025641025641,0.0428571428571428,2.0,0.0288657875565523,2.0
a5,3,2,1,2,0.3333333333333333,0.2,0.1333333333333333,0.2031746031746031,0.1039682539682539,1.0,0.050650313061652,2.0
a6,1,3,2,4,0.2666666666666666,0.0666666666666666,0.2,0.1855072463768116,0.0857142857142857,1.3333333333333333,0.0371993018081777,2.0
a7,2,3,4,6,0.3333333333333333,0.1333333333333333,0.2,0.2509803921568627,0.1880952380952381,2.0,0.0666103357881291,2.0
a8,2,3,2,6,0.3333333333333333,0.1333333333333333,0.2,0.2245614035087719,0.2023809523809524,2.0,0.0721366382635506,2.0
a9,2,1,1,3,0.2,0.1333333333333333,0.0666666666666666,0.1641025641025641,0.0333333333333333,3.0,0.0327600655260105,2.0
a10,0,4,0,5,0.2666666666666666,0.0,0.2666666666666666,0.0,0.0,1.25,0.0183261180593533,2.0
a11,3,1,7,0,0.2666666666666666,0.2,0.0666666666666666,0.3733333333333333,0.0269841269841269,0.0,0.1354752411583628,2.0
a12,3,1,5,1,0.2666666666666666,0.2,0.0666666666666666,0.3692307692307692,0.0476190476190476,1.0,0.0673374949443063,2.0
a13,4,1,6,1,0.3333333333333333,0.2666666666666666,0.0666666666666666,0.3520833333333333,0.042063492063492,1.0,0.1079173688381183,2.0
a14,0,4,0,8,0.2666666666666666,0.0,0.2666666666666666,0.0,0.0,2.0,0.0183261180593533,2.0
a15,3,0,7,0,0.2,0.2,0.0,0.4411764705882353,0.0,0.0,0.16848618084893,2.0
