argument,predecessors,successors,predecessors_neighbors,successors_neighbors,degree_centrality,in_degree_centrality,out_degree_centrality,closeness_centrality,betweenness_centrality,average_neighbor_degree,pagerank,edge_node_ratio
a0,1,3,1,5,0.3636363636363636,0.0909090909090909,0.2727272727272727,0.1673553719008264,0.0863636363636363,1.6666666666666667,0.0282231803296724,2.0
a1,2,2,3,4,0.3636363636363636,0.1818181818181818,0.1818181818181818,0.3347107438016529,0.3090909090909091,2.0,0.0975888600389256,2.0
a2,2,2,4,4,0.3636363636363636,0.1818181818181818,0.1818181818181818,0.3875598086124402,0.3318181818181818,2.0,0.1620524105451297,2.0
a3,1,2,2,2,0.2727272727272727,0.0909090909090909,0.1818181818181818,0.2832167832167832,0.0363636363636363,1.0,0.0895923059603421,2.0
a4,3,1,6,2,0.3636363636363636,0.2727272727272727,0.0909090909090909,0.4331550802139037,0.25,2.0,0.1568636288709796,2.0
a5,3,1,5,1,0.3636363636363636,0.2727272727272727,0.0909090909090909,0.4090909090909091,0.0318181818181818,1.0,0.0921376653110352,2.0
a6,2,3,3,5,0.4545454545454546,0.1818181818181818,0.2727272727272727,0.3347107438016529,0.2818181818181818,1.6666666666666667,0.0696981891097791,2.0
a7,2,3,3,3,0.4545454545454546,0.1818181818181818,0.2727272727272727,0.2832167832167832,0.209090909090909,1.0,0.0479713601843884,2.0
a8,1,2,2,4,0.2727272727272727,0.0909090909090909,0.1818181818181818,0.2231404958677686,0.1590909090909091,2.0,0.0343130239817903,2.0
a9,4,0,6,0,0.3636363636363636,0.3636363636363636,0.0,0.4074074074074074,0.0,0.0,0.1160627270791656,2.0
a10,1,4,1,9,0.4545454545454546,0.0909090909090909,0.3636363636363636,0.1840909090909091,0.1681818181818181,2.25,0.0353039702153602,2.0
a11,2,1,3,0,0.2727272727272727,0.1818181818181818,0.0909090909090909,0.3246753246753247,0.0545454545454545,0.0,0.0701926783734311,2.0
