argument,predecessors,successors,predecessors_neighbors,successors_neighbors,degree_centrality,in_degree_centrality,out_degree_centrality,closeness_centrality,betweenness_centrality,average_neighbor_degree,pagerank,edge_node_ratio
a0,2,2,3,3,0.4444444444444444,0.2222222222222222,0.2222222222222222,0.362962962962963,0.1331018518518518,1.5,0.0782842147183125,2.0
a1,2,2,4,5,0.4444444444444444,0.2222222222222222,0.2222222222222222,0.3888888888888889,0.136574074074074,2.5,0.0908561689235274,2.0
a2,2,3,4,7,0.5555555555555556,0.2222222222222222,0.3333333333333333,0.362962962962963,0.1481481481481481,2.333333333333333,0.1053868325632237,2.0
a3,2,4,4,8,0.6666666666666666,0.2222222222222222,0.4444444444444444,0.3888888888888889,0.2824074074074074,2.0,0.0987163962028066,2.0
a4,2,1,4,0,0.3333333333333333,0.2222222222222222,0.1111111111111111,0.3950617283950617,0.0185185185185185,0.0,0.0810795461948912,2.0
a5,1,2,2,2,0.3333333333333333,0.1111111111111111,0.2222222222222222,0.3024691358024691,0.0486111111111111,1.0,0.0487036758801581,2.0
a6,2,3,4,5,0.5555555555555556,0.2222222222222222,0.3333333333333333,0.3402777777777778,0.1608796296296296,1.6666666666666667,0.1142684665073974,2.0
a7,2,2,4,6,0.4444444444444444,0.2222222222222222,0.2222222222222222,0.3888888888888889,0.1736111111111111,3.0,0.1333741274833558,2.0
a8,3,0,5,0,0.3333333333333333,0.3333333333333333,0.0,0.4736842105263157,0.0,0.0,0.1497191865390579,2.0
a9,2,1,4,2,0.3333333333333333,0.2222222222222222,0.1111111111111111,0.3402777777777778,0.0925925925925925,2.0,0.0996113849872691,2.0
