argument,predecessors,successors,predecessors_neighbors,successors_neighbors,degree_centrality,in_degree_centrality,out_degree_centrality,closeness_centrality,betweenness_centrality,average_neighbor_degree,pagerank,edge_node_ratio
a0,1,2,0,0,0.2307692307692307,0.0769230769230769,0.1538461538461538,0.0769230769230769,0.0096153846153846,0.0,0.0366962882895206,2.0
a1,4,0,6,0,0.3076923076923077,0.3076923076923077,0.0,0.4653846153846154,0.0,0.0,0.1199345534199002,2.0
a2,3,2,5,1,0.3846153846153846,0.2307692307692307,0.1538461538461538,0.3665158371040724,0.0512820512820512,0.5,0.1111096183317836,2.0
a3,1,3,2,5,0.3076923076923077,0.0769230769230769,0.2307692307692307,0.1384615384615384,0.0512820512820512,1.6666666666666667,0.0414199434989116,2.0
a4,1,4,3,5,0.3846153846153846,0.0769230769230769,0.3076923076923077,0.2130177514792899,0.0641025641025641,1.25,0.078997286825698,2.0
a5,2,3,1,3,0.3846153846153846,0.1538461538461538,0.2307692307692307,0.173076923076923,0.0384615384615384,1.0,0.0452664495313672,2.0
a6,4,0,7,0,0.3076923076923077,0.3076923076923077,0.0,0.4653846153846154,0.0,0.0,0.122744039955486,2.0
a7,2,0,3,0,0.1538461538461538,0.1538461538461538,0.0,0.2136752136752137,0.0,0.0,0.0518172118105594,2.0
a8,0,3,0,8,0.2307692307692307,0.0,0.2307692307692307,0.0,0.0,2.6666666666666665,0.0285944879804905,2.0
a9,1,3,0,3,0.3076923076923077,0.0769230769230769,0.2307692307692307,0.0769230769230769,0.0352564102564102,1.0,0.0366962882895206,2.0
a10,3,2,4,2,0.3846153846153846,0.2307692307692307,0.1538461538461538,0.3279352226720647,0.0673076923076923,1.0,0.134493113143731,2.0
a11,3,1,3,4,0.3076923076923077,0.2307692307692307,0.0769230769230769,0.2747252747252747,0.0641025641025641,4.0,0.0592975799901115,2.0
a12,2,1,4,2,0.2307692307692307,0.1538461538461538,0.0769230769230769,0.2832167832167832,0.016025641025641,2.0,0.0926029884963019,2.0
a13,1,4,1,6,0.3846153846153846,0.0769230769230769,0.3076923076923077,0.1153846153846153,0.0384615384615384,1.5,0.0403301504366172,2.0
