argument,predecessors,successors,predecessors_neighbors,successors_neighbors,degree_centrality,in_degree_centrality,out_degree_centrality,closeness_centrality,betweenness_centrality,average_neighbor_degree,pagerank,edge_node_ratio
a0,1,3,1,4,0.3636363636363636,0.0909090909090909,0.2727272727272727,0.1363636363636363,0.0363636363636363,1.3333333333333333,0.0340552821409246,2.1666666666666665
a1,4,1,6,3,0.4545454545454546,0.3636363636363636,0.0909090909090909,0.4602272727272727,0.1439393939393939,3.0,0.1452324999568779,2.1666666666666665
a2,1,3,1,6,0.3636363636363636,0.0909090909090909,0.2727272727272727,0.1212121212121212,0.0818181818181818,2.0,0.0350577205738738,2.1666666666666665
a3,1,2,1,6,0.2727272727272727,0.0909090909090909,0.1818181818181818,0.1212121212121212,0.0378787878787878,3.0,0.0340552821409246,2.1666666666666665
a4,1,3,1,4,0.3636363636363636,0.0909090909090909,0.2727272727272727,0.1212121212121212,0.0484848484848484,1.3333333333333333,0.0385957565237052,2.1666666666666665
a5,1,3,4,2,0.3636363636363636,0.0909090909090909,0.2727272727272727,0.3068181818181818,0.0893939393939393,0.6666666666666666,0.1475715479244573,2.1666666666666665
a6,3,1,2,0,0.3636363636363636,0.2727272727272727,0.0909090909090909,0.3787878787878788,0.0,0.0,0.0819949393957533,2.1666666666666665
a7,5,0,7,0,0.4545454545454546,0.4545454545454546,0.0,0.5,0.0,0.0,0.1640795329018861,2.1666666666666665
a8,0,4,0,5,0.3636363636363636,0.0,0.3636363636363636,0.0,0.0,1.25,0.0241222571773687,2.1666666666666665
a9,2,3,1,3,0.4545454545454546,0.1818181818181818,0.2727272727272727,0.2077922077922077,0.0484848484848484,1.0,0.0437217463718646,2.1666666666666665
a10,4,1,6,2,0.4545454545454546,0.3636363636363636,0.0909090909090909,0.4049586776859504,0.0136363636363636,2.0,0.1110020543829791,2.1666666666666665
a11,3,2,7,2,0.4545454545454546,0.2727272727272727,0.1818181818181818,0.3712121212121212,0.0909090909090909,1.0,0.1405113805093844,2.1666666666666665
