argument,predecessors,successors,predecessors_neighbors,successors_neighbors,degree_centrality,in_degree_centrality,out_degree_centrality,closeness_centrality,betweenness_centrality,average_neighbor_degree,pagerank,edge_node_ratio
a0,1,3,0,6,0.3076923076923077,0.0769230769230769,0.2307692307692307,0.0769230769230769,0.0384615384615384,2.0,0.0214686945817573,2.0714285714285716
a1,1,4,1,7,0.3846153846153846,0.0769230769230769,0.3076923076923077,0.1025641025641025,0.0341880341880341,1.75,0.0228116478955582,2.0714285714285716
a2,3,1,4,3,0.3076923076923077,0.2307692307692307,0.0769230769230769,0.2747252747252747,0.0587606837606837,3.0,0.0394272273685257,2.0714285714285716
a3,2,2,2,2,0.3076923076923077,0.1538461538461538,0.1538461538461538,0.1758241758241758,0.0138888888888888,1.0,0.0276896261117645,2.0714285714285716
a4,3,1,5,1,0.3076923076923077,0.2307692307692307,0.0769230769230769,0.2692307692307692,0.0769230769230769,1.0,0.0505775794398344,2.0714285714285716
a5,1,3,1,6,0.3076923076923077,0.0769230769230769,0.2307692307692307,0.1153846153846153,0.017094017094017,2.0,0.0215763256049278,2.0714285714285716
a6,2,3,4,3,0.3846153846153846,0.1538461538461538,0.2307692307692307,0.2517482517482517,0.1004273504273504,1.0,0.0563552937745318,2.0714285714285716
a7,3,0,5,0,0.2307692307692307,0.2307692307692307,0.0,0.40625,0.0,0.0,0.0990637261336816,2.0714285714285716
a8,2,2,3,1,0.3076923076923077,0.1538461538461538,0.1538461538461538,0.3573200992555831,0.032051282051282,0.5,0.0695187058466132,2.0714285714285716
a9,1,4,3,4,0.3846153846153846,0.0769230769230769,0.3076923076923077,0.2840236686390532,0.1217948717948717,1.0,0.1732789315276724,2.0714285714285716
a10,3,1,4,4,0.3076923076923077,0.2307692307692307,0.0769230769230769,0.3956043956043956,0.1666666666666666,4.0,0.1841796835477074,2.0714285714285716
a11,3,1,9,1,0.3076923076923077,0.2307692307692307,0.0769230769230769,0.4816053511705686,0.1794871794871795,1.0,0.1481022093035264,2.0714285714285716
a12,0,3,0,5,0.2307692307692307,0.0,0.2307692307692307,0.0,0.0,1.6666666666666667,0.0167288445088271,2.0714285714285716
a13,4,1,3,1,0.3846153846153846,0.3076923076923077,0.0769230769230769,0.291497975708502,0.0512820512820512,1.0,0.0692215043550714,2.0714285714285716
