argument,predecessors,successors,predecessors_neighbors,successors_neighbors,degree_centrality,in_degree_centrality,out_degree_centrality,closeness_centrality,betweenness_centrality,average_neighbor_degree,pagerank,edge_node_ratio
a0,1,4,1,5,0.4166666666666666,0.0833333333333333,0.3333333333333333,0.2688172043010752,0.0946969696969697,1.25,0.0677237204715516,2.076923076923077
a1,1,2,2,5,0.25,0.0833333333333333,0.1666666666666666,0.238095238095238,0.0441919191919191,2.5,0.046301148648402,2.076923076923077
a2,2,3,2,4,0.4166666666666666,0.1666666666666666,0.25,0.3205128205128205,0.2727272727272727,1.3333333333333333,0.0874015909358221,2.076923076923077
a3,2,2,3,2,0.3333333333333333,0.1666666666666666,0.1666666666666666,0.2873563218390805,0.0151515151515151,1.0,0.0550303281683703,2.076923076923077
a4,2,0,2,0,0.1666666666666666,0.1666666666666666,0.0,0.3151041666666666,0.0,0.0,0.0821151305651514,2.076923076923077
a5,1,2,2,4,0.25,0.0833333333333333,0.1666666666666666,0.2604166666666667,0.1338383838383838,2.0,0.046301148648402,2.076923076923077
a6,2,2,3,3,0.3333333333333333,0.1666666666666666,0.1666666666666666,0.2976190476190476,0.0858585858585858,1.5,0.0513314549228059,2.076923076923077
a7,1,3,1,7,0.3333333333333333,0.0833333333333333,0.25,0.219298245614035,0.0896464646464646,2.333333333333333,0.0412151990772192,2.076923076923077
a8,1,3,6,7,0.3333333333333333,0.0833333333333333,0.25,0.3623188405797101,0.4621212121212121,2.333333333333333,0.1630092016156587,2.076923076923077
a9,2,4,2,4,0.5,0.1666666666666666,0.3333333333333333,0.2976190476190476,0.0871212121212121,1.0,0.0476062014276755,2.076923076923077
a10,6,1,11,3,0.5833333333333333,0.5,0.0833333333333333,0.5555555555555556,0.4469696969696969,3.0,0.16643675627046,2.076923076923077
a11,3,1,5,1,0.3333333333333333,0.25,0.0833333333333333,0.3968253968253968,0.0328282828282828,1.0,0.0747193046608921,2.076923076923077
a12,3,0,5,0,0.25,0.25,0.0,0.3734567901234567,0.0,0.0,0.0708088145875886,2.076923076923077
