argument,predecessors,successors,predecessors_neighbors,successors_neighbors,degree_centrality,in_degree_centrality,out_degree_centrality,closeness_centrality,betweenness_centrality,average_neighbor_degree,pagerank,edge_node_ratio
a0,3,2,6,3,0.3333333333333333,0.2,0.1333333333333333,0.4545454545454545,0.2188888888888888,1.5,0.1230310187138504,2.0
a1,2,1,6,2,0.2,0.1333333333333333,0.0666666666666666,0.3571428571428571,0.0825396825396825,2.0,0.0634970558965998,2.0
a2,3,2,6,2,0.3333333333333333,0.2,0.1333333333333333,0.3947368421052631,0.1449206349206349,1.0,0.0902870598335392,2.0
a3,1,2,2,7,0.2,0.0666666666666666,0.1333333333333333,0.2941176470588235,0.1276984126984127,3.5,0.0445046526397086,2.0
a4,1,1,1,2,0.1333333333333333,0.0666666666666666,0.0666666666666666,0.2307692307692307,0.0,2.0,0.014782418801723,2.0
a5,1,3,2,4,0.2666666666666666,0.0666666666666666,0.2,0.2678571428571428,0.0779365079365079,1.3333333333333333,0.0190846841808995,2.0
a6,3,2,4,3,0.3333333333333333,0.2,0.1333333333333333,0.3191489361702128,0.1136507936507936,1.5,0.0370570448969348,2.0
a7,2,1,4,2,0.2,0.1333333333333333,0.0666666666666666,0.3260869565217391,0.1039682539682539,2.0,0.0531551336943029,2.0
a8,2,2,4,4,0.2666666666666666,0.1333333333333333,0.1333333333333333,0.3846153846153846,0.2126190476190476,2.0,0.0826571718656118,2.0
a9,2,2,5,4,0.2666666666666666,0.1333333333333333,0.1333333333333333,0.375,0.1212698412698412,2.0,0.0661203473353246,2.0
a10,2,2,4,4,0.2666666666666666,0.1333333333333333,0.1333333333333333,0.3488372093023256,0.0975396825396825,2.0,0.0726059002891598,2.0
a11,3,2,7,3,0.3333333333333333,0.2,0.1333333333333333,0.4054054054054054,0.1753968253968253,1.5,0.0656918505039166,2.0
a12,2,1,5,3,0.2,0.1333333333333333,0.0666666666666666,0.3488372093023256,0.1080952380952381,3.0,0.0470034199306461,2.0
a13,2,5,3,10,0.4666666666666667,0.1333333333333333,0.3333333333333333,0.3333333333333333,0.2915079365079365,2.0,0.0571161332348543,2.0
a14,2,3,3,9,0.3333333333333333,0.1333333333333333,0.2,0.3333333333333333,0.2850793650793651,3.0,0.1017432541795645,2.0
a15,1,1,3,3,0.1333333333333333,0.0666666666666666,0.0666666666666666,0.3260869565217391,0.1055555555555555,3.0,0.0616628540033634,2.0
