argument,predecessors,successors,predecessors_neighbors,successors_neighbors,degree_centrality,in_degree_centrality,out_degree_centrality,closeness_centrality,betweenness_centrality,average_neighbor_degree,pagerank,edge_node_ratio
a0,0,3,0,5,0.1764705882352941,0.0,0.1764705882352941,0.0,0.0,1.6666666666666667,0.0158326792392573,2.0
a1,4,1,3,3,0.2941176470588235,0.2352941176470588,0.0588235294117647,0.261609907120743,0.0643382352941176,3.0,0.0568743424603832,2.0
a2,2,2,3,4,0.2352941176470588,0.1176470588235294,0.1176470588235294,0.2840336134453781,0.1403186274509804,2.0,0.0551389815663838,2.0
a3,0,3,0,5,0.1764705882352941,0.0,0.1764705882352941,0.0,0.0,1.6666666666666667,0.0158326792392573,2.0
a4,2,0,5,0,0.1176470588235294,0.1176470588235294,0.0,0.3116057233704292,0.0,0.0,0.0689425606756904,2.0
a5,3,2,5,3,0.2941176470588235,0.1764705882352941,0.1176470588235294,0.3206831119544592,0.0618872549019607,1.5,0.0640378972971464,2.0
a6,1,2,2,5,0.1764705882352941,0.0588235294117647,0.1176470588235294,0.211514392991239,0.0386029411764706,2.5,0.0387906494779605,2.0
a7,2,2,3,3,0.2352941176470588,0.1176470588235294,0.1176470588235294,0.2761437908496731,0.0680147058823529,1.5,0.0540175147060329,2.0
a8,3,3,6,5,0.3529411764705882,0.1764705882352941,0.1764705882352941,0.3550420168067227,0.2910539215686274,1.6666666666666667,0.1228969466101856,2.0
a9,2,0,6,0,0.1176470588235294,0.1176470588235294,0.0,0.3137254901960784,0.0,0.0,0.0898665321685331,2.0
a10,3,1,6,0,0.2352941176470588,0.1764705882352941,0.0588235294117647,0.3577106518282989,0.0349264705882352,0.0,0.0692161405652827,2.0
a11,3,2,2,1,0.2941176470588235,0.1764705882352941,0.1176470588235294,0.2305882352941176,0.0294117647058823,0.5,0.0357617746602524,2.0
a12,0,4,0,8,0.2352941176470588,0.0,0.2352941176470588,0.0,0.0,2.0,0.0158326792392573,2.0
a13,2,3,2,5,0.2941176470588235,0.1176470588235294,0.1764705882352941,0.242467718794835,0.1011029411764705,1.6666666666666667,0.0426316814465152,2.0
a14,4,1,8,3,0.2941176470588235,0.2352941176470588,0.0588235294117647,0.3976470588235294,0.1911764705882352,3.0,0.0964043452363673,2.0
a15,2,3,7,3,0.2941176470588235,0.1176470588235294,0.1764705882352941,0.3427991886409736,0.1433823529411765,1.0,0.0913912484960794,2.0
a16,2,2,2,3,0.2352941176470588,0.1176470588235294,0.1176470588235294,0.261609907120743,0.034313725490196,1.5,0.0462128002347532,2.0
a17,1,2,0,4,0.1764705882352941,0.0588235294117647,0.1176470588235294,0.0588235294117647,0.0183823529411764,2.0,0.0203185466806609,2.0
