argument,predecessors,successors,predecessors_neighbors,successors_neighbors,degree_centrality,in_degree_centrality,out_degree_centrality,closeness_centrality,betweenness_centrality,average_neighbor_degree,pagerank,edge_node_ratio
a0,2,2,1,3,0.2857142857142857,0.1428571428571428,0.1428571428571428,0.2117794486215538,0.0567765567765567,1.5,0.0252816782542534,2.066666666666667
a1,1,1,3,2,0.1428571428571428,0.0714285714285714,0.0714285714285714,0.2944250871080139,0.0448717948717948,2.0,0.031194949865709,2.066666666666667
a2,1,2,2,5,0.2142857142857142,0.0714285714285714,0.1428571428571428,0.2624223602484472,0.0924908424908425,2.5,0.0976459169104244,2.066666666666667
a3,1,3,1,5,0.2857142857142857,0.0714285714285714,0.2142857142857142,0.2366946778711484,0.0952380952380952,1.6666666666666667,0.0312822390388551,2.066666666666667
a4,2,1,4,3,0.2142857142857142,0.1428571428571428,0.0714285714285714,0.3658008658008658,0.097069597069597,3.0,0.049297992568743,2.066666666666667
a5,3,2,4,2,0.3571428571428571,0.2142857142857142,0.1428571428571428,0.3772321428571428,0.0888278388278388,1.0,0.0432974317841413,2.066666666666667
a6,5,1,10,4,0.4285714285714285,0.3571428571428571,0.0714285714285714,0.4311224489795918,0.2161172161172161,4.0,0.0873073793369984,2.066666666666667
a7,0,3,0,8,0.2142857142857142,0.0,0.2142857142857142,0.0,0.0,2.6666666666666665,0.0127935490837742,2.066666666666667
a8,3,2,7,5,0.3571428571428571,0.2142857142857142,0.1428571428571428,0.416256157635468,0.1978021978021978,2.5,0.0967233361939859,2.066666666666667
a9,2,0,4,0,0.1428571428571428,0.1428571428571428,0.0,0.3888888888888889,0.0,0.0,0.049297992568743,2.066666666666667
a10,3,4,5,4,0.5,0.2142857142857142,0.2857142857142857,0.3894009216589862,0.3397435897435897,1.0,0.084781583992535,2.066666666666667
a11,1,4,5,5,0.3571428571428571,0.0714285714285714,0.2857142857142857,0.3017857142857143,0.2161172161172161,1.25,0.087005040098532,2.066666666666667
a12,2,3,3,8,0.3571428571428571,0.1428571428571428,0.2142857142857142,0.3353174603174603,0.228021978021978,2.6666666666666665,0.0961963451378099,2.066666666666667
a13,3,2,4,3,0.3571428571428571,0.2142857142857142,0.1428571428571428,0.3772321428571428,0.1245421245421245,1.5,0.1080655294617886,2.066666666666667
a14,2,1,6,2,0.2142857142857142,0.1428571428571428,0.0714285714285714,0.3448979591836735,0.0924908424908425,2.0,0.0998290357037059,2.066666666666667
