argument,predecessors,successors,predecessors_neighbors,successors_neighbors,degree_centrality,in_degree_centrality,out_degree_centrality,closeness_centrality,betweenness_centrality,average_neighbor_degree,pagerank,edge_node_ratio
a0,2,1,5,3,0.2727272727272727,0.1818181818181818,0.0909090909090909,0.4230769230769231,0.1727272727272727,3.0,0.0915057834603576,2.0
a1,0,2,0,4,0.1818181818181818,0.0,0.1818181818181818,0.0,0.0,2.0,0.0125,2.0
a2,4,2,6,3,0.5454545454545454,0.3636363636363636,0.1818181818181818,0.5,0.1590909090909091,1.5,0.1031205608559459,2.0
a3,2,1,6,2,0.2727272727272727,0.1818181818181818,0.0909090909090909,0.4583333333333333,0.1181818181818181,2.0,0.0951518108559459,2.0
a4,3,3,5,4,0.5454545454545454,0.2727272727272727,0.2727272727272727,0.4583333333333333,0.25,1.3333333333333333,0.1347919805868033,2.0
a5,2,2,2,2,0.3636363636363636,0.1818181818181818,0.1818181818181818,0.3666666666666666,0.1227272727272727,1.0,0.0960347516975339,2.0
a6,2,1,4,2,0.2727272727272727,0.1818181818181818,0.0909090909090909,0.3928571428571428,0.0272727272727272,2.0,0.0751463569086946,2.0
a7,1,3,2,5,0.3636363636363636,0.0909090909090909,0.2727272727272727,0.3235294117647059,0.1545454545454545,1.6666666666666667,0.0902806332696999,2.0
a8,3,2,5,4,0.4545454545454546,0.2727272727272727,0.1818181818181818,0.4583333333333333,0.1681818181818181,2.0,0.0872178872269046,2.0
a9,3,2,3,3,0.4545454545454546,0.2727272727272727,0.1818181818181818,0.4074074074074074,0.15,1.5,0.1046104375110001,2.0
a10,2,1,6,3,0.2727272727272727,0.1818181818181818,0.0909090909090909,0.44,0.0772727272727272,3.0,0.0971397976271135,2.0
a11,0,4,0,9,0.3636363636363636,0.0,0.3636363636363636,0.0,0.0,2.25,0.0125,2.0
