argument,predecessors,successors,predecessors_neighbors,successors_neighbors,degree_centrality,in_degree_centrality,out_degree_centrality,closeness_centrality,betweenness_centrality,average_neighbor_degree,pagerank,edge_node_ratio
a0,1,1,1,1,0.5,0.25,0.25,0.375,0.0833333333333333,1.0,0.1863072409227883,1.0
a1,0,1,0,1,0.25,0.0,0.25,0.0,0.0,1.0,0.0616723666758481,1.0
a2,2,1,1,2,0.75,0.5,0.25,0.5625,0.4166666666666666,2.0,0.2724554091607107,1.0
a3,1,0,1,0,0.25,0.25,0.0,0.4444444444444444,0.0,0.0,0.1863072409227883,1.0
a4,1,2,2,1,0.75,0.25,0.5,0.4499999999999999,0.4166666666666666,0.5,0.2932577423178646,1.0
