argument,predecessors,successors,predecessors_neighbors,successors_neighbors,degree_centrality,in_degree_centrality,out_degree_centrality,closeness_centrality,betweenness_centrality,average_neighbor_degree,pagerank,edge_node_ratio
a0,4,3,2,2,1.4,0.8,0.6000000000000001,0.8,0.5,0.6666666666666666,0.410002405439024,1.1666666666666667
a1,0,1,0,3,0.2,0.0,0.2,0.0,0.0,3.0,0.0482995106168951,1.1666666666666667
a2,0,1,0,3,0.2,0.0,0.2,0.0,0.0,3.0,0.0482995106168951,1.1666666666666667
a3,1,1,4,3,0.4,0.2,0.2,0.4571428571428571,0.0,3.0,0.1644661911090618,1.1666666666666667
a4,1,0,4,0,0.2,0.2,0.0,0.5555555555555556,0.0,0.0,0.1644661911090618,1.1666666666666667
a5,1,1,4,3,0.4,0.2,0.2,0.4571428571428571,0.0,3.0,0.1644661911090618,1.1666666666666667
