argument,predecessors,successors,predecessors_neighbors,successors_neighbors,degree_centrality,in_degree_centrality,out_degree_centrality,closeness_centrality,betweenness_centrality,average_neighbor_degree,pagerank,edge_node_ratio
a0,3,3,5,4,1.5,0.75,0.75,0.8,0.7083333333333333,1.3333333333333333,0.3833755093826738,1.8
a1,2,2,4,5,1.0,0.5,0.5,0.6666666666666666,0.3333333333333333,2.5,0.1847427845192993,1.8
a2,1,2,2,3,0.75,0.25,0.5,0.4444444444444444,0.0416666666666666,1.5,0.1085153290881667,1.8
a3,1,1,3,3,0.5,0.25,0.25,0.5,0.0,3.0,0.1386235924905607,1.8
a4,2,1,4,3,0.75,0.5,0.25,0.6666666666666666,0.0833333333333333,3.0,0.1847427845192993,1.8
