argument,predecessors,successors,predecessors_neighbors,successors_neighbors,degree_centrality,in_degree_centrality,out_degree_centrality,closeness_centrality,betweenness_centrality,average_neighbor_degree,pagerank,edge_node_ratio
a0,1,2,2,3,0.6000000000000001,0.2,0.4,0.36,0.2,1.5,0.2033071339296767,1.5
a1,4,0,3,0,0.8,0.8,0.0,0.8333333333333334,0.0,0.0,0.3033955177752989,1.5
a2,1,2,1,1,0.6000000000000001,0.2,0.4,0.3,0.0,0.5,0.1117235365655784,1.5
a3,2,1,2,2,0.6000000000000001,0.4,0.2,0.4499999999999999,0.15,2.0,0.1592061282880458,1.5
a4,1,3,1,3,0.8,0.2,0.6000000000000001,0.3,0.15,1.0,0.1543866251751176,1.5
a5,0,1,0,0,0.2,0.0,0.2,0.0,0.0,0.0,0.0679810582662822,1.5
