argument,predecessors,successors,predecessors_neighbors,successors_neighbors,degree_centrality,in_degree_centrality,out_degree_centrality,closeness_centrality,betweenness_centrality,average_neighbor_degree,pagerank,edge_node_ratio
a0,1,4,2,7,1.0,0.2,0.8,0.4,0.35,1.75,0.1962123944501838,2.0
a1,3,0,5,0,0.6000000000000001,0.6000000000000001,0.0,0.7142857142857143,0.0,0.0,0.2083887205141935,2.0
a2,2,1,4,4,0.6000000000000001,0.4,0.2,0.5333333333333333,0.3,4.0,0.1666936656041575,2.0
a3,2,1,2,2,0.6000000000000001,0.4,0.2,0.4571428571428571,0.0,2.0,0.1166627749444796,2.0
a4,3,2,4,1,1.0,0.6000000000000001,0.4,0.6400000000000001,0.225,0.5,0.2158255960872179,2.0
a5,1,4,1,4,1.0,0.2,0.8,0.32,0.025,1.0,0.0962168483997672,2.0
