argument,predecessors,successors,predecessors_neighbors,successors_neighbors,degree_centrality,in_degree_centrality,out_degree_centrality,closeness_centrality,betweenness_centrality,average_neighbor_degree,pagerank,edge_node_ratio
a0,1,0,1,0,0.25,0.25,0.0,0.375,0.0,0.0,0.1115184564726222,1.4
a1,1,0,1,0,0.25,0.25,0.0,0.375,0.0,0.0,0.1115184564726222,1.4
a2,1,4,2,3,1.25,0.25,1.0,0.3333333333333333,0.3333333333333333,0.75,0.2051858283818634,1.4
a3,2,2,3,5,1.0,0.5,0.5,0.5,0.25,2.5,0.3229891348832629,1.4
a4,2,1,3,2,0.75,0.5,0.25,0.5,0.0,2.0,0.2487881237896293,1.4
