argument,predecessors,successors,predecessors_neighbors,successors_neighbors,degree_centrality,in_degree_centrality,out_degree_centrality,closeness_centrality,betweenness_centrality,average_neighbor_degree,pagerank,edge_node_ratio
a0,0,1,0,2,0.2,0.0,0.2,0.0,0.0,2.0,0.1005951778692378,1.0
a1,1,0,1,0,0.2,0.2,0.0,0.3,0.0,0.0,0.1515069431590315,1.0
a2,1,0,1,0,0.2,0.2,0.0,0.3,0.0,0.0,0.1515069431590315,1.0
a3,1,2,0,3,0.6000000000000001,0.2,0.4,0.2,0.2,1.5,0.1861015178793585,1.0
a4,1,3,1,0,0.8,0.2,0.6000000000000001,0.2666666666666666,0.2,0.0,0.1796888263217732,1.0
a5,2,0,2,0,0.4,0.4,0.0,0.4499999999999999,0.0,0.0,0.2306005916115668,1.0
