argument,predecessors,successors,predecessors_neighbors,successors_neighbors,degree_centrality,in_degree_centrality,out_degree_centrality,closeness_centrality,betweenness_centrality,average_neighbor_degree,pagerank,edge_node_ratio
a0,0,1,0,2,0.2,0.0,0.2,0.0,0.0,2.0,0.0896695324901101,1.0
a1,3,0,3,0,0.6000000000000001,0.6000000000000001,0.0,0.6400000000000001,0.0,0.0,0.3668206861975442,1.0
a2,0,0,0,0,0.0,0.0,0.0,0.0,0.0,0.0,0.0896695324901101,1.0
a3,2,1,1,0,0.6000000000000001,0.4,0.2,0.4499999999999999,0.0,0.0,0.1982817954405527,1.0
a4,0,2,0,1,0.4,0.0,0.4,0.0,0.0,0.5,0.0896695324901101,1.0
a5,1,2,0,1,0.6000000000000001,0.2,0.4,0.2,0.1,0.5,0.1658889208915723,1.0
