argument,predecessors,successors,predecessors_neighbors,successors_neighbors,degree_centrality,in_degree_centrality,out_degree_centrality,closeness_centrality,betweenness_centrality,average_neighbor_degree,pagerank,edge_node_ratio
a0,1,1,0,0,0.4,0.2,0.2,0.2,0.05,0.0,0.1785143024335952,1.0
a1,0,3,0,1,0.6000000000000001,0.0,0.6000000000000001,0.0,0.0,0.3333333333333333,0.0964940069244264,1.0
a2,0,1,0,1,0.2,0.0,0.2,0.0,0.0,1.0,0.0964940069244264,1.0
a3,2,0,1,0,0.4,0.4,0.0,0.4499999999999999,0.0,0.0,0.275570483249226,1.0
a4,2,0,1,0,0.4,0.4,0.0,0.4,0.0,0.0,0.229093095040843,1.0
a5,1,1,0,0,0.4,0.2,0.2,0.2,0.0,0.0,0.1238341054274827,1.0
