argument,predecessors,successors,predecessors_neighbors,successors_neighbors,degree_centrality,in_degree_centrality,out_degree_centrality,closeness_centrality,betweenness_centrality,average_neighbor_degree,pagerank,edge_node_ratio
a0,0,1,0,1,0.2,0.0,0.2,0.0,0.0,1.0,0.025,1.1666666666666667
a1,3,1,3,2,0.8,0.6000000000000001,0.2,0.7142857142857143,0.2,2.0,0.25875,1.1666666666666667
a2,0,1,0,1,0.2,0.0,0.2,0.0,0.0,1.0,0.025,1.1666666666666667
a3,3,2,4,2,1.0,0.6000000000000001,0.4,0.7142857142857143,0.3,1.0,0.45,1.1666666666666667
a4,1,1,3,2,0.4,0.2,0.2,0.4545454545454545,0.0,2.0,0.21625,1.1666666666666667
a5,0,1,0,2,0.2,0.0,0.2,0.0,0.0,2.0,0.025,1.1666666666666667
