argument,predecessors,successors,predecessors_neighbors,successors_neighbors,degree_centrality,in_degree_centrality,out_degree_centrality,closeness_centrality,betweenness_centrality,average_neighbor_degree,pagerank,edge_node_ratio
a0,1,0,1,0,0.2,0.2,0.0,0.3333333333333333,0.0,0.0,0.1038274175868967,1.1666666666666667
a1,2,1,2,1,0.6000000000000001,0.4,0.2,0.5333333333333333,0.3,1.0,0.1948923846951569,1.1666666666666667
a2,1,2,1,1,0.6000000000000001,0.2,0.4,0.32,0.35,0.5,0.1508670733204805,1.1666666666666667
a3,1,1,2,2,0.4,0.2,0.2,0.4,0.35,2.0,0.2053674037649232,1.1666666666666667
a4,1,2,1,2,0.6000000000000001,0.2,0.4,0.32,0.4,1.0,0.2142719329305605,1.1666666666666667
a5,1,1,1,2,0.4,0.2,0.2,0.32,0.3,2.0,0.1307737877019816,1.1666666666666667
