argument,predecessors,successors,predecessors_neighbors,successors_neighbors,degree_centrality,in_degree_centrality,out_degree_centrality,closeness_centrality,betweenness_centrality,average_neighbor_degree,pagerank,edge_node_ratio
a0,2,1,2,3,0.75,0.5,0.25,0.5625,0.0833333333333333,3.0,0.1931296208273518,1.4
a1,0,2,0,2,0.5,0.0,0.5,0.0,0.0,1.0,0.0585981913499232,1.4
a2,2,1,2,3,0.75,0.5,0.25,0.5625,0.0833333333333333,3.0,0.1931296208273518,1.4
a3,1,0,2,0,0.25,0.25,0.0,0.5,0.0,0.0,0.1682253203731816,1.4
a4,2,3,4,2,1.25,0.5,0.75,0.5625,0.4166666666666666,0.6666666666666666,0.3869172466221913,1.4
