argument,predecessors,successors,predecessors_neighbors,successors_neighbors,degree_centrality,in_degree_centrality,out_degree_centrality,closeness_centrality,betweenness_centrality,average_neighbor_degree,pagerank,edge_node_ratio
a0,2,1,1,1,0.6000000000000001,0.4,0.2,0.4571428571428571,0.1,1.0,0.2923082130861186,1.0
a1,1,1,2,1,0.4,0.2,0.2,0.4,0.1,1.0,0.2950649889212595,1.0
a2,2,1,3,1,0.6000000000000001,0.4,0.2,0.5333333333333333,0.2,1.0,0.312869516439224,1.0
a3,1,1,0,1,0.4,0.2,0.2,0.2,0.05,1.0,0.041504854368932,1.0
a4,0,0,0,0,0.0,0.0,0.0,0.0,0.0,0.0,0.029126213592233,1.0
a5,0,2,0,2,0.4,0.0,0.4,0.0,0.0,1.0,0.029126213592233,1.0
