argument,predecessors,successors,predecessors_neighbors,successors_neighbors,degree_centrality,in_degree_centrality,out_degree_centrality,closeness_centrality,betweenness_centrality,average_neighbor_degree,pagerank,edge_node_ratio
a0,2,4,3,3,1.2000000000000002,0.4,0.8,0.4499999999999999,0.5,0.75,0.2564083547499128,1.3333333333333333
a1,1,1,2,4,0.4,0.2,0.2,0.3,0.0,4.0,0.110911471475566,1.3333333333333333
a2,2,2,3,5,0.8,0.4,0.4,0.4499999999999999,0.3,2.5,0.2487238907549151,1.3333333333333333
a3,1,0,2,0,0.2,0.2,0.0,0.4,0.0,0.0,0.110911471475566,1.3333333333333333
a4,1,0,2,0,0.2,0.2,0.0,0.4,0.0,0.0,0.110911471475566,1.3333333333333333
a5,1,1,2,2,0.4,0.2,0.2,0.3,0.0,2.0,0.1621333400684738,1.3333333333333333
