argument,predecessors,successors,predecessors_neighbors,successors_neighbors,degree_centrality,in_degree_centrality,out_degree_centrality,closeness_centrality,betweenness_centrality,average_neighbor_degree,pagerank,edge_node_ratio
a0,3,2,4,4,1.25,0.75,0.5,0.8,0.6666666666666666,2.0,0.345545563925808,1.6
a1,1,1,3,2,0.5,0.25,0.25,0.5,0.0,2.0,0.1768571594189468,1.6
a2,1,1,2,3,0.5,0.25,0.25,0.4444444444444444,0.0,3.0,0.1055226523042404,1.6
a3,1,1,2,2,0.5,0.25,0.25,0.5,0.0,2.0,0.1055226523042404,1.6
a4,2,3,4,4,1.25,0.5,0.75,0.6666666666666666,0.6666666666666666,1.3333333333333333,0.2665519720467643,1.6
