argument,predecessors,successors,predecessors_neighbors,successors_neighbors,degree_centrality,in_degree_centrality,out_degree_centrality,closeness_centrality,betweenness_centrality,average_neighbor_degree,pagerank,edge_node_ratio
a0,2,1,2,2,0.75,0.5,0.25,0.5,0.0833333333333333,2.0,0.2531188317089228,1.2
a1,1,0,1,0,0.25,0.25,0.0,0.375,0.0,0.0,0.1301262041583712,1.2
a2,1,2,2,4,0.75,0.25,0.5,0.3333333333333333,0.25,2.0,0.2893932577745227,1.2
a3,1,0,1,0,0.25,0.25,0.0,0.375,0.0,0.0,0.1301262041583712,1.2
a4,1,3,1,1,1.0,0.25,0.75,0.3333333333333333,0.3333333333333333,0.3333333333333333,0.1972355021998121,1.2
