argument,predecessors,successors,predecessors_neighbors,successors_neighbors,degree_centrality,in_degree_centrality,out_degree_centrality,closeness_centrality,betweenness_centrality,average_neighbor_degree,pagerank,edge_node_ratio
a0,2,1,3,1,0.6000000000000001,0.4,0.2,0.5555555555555556,0.025,1.0,0.1612233547967145,1.6666666666666667
a1,0,1,0,4,0.2,0.0,0.2,0.0,0.0,4.0,0.025,1.6666666666666667
a2,2,1,3,1,0.6000000000000001,0.4,0.2,0.5555555555555556,0.025,1.0,0.1612233547967145,1.6666666666666667
a3,2,2,4,2,0.8,0.4,0.4,0.625,0.2,1.0,0.2973977955922081,1.6666666666666667
a4,1,4,0,5,1.0,0.2,0.8,0.2,0.2,1.25,0.04625,1.6666666666666667
a5,3,1,5,2,0.8,0.6000000000000001,0.2,0.7142857142857143,0.2,2.0,0.3089054948143625,1.6666666666666667
