argument,predecessors,successors,predecessors_neighbors,successors_neighbors,degree_centrality,in_degree_centrality,out_degree_centrality,closeness_centrality,betweenness_centrality,average_neighbor_degree,pagerank,edge_node_ratio
a0,0,2,0,2,0.4,0.0,0.4,0.0,0.0,1.0,0.0884517854575231,1.1666666666666667
a1,2,0,1,0,0.4,0.4,0.0,0.4571428571428571,0.0,0.0,0.1999828092137652,1.1666666666666667
a2,2,2,0,2,0.8,0.4,0.4,0.4,0.25,1.0,0.2012283278537044,1.1666666666666667
a3,1,2,2,0,0.6000000000000001,0.2,0.4,0.36,0.1,0.0,0.1739732245299842,1.1666666666666667
a4,0,1,0,2,0.2,0.0,0.2,0.0,0.0,2.0,0.0884517854575231,1.1666666666666667
a5,2,0,3,0,0.4,0.4,0.0,0.5333333333333333,0.0,0.0,0.2479120674874992,1.1666666666666667
