argument,predecessors,successors,predecessors_neighbors,successors_neighbors,degree_centrality,in_degree_centrality,out_degree_centrality,closeness_centrality,betweenness_centrality,average_neighbor_degree,pagerank,edge_node_ratio
a0,0,1,0,0,0.2,0.0,0.2,0.0,0.0,0.0,0.1063832043594496,0.6666666666666666
a1,0,1,0,0,0.2,0.0,0.2,0.0,0.0,0.0,0.1063832043594496,0.6666666666666666
a2,2,0,0,0,0.4,0.4,0.0,0.4,0.0,0.0,0.2872335912811006,0.6666666666666666
a3,0,1,0,0,0.2,0.0,0.2,0.0,0.0,0.0,0.1063832043594496,0.6666666666666666
a4,2,0,0,0,0.4,0.4,0.0,0.4,0.0,0.0,0.2872335912811006,0.6666666666666666
a5,0,1,0,0,0.2,0.0,0.2,0.0,0.0,0.0,0.1063832043594496,0.6666666666666666
