argument,predecessors,successors,predecessors_neighbors,successors_neighbors,degree_centrality,in_degree_centrality,out_degree_centrality,closeness_centrality,betweenness_centrality,average_neighbor_degree,pagerank,edge_node_ratio
a0,1,1,1,1,0.4,0.2,0.2,0.3333333333333333,0.2,1.0,0.1012301059309335,1.3333333333333333
a1,1,1,3,3,0.4,0.2,0.2,0.5,0.6000000000000001,3.0,0.2391630470033872,1.3333333333333333
a2,1,1,1,1,0.4,0.2,0.2,0.3333333333333333,0.0,1.0,0.0896814035409967,1.3333333333333333
a3,1,1,1,1,0.4,0.2,0.2,0.3571428571428571,0.2,1.0,0.0896814035409967,1.3333333333333333
a4,1,3,1,3,0.8,0.2,0.6000000000000001,0.3846153846153846,0.6000000000000001,1.0,0.2282869404704618,1.3333333333333333
a5,3,1,3,1,0.8,0.6000000000000001,0.2,0.7142857142857143,0.6000000000000001,1.0,0.2519570995132237,1.3333333333333333
