argument,predecessors,successors,predecessors_neighbors,successors_neighbors,degree_centrality,in_degree_centrality,out_degree_centrality,closeness_centrality,betweenness_centrality,average_neighbor_degree,pagerank,edge_node_ratio
a0,1,0,0,0,0.2,0.2,0.0,0.2,0.0,0.0,0.1658889208915723,0.8333333333333334
a1,2,1,1,0,0.6000000000000001,0.4,0.2,0.4,0.1,0.0,0.2363914896412838,0.8333333333333334
a2,0,2,0,2,0.4,0.0,0.4,0.0,0.0,1.0,0.0896695324901101,0.8333333333333334
a3,0,1,0,0,0.2,0.0,0.2,0.0,0.0,0.0,0.0896695324901101,0.8333333333333334
a4,1,0,2,0,0.2,0.2,0.0,0.36,0.0,0.0,0.290601297796082,0.8333333333333334
a5,1,1,0,1,0.4,0.2,0.2,0.2,0.0,1.0,0.1277792266908412,0.8333333333333334
