argument,predecessors,successors,predecessors_neighbors,successors_neighbors,degree_centrality,in_degree_centrality,out_degree_centrality,closeness_centrality,betweenness_centrality,average_neighbor_degree,pagerank,edge_node_ratio
a0,3,2,4,2,1.25,0.75,0.5,0.8,0.3333333333333333,1.0,0.4618908384708405,1.4
a1,2,1,3,2,0.75,0.5,0.25,0.6666666666666666,0.0416666666666666,2.0,0.2390545807645798,1.4
a2,0,2,0,2,0.5,0.0,0.5,0.0,0.0,1.0,0.03,1.4
a3,2,1,3,2,0.75,0.5,0.25,0.6666666666666666,0.0416666666666666,2.0,0.2390545807645798,1.4
a4,0,1,0,2,0.25,0.0,0.25,0.0,0.0,2.0,0.03,1.4
