argument,predecessors,successors,predecessors_neighbors,successors_neighbors,degree_centrality,in_degree_centrality,out_degree_centrality,closeness_centrality,betweenness_centrality,average_neighbor_degree,pagerank,edge_node_ratio
a0,1,0,0,0,0.2,0.2,0.0,0.2,0.0,0.0,0.2080292444478314,0.3333333333333333
a1,0,2,0,0,0.4,0.0,0.4,0.0,0.0,0.0,0.1459853777760841,0.3333333333333333
a2,0,0,0,0,0.0,0.0,0.0,0.0,0.0,0.0,0.1459853777760841,0.3333333333333333
a3,1,0,0,0,0.2,0.2,0.0,0.2,0.0,0.0,0.2080292444478314,0.3333333333333333
a4,0,0,0,0,0.0,0.0,0.0,0.0,0.0,0.0,0.1459853777760841,0.3333333333333333
a5,0,0,0,0,0.0,0.0,0.0,0.0,0.0,0.0,0.1459853777760841,0.3333333333333333
