argument,predecessors,successors,predecessors_neighbors,successors_neighbors,degree_centrality,in_degree_centrality,out_degree_centrality,closeness_centrality,betweenness_centrality,average_neighbor_degree,pagerank,edge_node_ratio
a0,3,2,6,4,1.0,0.6000000000000001,0.4,0.7142857142857143,0.275,2.0,0.2095982428571866,2.1666666666666665
a1,2,2,5,5,0.8,0.4,0.4,0.625,0.25,2.5,0.2297904074150629,2.1666666666666665
a2,2,3,3,5,1.0,0.4,0.6000000000000001,0.625,0.15,1.6666666666666667,0.1549836767596696,2.1666666666666665
a3,1,3,3,6,0.8,0.2,0.6000000000000001,0.5,0.1,2.0,0.1140793326325525,2.1666666666666665
a4,3,1,6,2,0.8,0.6000000000000001,0.2,0.7142857142857143,0.1,2.0,0.1903138364840402,2.1666666666666665
a5,2,2,3,4,0.8,0.4,0.4,0.5555555555555556,0.075,2.0,0.1012345038514876,2.1666666666666665
