argument,predecessors,successors,predecessors_neighbors,successors_neighbors,degree_centrality,in_degree_centrality,out_degree_centrality,closeness_centrality,betweenness_centrality,average_neighbor_degree,pagerank,edge_node_ratio
a0,2,1,1,1,0.75,0.5,0.25,0.5714285714285714,0.5,1.0,0.2533475360204251,1.0
a1,1,1,1,1,0.5,0.25,0.25,0.4,0.25,1.0,0.232761807082853,1.0
a2,1,1,1,1,0.5,0.25,0.25,0.4444444444444444,0.3333333333333333,1.0,0.2385433024504153,1.0
a3,1,1,2,1,0.5,0.25,0.25,0.5,0.4166666666666666,1.0,0.2453473544463064,1.0
a4,0,1,0,1,0.25,0.0,0.25,0.0,0.0,1.0,0.03,1.0
