argument,predecessors,successors,predecessors_neighbors,successors_neighbors,degree_centrality,in_degree_centrality,out_degree_centrality,closeness_centrality,betweenness_centrality,average_neighbor_degree,pagerank,edge_node_ratio
a0,3,3,4,5,1.5,0.75,0.75,0.8,0.7083333333333333,1.6666666666666667,0.2941112913345177,1.8
a1,1,2,3,4,0.75,0.25,0.5,0.5,0.0833333333333333,2.0,0.1133319223105689,1.8
a2,2,1,3,2,0.75,0.5,0.25,0.5714285714285714,0.0416666666666666,2.0,0.1977795471363229,1.8
a3,2,2,5,4,1.0,0.5,0.5,0.6666666666666666,0.3333333333333333,2.0,0.2814453169080215,1.8
a4,1,1,3,3,0.5,0.25,0.25,0.5,0.0,3.0,0.1133319223105689,1.8
