argument,predecessors,successors,predecessors_neighbors,successors_neighbors,degree_centrality,in_degree_centrality,out_degree_centrality,closeness_centrality,betweenness_centrality,average_neighbor_degree,pagerank,edge_node_ratio
a0,1,1,0,0,0.4,0.2,0.2,0.2,0.05,0.0,0.1705858101763189,0.6666666666666666
a1,0,1,0,1,0.2,0.0,0.2,0.0,0.0,1.0,0.0922083816533821,0.6666666666666666
a2,0,1,0,1,0.2,0.0,0.2,0.0,0.0,1.0,0.0922083816533821,0.6666666666666666
a3,2,0,2,0,0.4,0.4,0.0,0.5333333333333333,0.0,0.0,0.3822032346872155,0.6666666666666666
a4,1,1,0,0,0.4,0.2,0.2,0.2,0.05,0.0,0.1705858101763189,0.6666666666666666
a5,0,0,0,0,0.0,0.0,0.0,0.0,0.0,0.0,0.0922083816533821,0.6666666666666666
