argument,predecessors,successors,predecessors_neighbors,successors_neighbors,degree_centrality,in_degree_centrality,out_degree_centrality,closeness_centrality,betweenness_centrality,average_neighbor_degree,pagerank,edge_node_ratio
a0,0,1,0,1,0.2,0.0,0.2,0.0,0.0,1.0,0.0805315282130771,1.0
a1,2,1,0,0,0.6000000000000001,0.4,0.2,0.4,0.075,0.0,0.1832087383571874,1.0
a2,2,1,0,0,0.6000000000000001,0.4,0.2,0.4,0.075,0.0,0.1832087383571874,1.0
a3,0,2,0,2,0.4,0.0,0.4,0.0,0.0,1.0,0.0805315282130771,1.0
a4,2,0,4,0,0.4,0.4,0.0,0.625,0.0,0.0,0.3919879386463934,1.0
a5,0,1,0,1,0.2,0.0,0.2,0.0,0.0,1.0,0.0805315282130771,1.0
