argument,predecessors,successors,predecessors_neighbors,successors_neighbors,degree_centrality,in_degree_centrality,out_degree_centrality,closeness_centrality,betweenness_centrality,average_neighbor_degree,pagerank,edge_node_ratio
a0,1,0,2,0,0.25,0.25,0.0,0.5,0.0,0.0,0.2523901496407073,1.2
a1,1,2,2,2,0.75,0.25,0.5,0.3333333333333333,0.1666666666666666,1.0,0.2523901496407073,1.2
a2,2,1,1,0,0.75,0.5,0.25,0.5625,0.25,0.0,0.2111567752771815,1.2
a3,0,2,0,2,0.5,0.0,0.5,0.0,0.0,1.0,0.0729061501642224,1.2
a4,2,1,1,2,0.75,0.5,0.25,0.5,0.0833333333333333,2.0,0.2111567752771815,1.2
