argument,predecessors,successors,predecessors_neighbors,successors_neighbors,degree_centrality,in_degree_centrality,out_degree_centrality,closeness_centrality,betweenness_centrality,average_neighbor_degree,pagerank,edge_node_ratio
a0,2,1,2,1,0.6000000000000001,0.4,0.2,0.5,0.2,1.0,0.2329978246724772,1.5
a1,2,1,2,1,0.6000000000000001,0.4,0.2,0.5555555555555556,0.25,1.0,0.2384560682500346,1.5
a2,0,4,0,4,0.8,0.0,0.8,0.0,0.0,1.0,0.025,1.5
a3,1,1,0,1,0.4,0.2,0.2,0.2,0.025,1.0,0.0303125,1.5
a4,2,1,3,1,0.6000000000000001,0.4,0.2,0.5555555555555556,0.3,1.0,0.2448729561058821,1.5
a5,2,1,2,1,0.6000000000000001,0.4,0.2,0.4545454545454545,0.175,1.0,0.2283606509716056,1.5
