argument,predecessors,successors,predecessors_neighbors,successors_neighbors,degree_centrality,in_degree_centrality,out_degree_centrality,closeness_centrality,betweenness_centrality,average_neighbor_degree,pagerank,edge_node_ratio
a0,1,1,3,3,0.5,0.25,0.25,0.5,0.0,3.0,0.1347618458902703,1.8
a1,2,3,4,5,1.25,0.5,0.75,0.6666666666666666,0.5,1.6666666666666667,0.211102111495015,1.8
a2,3,3,5,5,1.5,0.75,0.75,0.8,0.6666666666666666,1.6666666666666667,0.369748956413068,1.8
a3,1,1,2,3,0.5,0.25,0.25,0.4444444444444444,0.0,3.0,0.089812620155688,1.8
a4,2,1,5,3,0.75,0.5,0.25,0.6666666666666666,0.0,3.0,0.1945744660459584,1.8
