argument,predecessors,successors,predecessors_neighbors,successors_neighbors,degree_centrality,in_degree_centrality,out_degree_centrality,closeness_centrality,betweenness_centrality,average_neighbor_degree,pagerank,edge_node_ratio
a0,1,1,0,2,0.4,0.2,0.2,0.2,0.1,2.0,0.1433483478742982,0.8333333333333334
a1,1,2,1,0,0.6000000000000001,0.2,0.4,0.2666666666666666,0.15,0.0,0.2224419963268335,0.8333333333333334
a2,1,0,1,0,0.2,0.2,0.0,0.3,0.0,0.0,0.1951330650276658,0.8333333333333334
a3,0,0,0,0,0.0,0.0,0.0,0.0,0.0,0.0,0.1005951778692378,0.8333333333333334
a4,0,2,0,1,0.4,0.0,0.4,0.0,0.0,0.5,0.1005951778692378,0.8333333333333334
a5,2,0,1,0,0.4,0.4,0.0,0.4499999999999999,0.0,0.0,0.2378862350327261,0.8333333333333334
