argument,predecessors,successors,predecessors_neighbors,successors_neighbors,degree_centrality,in_degree_centrality,out_degree_centrality,closeness_centrality,betweenness_centrality,average_neighbor_degree,pagerank,edge_node_ratio
a0,4,0,5,0,0.8,0.8,0.0,0.8333333333333334,0.0,0.0,0.321993799891009,1.8333333333333333
a1,0,4,0,4,0.8,0.0,0.8,0.0,0.0,1.0,0.0706156740273071,1.8333333333333333
a2,2,1,1,0,0.6000000000000001,0.4,0.2,0.4571428571428571,0.0,0.0,0.1291595187552047,1.8333333333333333
a3,2,2,2,3,0.8,0.4,0.4,0.4499999999999999,0.2,1.5,0.1954081160112283,1.8333333333333333
a4,1,3,2,2,0.8,0.2,0.6000000000000001,0.36,0.15,0.6666666666666666,0.1536633725600459,1.8333333333333333
a5,2,1,1,2,0.6000000000000001,0.4,0.2,0.4499999999999999,0.05,2.0,0.1291595187552047,1.8333333333333333
