argument,predecessors,successors,predecessors_neighbors,successors_neighbors,degree_centrality,in_degree_centrality,out_degree_centrality,closeness_centrality,betweenness_centrality,average_neighbor_degree,pagerank,edge_node_ratio
a0,1,1,3,2,0.5,0.25,0.25,0.5,0.0,2.0,0.2168806677211015,1.6
a1,3,2,4,2,1.25,0.75,0.5,0.8,0.375,1.0,0.4397169254273623,1.6
a2,2,1,4,2,0.75,0.5,0.25,0.6666666666666666,0.0833333333333333,2.0,0.2390545807645798,1.6
a3,1,2,1,3,0.75,0.25,0.5,0.25,0.0416666666666666,1.5,0.0521739130434782,1.6
a4,1,2,1,4,0.75,0.25,0.5,0.25,0.0833333333333333,2.0,0.0521739130434782,1.6
