argument,predecessors,successors,predecessors_neighbors,successors_neighbors,degree_centrality,in_degree_centrality,out_degree_centrality,closeness_centrality,betweenness_centrality,average_neighbor_degree,pagerank,edge_node_ratio
a0,1,2,2,3,0.75,0.25,0.5,0.4444444444444444,0.25,1.5,0.1315977096177101,1.6
a1,2,2,4,4,1.0,0.5,0.5,0.6666666666666666,0.5,2.0,0.2390545807645797,1.6
a2,3,2,4,3,1.25,0.75,0.5,0.8,0.6666666666666666,1.5,0.3602931288531304,1.6
a3,1,1,3,2,0.5,0.25,0.25,0.5,0.0,2.0,0.1831253105734348,1.6
a4,1,1,1,2,0.5,0.25,0.25,0.4,0.0833333333333333,2.0,0.0859292701911449,1.6
