argument,predecessors,successors,predecessors_neighbors,successors_neighbors,degree_centrality,in_degree_centrality,out_degree_centrality,closeness_centrality,betweenness_centrality,average_neighbor_degree,pagerank,edge_node_ratio
a0,1,1,2,3,0.5,0.25,0.25,0.3333333333333333,0.0,3.0,0.1543262306402586,1.4
a1,2,3,2,3,1.25,0.5,0.75,0.5,0.375,1.0,0.2735787707302084,1.4
a2,1,1,1,0,0.5,0.25,0.25,0.375,0.0416666666666666,0.0,0.1424010839463838,1.4
a3,2,0,3,0,0.5,0.5,0.0,0.6666666666666666,0.0,0.0,0.2753676840428905,1.4
a4,1,2,2,4,0.75,0.25,0.5,0.3333333333333333,0.1666666666666666,2.0,0.1543262306402586,1.4
