argument,predecessors,successors,predecessors_neighbors,successors_neighbors,degree_centrality,in_degree_centrality,out_degree_centrality,closeness_centrality,betweenness_centrality,average_neighbor_degree,pagerank,edge_node_ratio
a0,2,3,4,4,1.0,0.4,0.6000000000000001,0.5333333333333333,0.6000000000000001,1.3333333333333333,0.2186867237423236,1.5
a1,2,2,3,4,0.8,0.4,0.4,0.4571428571428571,0.35,2.0,0.2109799976008758,1.5
a2,2,2,3,4,0.8,0.4,0.4,0.4571428571428571,0.35,2.0,0.2109799976008758,1.5
a3,1,1,2,2,0.4,0.2,0.2,0.32,0.0,2.0,0.129019776914996,1.5
a4,1,1,2,2,0.4,0.2,0.2,0.32,0.0,2.0,0.129019776914996,1.5
a5,1,0,2,0,0.2,0.2,0.0,0.4545454545454545,0.0,0.0,0.1013137272259322,1.5
