argument,predecessors,successors,predecessors_neighbors,successors_neighbors,degree_centrality,in_degree_centrality,out_degree_centrality,closeness_centrality,betweenness_centrality,average_neighbor_degree,pagerank,edge_node_ratio
a0,2,1,2,3,0.75,0.5,0.25,0.5714285714285714,0.25,3.0,0.1342730848219996,1.6
a1,2,3,4,4,1.25,0.5,0.75,0.6666666666666666,0.5,1.3333333333333333,0.2780241488559629,1.6
a2,2,2,4,4,1.0,0.5,0.5,0.5714285714285714,0.1666666666666666,2.0,0.3150383510037475,1.6
a3,2,1,4,2,0.75,0.5,0.25,0.5714285714285714,0.0,2.0,0.24266441531829,1.6
a4,0,1,0,1,0.25,0.0,0.25,0.0,0.0,1.0,0.03,1.6
