argument,predecessors,successors,predecessors_neighbors,successors_neighbors,degree_centrality,in_degree_centrality,out_degree_centrality,closeness_centrality,betweenness_centrality,average_neighbor_degree,pagerank,edge_node_ratio
a0,1,0,2,0,0.2,0.2,0.0,0.36,0.0,0.0,0.0701420225756415,1.1666666666666667
a1,2,3,1,2,1.0,0.4,0.6000000000000001,0.4,0.35,0.6666666666666666,0.1242537742728795,1.1666666666666667
a2,0,1,0,3,0.2,0.0,0.2,0.0,0.0,3.0,0.034936786531573,1.1666666666666667
a3,2,1,3,1,0.6000000000000001,0.4,0.2,0.5333333333333333,0.15,1.0,0.3597789143159266,1.1666666666666667
a4,1,1,2,1,0.4,0.2,0.2,0.3555555555555555,0.0,1.0,0.3407464797283379,1.1666666666666667
a5,1,1,2,3,0.4,0.2,0.2,0.2666666666666666,0.0,3.0,0.0701420225756415,1.1666666666666667
