argument,predecessors,successors,predecessors_neighbors,successors_neighbors,degree_centrality,in_degree_centrality,out_degree_centrality,closeness_centrality,betweenness_centrality,average_neighbor_degree,pagerank,edge_node_ratio
a0,2,2,1,3,0.8,0.4,0.4,0.4,0.15,1.5,0.1318464537347662,1.8333333333333333
a1,1,2,2,1,0.6000000000000001,0.2,0.4,0.36,0.025,0.5,0.132342765677733,1.8333333333333333
a2,4,0,5,0,0.8,0.8,0.0,0.8333333333333334,0.0,0.0,0.3621747074363621,1.8333333333333333
a3,3,1,3,0,0.8,0.6000000000000001,0.2,0.6400000000000001,0.025,0.0,0.2048035700359105,1.8333333333333333
a4,1,2,0,2,0.6000000000000001,0.2,0.4,0.2,0.0,1.0,0.0925239946108842,1.8333333333333333
a5,0,4,0,5,0.8,0.0,0.8,0.0,0.0,1.25,0.0763085085043438,1.8333333333333333
