argument,predecessors,successors,predecessors_neighbors,successors_neighbors,degree_centrality,in_degree_centrality,out_degree_centrality,closeness_centrality,betweenness_centrality,average_neighbor_degree,pagerank,edge_node_ratio
a0,2,0,4,0,0.4,0.4,0.0,0.625,0.0,0.0,0.3782691484004426,1.3333333333333333
a1,1,1,0,1,0.4,0.2,0.2,0.2,0.0,1.0,0.0952880794221128,1.3333333333333333
a2,1,1,0,0,0.4,0.2,0.2,0.2,0.025,0.0,0.0952880794221128,1.3333333333333333
a3,3,1,2,0,0.8,0.6000000000000001,0.2,0.6,0.125,0.0,0.2572786160457695,1.3333333333333333
a4,0,4,0,4,0.8,0.0,0.8,0.0,0.0,1.0,0.0785879972874492,1.3333333333333333
a5,1,1,0,1,0.4,0.2,0.2,0.2,0.0,1.0,0.0952880794221128,1.3333333333333333
