argument,predecessors,successors,predecessors_neighbors,successors_neighbors,degree_centrality,in_degree_centrality,out_degree_centrality,closeness_centrality,betweenness_centrality,average_neighbor_degree,pagerank,edge_node_ratio
a0,3,2,3,4,1.0,0.6000000000000001,0.4,0.6400000000000001,0.45,2.0,0.2933266466501453,1.3333333333333333
a1,2,3,4,3,1.0,0.4,0.6000000000000001,0.5333333333333333,0.45,1.0,0.2654382364996672,1.3333333333333333
a2,1,1,3,2,0.4,0.2,0.2,0.4,0.0,2.0,0.1662035878914621,1.3333333333333333
a3,1,1,2,3,0.4,0.2,0.2,0.3555555555555555,0.0,3.0,0.1167462104286787,1.3333333333333333
a4,1,0,2,0,0.2,0.2,0.0,0.4545454545454545,0.0,0.0,0.1167462104286787,1.3333333333333333
a5,0,1,0,2,0.2,0.0,0.2,0.0,0.0,2.0,0.0415391081013675,1.3333333333333333
