argument,predecessors,successors,predecessors_neighbors,successors_neighbors,degree_centrality,in_degree_centrality,out_degree_centrality,closeness_centrality,betweenness_centrality,average_neighbor_degree,pagerank,edge_node_ratio
a0,1,0,2,0,0.25,0.25,0.0,0.4499999999999999,0.0,0.0,0.1854835394136785,1.2
a1,1,1,2,3,0.5,0.25,0.25,0.3333333333333333,0.0,3.0,0.1854835394136785,1.2
a2,2,3,1,1,1.25,0.5,0.75,0.5,0.3333333333333333,0.3333333333333333,0.3006049420422501,1.2
a3,2,0,2,0,0.5,0.5,0.0,0.5625,0.0,0.0,0.2281163094576375,1.2
a4,0,2,0,3,0.5,0.0,0.5,0.0,0.0,1.5,0.1003116696727554,1.2
