argument,predecessors,successors,predecessors_neighbors,successors_neighbors,degree_centrality,in_degree_centrality,out_degree_centrality,closeness_centrality,betweenness_centrality,average_neighbor_degree,pagerank,edge_node_ratio
a0,1,2,3,4,0.6000000000000001,0.2,0.4,0.36,0.3,2.0,0.0806282732566885,1.5
a1,3,3,3,4,1.2000000000000002,0.6000000000000001,0.6000000000000001,0.6,0.5,1.3333333333333333,0.1963350781873487,1.5
a2,1,1,3,3,0.4,0.2,0.2,0.36,0.0,3.0,0.0806282732566885,1.5
a3,1,1,3,3,0.4,0.2,0.2,0.36,0.0,3.0,0.0806282732566885,1.5
a4,2,1,2,1,0.6000000000000001,0.4,0.2,0.5,0.2,1.0,0.2901501398046218,1.5
a5,1,1,2,1,0.4,0.2,0.2,0.3571428571428571,0.0,1.0,0.271629962237964,1.5
