argument,predecessors,successors,predecessors_neighbors,successors_neighbors,degree_centrality,in_degree_centrality,out_degree_centrality,closeness_centrality,betweenness_centrality,average_neighbor_degree,pagerank,edge_node_ratio
a0,1,2,0,3,0.6000000000000001,0.2,0.4,0.2,0.15,1.5,0.1336431519129551,1.3333333333333333
a1,0,2,0,2,0.4,0.0,0.4,0.0,0.0,1.0,0.0937848729859167,1.3333333333333333
a2,1,0,1,0,0.2,0.2,0.0,0.3,0.0,0.0,0.1364499970287782,1.3333333333333333
a3,1,1,1,0,0.4,0.2,0.2,0.3,0.0,0.0,0.1364499970287782,1.3333333333333333
a4,1,3,1,1,0.8,0.2,0.6000000000000001,0.2666666666666666,0.2,0.3333333333333333,0.1505832190180738,1.3333333333333333
a5,4,0,3,0,0.8,0.8,0.0,0.8,0.0,0.0,0.3490887620254977,1.3333333333333333
