argument,predecessors,successors,predecessors_neighbors,successors_neighbors,degree_centrality,in_degree_centrality,out_degree_centrality,closeness_centrality,betweenness_centrality,average_neighbor_degree,pagerank,edge_node_ratio
a0,1,0,2,0,0.2,0.2,0.0,0.4545454545454545,0.0,0.0,0.1003820496704458,1.5
a1,2,3,4,4,1.0,0.4,0.6000000000000001,0.5333333333333333,0.5,1.3333333333333333,0.2158623855165259,1.5
a2,1,1,2,3,0.4,0.2,0.2,0.3555555555555555,0.0,3.0,0.1003820496704458,1.5
a3,3,3,4,5,1.2000000000000002,0.6000000000000001,0.6000000000000001,0.6400000000000001,0.6000000000000001,1.6666666666666667,0.3222976940793401,1.5
a4,1,1,3,3,0.4,0.2,0.2,0.4,0.0,3.0,0.1305379105316211,1.5
a5,1,1,3,3,0.4,0.2,0.2,0.4,0.0,3.0,0.1305379105316211,1.5
