argument,predecessors,successors,predecessors_neighbors,successors_neighbors,degree_centrality,in_degree_centrality,out_degree_centrality,closeness_centrality,betweenness_centrality,average_neighbor_degree,pagerank,edge_node_ratio
a0,4,4,3,3,1.6,0.8,0.8,0.8,0.65,0.75,0.4218356012863042,1.3333333333333333
a1,1,0,4,0,0.2,0.2,0.0,0.5555555555555556,0.0,0.0,0.1335608011297906,1.3333333333333333
a2,1,1,4,4,0.4,0.2,0.2,0.4571428571428571,0.0,4.0,0.1335608011297906,1.3333333333333333
a3,1,1,4,4,0.4,0.2,0.2,0.4571428571428571,0.0,4.0,0.1335608011297906,1.3333333333333333
a4,0,1,0,4,0.2,0.0,0.2,0.0,0.0,4.0,0.0439211941945332,1.3333333333333333
a5,1,1,4,4,0.4,0.2,0.2,0.4571428571428571,0.0,4.0,0.1335608011297906,1.3333333333333333
