argument,predecessors,successors,predecessors_neighbors,successors_neighbors,degree_centrality,in_degree_centrality,out_degree_centrality,closeness_centrality,betweenness_centrality,average_neighbor_degree,pagerank,edge_node_ratio
a0,1,1,5,5,0.4,0.2,0.2,0.5555555555555556,0.0,5.0,0.1054056702702316,1.6666666666666667
a1,5,5,5,5,2.0,1.0,1.0,1.0,1.0,1.0,0.4729716486488421,1.6666666666666667
a2,1,1,5,5,0.4,0.2,0.2,0.5555555555555556,0.0,5.0,0.1054056702702316,1.6666666666666667
a3,1,1,5,5,0.4,0.2,0.2,0.5555555555555556,0.0,5.0,0.1054056702702316,1.6666666666666667
a4,1,1,5,5,0.4,0.2,0.2,0.5555555555555556,0.0,5.0,0.1054056702702316,1.6666666666666667
a5,1,1,5,5,0.4,0.2,0.2,0.5555555555555556,0.0,5.0,0.1054056702702316,1.6666666666666667
