argument,predecessors,successors,predecessors_neighbors,successors_neighbors,degree_centrality,in_degree_centrality,out_degree_centrality,closeness_centrality,betweenness_centrality,average_neighbor_degree,pagerank,edge_node_ratio
a0,2,2,4,4,0.8,0.4,0.4,0.5555555555555556,0.1,2.0,0.1277759652150315,2.1666666666666665
a1,2,2,4,4,0.8,0.4,0.4,0.625,0.1,2.0,0.1372022166582324,2.1666666666666665
a2,2,3,5,7,1.0,0.4,0.6000000000000001,0.625,0.35,2.333333333333333,0.2390740860540083,2.1666666666666665
a3,2,2,4,4,0.8,0.4,0.4,0.625,0.1,2.0,0.1510488006279545,2.1666666666666665
a4,3,1,6,3,0.8,0.6000000000000001,0.2,0.7142857142857143,0.075,3.0,0.187965327380868,2.1666666666666665
a5,2,3,4,5,1.0,0.4,0.6000000000000001,0.625,0.175,1.6666666666666667,0.1569336040639045,2.1666666666666665
