argument,predecessors,successors,predecessors_neighbors,successors_neighbors,degree_centrality,in_degree_centrality,out_degree_centrality,closeness_centrality,betweenness_centrality,average_neighbor_degree,pagerank,edge_node_ratio
a0,3,2,5,3,1.0,0.6000000000000001,0.4,0.6400000000000001,0.25,1.5,0.2099616424880215,2.0
a1,1,3,3,4,0.8,0.2,0.6000000000000001,0.4571428571428571,0.15,1.3333333333333333,0.1526932438560114,2.0
a2,0,3,0,6,0.6000000000000001,0.0,0.6000000000000001,0.0,0.0,2.0,0.0634597838109516,2.0
a3,3,0,7,0,0.6000000000000001,0.6000000000000001,0.0,0.7142857142857143,0.0,0.0,0.2714796304020667,2.0
a4,2,2,1,4,0.8,0.4,0.4,0.4571428571428571,0.025,2.0,0.1247034995833388,2.0
a5,3,2,3,2,1.0,0.6000000000000001,0.4,0.6400000000000001,0.075,1.0,0.1777021998596095,2.0
