argument,predecessors,successors,predecessors_neighbors,successors_neighbors,degree_centrality,in_degree_centrality,out_degree_centrality,closeness_centrality,betweenness_centrality,average_neighbor_degree,pagerank,edge_node_ratio
a0,1,1,2,1,0.4,0.2,0.2,0.36,0.0,1.0,0.1830354263597483,1.1666666666666667
a1,2,1,3,2,0.6000000000000001,0.4,0.2,0.4499999999999999,0.05,2.0,0.3386138841697889,1.1666666666666667
a2,1,0,0,0,0.2,0.2,0.0,0.2,0.0,0.0,0.0504146769609845,1.1666666666666667
a3,2,2,2,2,0.8,0.4,0.4,0.4499999999999999,0.15,1.0,0.3382371734359082,1.1666666666666667
a4,1,0,0,0,0.2,0.2,0.0,0.2,0.0,0.0,0.0504146769609845,1.1666666666666667
a5,0,3,0,2,0.6000000000000001,0.0,0.6000000000000001,0.0,0.0,0.6666666666666666,0.0392841621125855,1.1666666666666667
