argument,predecessors,successors,predecessors_neighbors,successors_neighbors,degree_centrality,in_degree_centrality,out_degree_centrality,closeness_centrality,betweenness_centrality,average_neighbor_degree,pagerank,edge_node_ratio
a0,2,1,4,2,0.6000000000000001,0.4,0.2,0.5555555555555556,0.1,2.0,0.2420156249999999,1.3333333333333333
a1,3,2,4,2,1.0,0.6000000000000001,0.4,0.7142857142857143,0.275,1.0,0.4393749999999999,1.3333333333333333
a2,0,2,0,3,0.4,0.0,0.4,0.0,0.0,1.5,0.025,1.3333333333333333
a3,2,1,3,2,0.6000000000000001,0.4,0.2,0.5555555555555556,0.1,2.0,0.2329843749999999,1.3333333333333333
a4,0,1,0,1,0.2,0.0,0.2,0.0,0.0,1.0,0.025,1.3333333333333333
a5,1,1,0,1,0.4,0.2,0.2,0.2,0.025,1.0,0.035625,1.3333333333333333
