argument,predecessors,successors,predecessors_neighbors,successors_neighbors,degree_centrality,in_degree_centrality,out_degree_centrality,closeness_centrality,betweenness_centrality,average_neighbor_degree,pagerank,edge_node_ratio
a0,2,0,2,0,0.3333333333333333,0.3333333333333333,0.0,0.375,0.0,0.0,0.2795677604087844,0.8571428571428571
a1,1,0,0,0,0.1666666666666666,0.1666666666666666,0.0,0.1666666666666666,0.0,0.0,0.1566616274573093,0.8571428571428571
a2,0,0,0,0,0.0,0.0,0.0,0.0,0.0,0.0,0.0846820375822002,0.8571428571428571
a3,0,1,0,0,0.1666666666666666,0.0,0.1666666666666666,0.0,0.0,0.0,0.0846820375822002,0.8571428571428571
a4,0,3,0,2,0.5,0.0,0.5,0.0,0.0,0.6666666666666666,0.0846820375822002,0.8571428571428571
a5,1,1,0,1,0.3333333333333333,0.1666666666666666,0.1666666666666666,0.1666666666666666,0.0,1.0,0.1086752342072366,0.8571428571428571
a6,2,1,1,0,0.5,0.3333333333333333,0.1666666666666666,0.3333333333333333,0.0333333333333333,0.0,0.2010492651800688,0.8571428571428571
