argument,predecessors,successors,predecessors_neighbors,successors_neighbors,degree_centrality,in_degree_centrality,out_degree_centrality,closeness_centrality,betweenness_centrality,average_neighbor_degree,pagerank,edge_node_ratio
a0,1,2,3,4,0.6000000000000001,0.2,0.4,0.4,0.15,2.0,0.128449663058429,1.5
a1,1,1,1,2,0.4,0.2,0.2,0.3555555555555555,0.05,2.0,0.0986065335373959,1.5
a2,1,1,3,3,0.4,0.2,0.2,0.4,0.0,3.0,0.128449663058429,1.5
a3,1,0,2,0,0.2,0.2,0.0,0.4545454545454545,0.0,0.0,0.1342281116258414,1.5
a4,2,2,4,3,0.8,0.4,0.4,0.5333333333333333,0.35,1.5,0.212265463524708,1.5
a5,3,3,4,5,1.2000000000000002,0.6000000000000001,0.6000000000000001,0.6400000000000001,0.55,1.6666666666666667,0.2980005651951964,1.5
