argument,predecessors,successors,predecessors_neighbors,successors_neighbors,degree_centrality,in_degree_centrality,out_degree_centrality,closeness_centrality,betweenness_centrality,average_neighbor_degree,pagerank,edge_node_ratio
a0,1,1,2,2,0.4,0.2,0.2,0.4545454545454545,0.0,2.0,0.1004060154761545,1.5
a1,1,1,3,2,0.4,0.2,0.2,0.4166666666666667,0.0,2.0,0.1627300090965998,1.5
a2,3,2,4,4,1.0,0.6000000000000001,0.4,0.625,0.45,2.0,0.3240712541020695,1.5
a3,0,1,0,1,0.2,0.0,0.2,0.0,0.0,1.0,0.025,1.5
a4,2,1,2,3,0.6000000000000001,0.4,0.2,0.5,0.2,3.0,0.1216560154761545,1.5
a5,2,3,5,4,1.0,0.4,0.6000000000000001,0.625,0.55,1.3333333333333333,0.2661367058490215,1.5
