argument,predecessors,successors,predecessors_neighbors,successors_neighbors,degree_centrality,in_degree_centrality,out_degree_centrality,closeness_centrality,betweenness_centrality,average_neighbor_degree,pagerank,edge_node_ratio
a0,2,0,1,0,0.4,0.4,0.0,0.4571428571428571,0.0,0.0,0.2210155573861448,1.1666666666666667
a1,0,2,0,0,0.4,0.0,0.4,0.0,0.0,0.0,0.076310319061328,1.1666666666666667
a2,2,0,0,0,0.4,0.4,0.0,0.4,0.0,0.0,0.1411738913081938,1.1666666666666667
a3,0,2,0,1,0.4,0.0,0.4,0.0,0.0,0.5,0.076310319061328,1.1666666666666667
a4,2,1,1,2,0.6000000000000001,0.4,0.2,0.4,0.1,2.0,0.2210155573861448,1.1666666666666667
a5,1,2,2,1,0.6000000000000001,0.2,0.4,0.2666666666666666,0.1,0.5,0.2641743557968601,1.1666666666666667
