argument,predecessors,successors,predecessors_neighbors,successors_neighbors,degree_centrality,in_degree_centrality,out_degree_centrality,closeness_centrality,betweenness_centrality,average_neighbor_degree,pagerank,edge_node_ratio
a0,1,2,1,3,0.6000000000000001,0.2,0.4,0.2,0.05,1.5,0.0787726144537031,1.5
a1,2,1,3,3,0.6000000000000001,0.4,0.2,0.5333333333333333,0.1,3.0,0.1767312930067277,1.5
a2,1,0,2,0,0.2,0.2,0.0,0.4545454545454545,0.0,0.0,0.1432529822980002,1.5
a3,2,3,4,2,1.0,0.4,0.6000000000000001,0.5333333333333333,0.3,0.6666666666666666,0.3457392027811378,1.5
a4,2,1,3,3,0.6000000000000001,0.4,0.2,0.5333333333333333,0.1,3.0,0.1767312930067277,1.5
a5,1,2,1,3,0.6000000000000001,0.2,0.4,0.2,0.05,1.5,0.0787726144537031,1.5
