argument,predecessors,successors,predecessors_neighbors,successors_neighbors,degree_centrality,in_degree_centrality,out_degree_centrality,closeness_centrality,betweenness_centrality,average_neighbor_degree,pagerank,edge_node_ratio
a0,1,1,2,2,0.3333333333333333,0.1666666666666666,0.1666666666666666,0.2962962962962963,0.0,2.0,0.0717514253847916,1.5714285714285714
a1,2,2,4,5,0.6666666666666666,0.3333333333333333,0.3333333333333333,0.4444444444444444,0.2666666666666666,2.5,0.1184067167704246,1.5714285714285714
a2,3,4,4,5,1.1666666666666663,0.5,0.6666666666666666,0.5333333333333333,0.6,1.25,0.1693620308832442,1.5714285714285714
a3,1,1,3,4,0.3333333333333333,0.1666666666666666,0.1666666666666666,0.3333333333333333,0.0,4.0,0.0574180038509311,1.5714285714285714
a4,2,1,4,1,0.5,0.3333333333333333,0.1666666666666666,0.5454545454545454,0.1666666666666666,1.0,0.2725502227648109,1.5714285714285714
a5,1,1,2,1,0.3333333333333333,0.1666666666666666,0.1666666666666666,0.375,0.0,1.0,0.2530935964948661,1.5714285714285714
a6,1,1,3,4,0.3333333333333333,0.1666666666666666,0.1666666666666666,0.3333333333333333,0.0,4.0,0.0574180038509311,1.5714285714285714
