argument,predecessors,successors,predecessors_neighbors,successors_neighbors,degree_centrality,in_degree_centrality,out_degree_centrality,closeness_centrality,betweenness_centrality,average_neighbor_degree,pagerank,edge_node_ratio
a0,0,2,0,4,0.4,0.0,0.4,0.0,0.0,2.0,0.065387896479355,1.3333333333333333
a1,1,0,1,0,0.2,0.2,0.0,0.3555555555555555,0.0,0.0,0.1309132495236901,1.3333333333333333
a2,1,2,3,3,0.6000000000000001,0.2,0.4,0.36,0.15,1.5,0.1541779293124606,1.3333333333333333
a3,3,3,3,3,1.2000000000000002,0.6000000000000001,0.6000000000000001,0.6,0.4,1.0,0.3133751953944519,1.3333333333333333
a4,2,1,3,3,0.6000000000000001,0.4,0.2,0.4499999999999999,0.0,3.0,0.1819677999775814,1.3333333333333333
a5,1,0,3,0,0.2,0.2,0.0,0.4571428571428571,0.0,0.0,0.1541779293124606,1.3333333333333333
