argument,predecessors,successors,predecessors_neighbors,successors_neighbors,degree_centrality,in_degree_centrality,out_degree_centrality,closeness_centrality,betweenness_centrality,average_neighbor_degree,pagerank,edge_node_ratio
a0,1,2,1,1,0.5,0.1666666666666666,0.3333333333333333,0.2666666666666666,0.2666666666666666,0.5,0.1202169676924395,1.1428571428571428
a1,1,1,1,2,0.3333333333333333,0.1666666666666666,0.1666666666666666,0.25,0.3,2.0,0.1653698324396566,1.1428571428571428
a2,2,0,2,0,0.3333333333333333,0.3333333333333333,0.0,0.375,0.0,0.0,0.1730340149557665,1.1428571428571428
a3,1,1,1,1,0.3333333333333333,0.1666666666666666,0.1666666666666666,0.25,0.2,1.0,0.1446242342529927,1.1428571428571428
a4,1,1,1,0,0.3333333333333333,0.1666666666666666,0.1666666666666666,0.2777777777777778,0.0,0.0,0.0935320716420622,1.1428571428571428
a5,1,2,1,3,0.5,0.1666666666666666,0.3333333333333333,0.25,0.4,1.5,0.183005911324643,1.1428571428571428
a6,1,1,1,1,0.3333333333333333,0.1666666666666666,0.1666666666666666,0.25,0.1,1.0,0.1202169676924395,1.1428571428571428
