argument,predecessors,successors,predecessors_neighbors,successors_neighbors,degree_centrality,in_degree_centrality,out_degree_centrality,closeness_centrality,betweenness_centrality,average_neighbor_degree,pagerank,edge_node_ratio
a0,2,1,4,3,0.6000000000000001,0.4,0.2,0.625,0.3,3.0,0.146821641841371,1.8333333333333333
a1,3,3,6,5,1.2000000000000002,0.6000000000000001,0.6000000000000001,0.625,0.4,1.6666666666666667,0.3213501149743722,1.8333333333333333
a2,2,2,5,5,0.8,0.4,0.4,0.4545454545454545,0.0,2.5,0.2018239821796529,1.8333333333333333
a3,2,2,5,5,0.8,0.4,0.4,0.4545454545454545,0.0,2.5,0.2018239821796529,1.8333333333333333
a4,1,1,1,2,0.4,0.2,0.2,0.2,0.0,2.0,0.055773065614459,1.8333333333333333
a5,1,2,1,2,0.6000000000000001,0.2,0.4,0.2,0.2,1.0,0.0724072132104918,1.8333333333333333
