argument,predecessors,successors,predecessors_neighbors,successors_neighbors,degree_centrality,in_degree_centrality,out_degree_centrality,closeness_centrality,betweenness_centrality,average_neighbor_degree,pagerank,edge_node_ratio
a0,2,2,2,3,0.8,0.4,0.4,0.4545454545454545,0.35,1.5,0.1834114491406247,1.5
a1,1,2,3,4,0.6000000000000001,0.2,0.4,0.4545454545454545,0.3,2.0,0.1668331091734518,1.5
a2,1,1,2,2,0.4,0.2,0.2,0.3333333333333333,0.0,2.0,0.1029494278948429,1.5
a3,0,1,0,1,0.2,0.0,0.2,0.0,0.0,1.0,0.025,1.5
a4,2,1,3,2,0.6000000000000001,0.4,0.2,0.5555555555555556,0.2,2.0,0.1880831091734517,1.5
a5,3,2,5,3,1.0,0.6000000000000001,0.4,0.7142857142857143,0.55,1.5,0.3337229046176286,1.5
