argument,predecessors,successors,predecessors_neighbors,successors_neighbors,degree_centrality,in_degree_centrality,out_degree_centrality,closeness_centrality,betweenness_centrality,average_neighbor_degree,pagerank,edge_node_ratio
a0,1,1,3,1,0.4,0.2,0.2,0.4545454545454545,0.0,1.0,0.4033517217752706,1.1666666666666667
a1,0,2,0,2,0.4,0.0,0.4,0.0,0.0,1.0,0.025,1.1666666666666667
a2,1,1,0,1,0.4,0.2,0.2,0.2,0.05,1.0,0.035625,1.1666666666666667
a3,1,1,1,1,0.4,0.2,0.2,0.2666666666666666,0.1,1.0,0.05528125,1.1666666666666667
a4,3,1,3,1,0.8,0.6000000000000001,0.2,0.7142857142857143,0.2,1.0,0.4451170282247296,1.1666666666666667
a5,1,1,0,1,0.4,0.2,0.2,0.2,0.1,1.0,0.035625,1.1666666666666667
