argument,predecessors,successors,predecessors_neighbors,successors_neighbors,degree_centrality,in_degree_centrality,out_degree_centrality,closeness_centrality,betweenness_centrality,average_neighbor_degree,pagerank,edge_node_ratio
a0,1,1,1,0,0.4,0.2,0.2,0.2666666666666666,0.05,0.0,0.1211398527669646,1.1666666666666667
a1,1,1,1,3,0.4,0.2,0.2,0.2,0.0,3.0,0.1211398527669646,1.1666666666666667
a2,1,3,1,3,0.8,0.2,0.6000000000000001,0.2,0.15,1.0,0.174630951281608,1.1666666666666667
a3,2,1,1,0,0.6000000000000001,0.4,0.2,0.4499999999999999,0.1,0.0,0.1820523140078055,1.1666666666666667
a4,2,0,3,0,0.4,0.4,0.0,0.5555555555555556,0.0,0.0,0.3293756794065177,1.1666666666666667
a5,0,1,0,1,0.2,0.0,0.2,0.0,0.0,1.0,0.0716613497701391,1.1666666666666667
