argument,predecessors,successors,predecessors_neighbors,successors_neighbors,degree_centrality,in_degree_centrality,out_degree_centrality,closeness_centrality,betweenness_centrality,average_neighbor_degree,pagerank,edge_node_ratio
a0,3,4,4,4,1.1666666666666663,0.5,0.6666666666666666,0.5208333333333334,0.5666666666666667,1.0,0.2925614218069471,1.4285714285714286
a1,1,0,3,0,0.1666666666666666,0.1666666666666666,0.0,0.4285714285714285,0.0,0.0,0.0951515563189188,1.4285714285714286
a2,1,1,3,4,0.3333333333333333,0.1666666666666666,0.1666666666666666,0.3472222222222222,0.0,4.0,0.0951515563189188,1.4285714285714286
a3,1,1,3,4,0.3333333333333333,0.1666666666666666,0.1666666666666666,0.3472222222222222,0.0,4.0,0.0951515563189188,1.4285714285714286
a4,2,2,5,5,0.6666666666666666,0.3333333333333333,0.3333333333333333,0.5208333333333334,0.3666666666666666,2.5,0.2301631036779373,1.4285714285714286
a5,2,1,2,2,0.5,0.3333333333333333,0.1666666666666666,0.4166666666666667,0.1666666666666666,2.0,0.158838045485703,1.4285714285714286
a6,0,1,0,1,0.1666666666666666,0.0,0.1666666666666666,0.0,0.0,1.0,0.0329827600726559,1.4285714285714286
