argument,predecessors,successors,predecessors_neighbors,successors_neighbors,degree_centrality,in_degree_centrality,out_degree_centrality,closeness_centrality,betweenness_centrality,average_neighbor_degree,pagerank,edge_node_ratio
a0,1,0,0,0,0.1666666666666666,0.1666666666666666,0.0,0.1666666666666666,0.0,0.0,0.0847221795497718,1.1428571428571428
a1,2,0,2,0,0.3333333333333333,0.3333333333333333,0.0,0.4166666666666667,0.0,0.0,0.2824762318594162,1.1428571428571428
a2,1,1,0,1,0.3333333333333333,0.1666666666666666,0.1666666666666666,0.1666666666666666,0.0,1.0,0.0940746940859493,1.1428571428571428
a3,2,1,1,1,0.5,0.3333333333333333,0.1666666666666666,0.3333333333333333,0.1333333333333333,1.0,0.1740385004226833,1.1428571428571428
a4,2,1,2,0,0.5,0.3333333333333333,0.1666666666666666,0.4444444444444444,0.1,0.0,0.2326540931273451,1.1428571428571428
a5,0,3,0,1,0.5,0.0,0.5,0.0,0.0,0.3333333333333333,0.0660171504774169,1.1428571428571428
a6,0,2,0,2,0.3333333333333333,0.0,0.3333333333333333,0.0,0.0,1.0,0.0660171504774169,1.1428571428571428
