argument,predecessors,successors,predecessors_neighbors,successors_neighbors,degree_centrality,in_degree_centrality,out_degree_centrality,closeness_centrality,betweenness_centrality,average_neighbor_degree,pagerank,edge_node_ratio
a0,1,0,1,0,0.1666666666666666,0.1666666666666666,0.0,0.2222222222222222,0.0,0.0,0.1373817914750529,1.0
a1,0,1,0,0,0.1666666666666666,0.0,0.1666666666666666,0.0,0.0,0.0,0.076910833759346,1.0
a2,3,0,2,0,0.5,0.5,0.0,0.5208333333333334,0.0,0.0,0.3195314637425716,1.0
a3,2,1,1,0,0.5,0.3333333333333333,0.1666666666666666,0.375,0.0666666666666666,0.0,0.1700689975650322,1.0
a4,0,1,0,2,0.1666666666666666,0.0,0.1666666666666666,0.0,0.0,2.0,0.076910833759346,1.0
a5,1,2,0,1,0.5,0.1666666666666666,0.3333333333333333,0.1666666666666666,0.1,0.5,0.1422852459393046,1.0
a6,0,2,0,1,0.3333333333333333,0.0,0.3333333333333333,0.0,0.0,0.5,0.076910833759346,1.0
