argument,predecessors,successors,predecessors_neighbors,successors_neighbors,degree_centrality,in_degree_centrality,out_degree_centrality,closeness_centrality,betweenness_centrality,average_neighbor_degree,pagerank,edge_node_ratio
a0,3,3,8,8,1.0,0.5,0.5,0.6666666666666666,0.261111111111111,2.6666666666666665,0.2390748754044454,2.857142857142857
a1,3,2,9,4,0.8333333333333333,0.5,0.3333333333333333,0.6666666666666666,0.0777777777777777,2.0,0.1708521700936681,2.857142857142857
a2,2,4,3,8,1.0,0.3333333333333333,0.6666666666666666,0.5,0.0555555555555555,2.0,0.0928098837342856,2.857142857142857
a3,0,5,0,13,0.8333333333333333,0.0,0.8333333333333333,0.0,0.0,2.6,0.0214285714285714,2.857142857142857
a4,5,1,12,3,1.0,0.8333333333333333,0.1666666666666666,0.8571428571428571,0.1166666666666666,3.0,0.2126330026373023,2.857142857142857
a5,4,2,8,3,1.0,0.6666666666666666,0.3333333333333333,0.75,0.0388888888888888,1.5,0.145796598694663,2.857142857142857
a6,3,3,5,6,1.0,0.5,0.5,0.6,0.0833333333333333,2.0,0.1174048980070637,2.857142857142857
