argument,predecessors,successors,predecessors_neighbors,successors_neighbors,degree_centrality,in_degree_centrality,out_degree_centrality,closeness_centrality,betweenness_centrality,average_neighbor_degree,pagerank,edge_node_ratio
a0,3,2,6,4,0.8333333333333333,0.5,0.3333333333333333,0.6666666666666666,0.2333333333333333,2.0,0.2366727647235915,2.2857142857142856
a1,2,2,4,4,0.6666666666666666,0.3333333333333333,0.3333333333333333,0.5454545454545454,0.2,2.0,0.1058986584071167,2.2857142857142856
a2,1,3,2,6,0.6666666666666666,0.1666666666666666,0.5,0.4,0.15,2.0,0.0664356287143213,2.2857142857142856
a3,2,2,4,5,0.6666666666666666,0.3333333333333333,0.3333333333333333,0.5454545454545454,0.2,2.5,0.140836719359847,2.2857142857142856
a4,4,1,8,2,0.8333333333333333,0.6666666666666666,0.1666666666666666,0.75,0.1,2.0,0.2107617714964917,2.2857142857142856
a5,1,4,2,7,0.8333333333333333,0.1666666666666666,0.6666666666666666,0.4,0.1166666666666666,1.75,0.0812846272321964,2.2857142857142856
a6,3,2,5,3,0.8333333333333333,0.5,0.3333333333333333,0.6666666666666666,0.2,1.5,0.1581098300664352,2.2857142857142856
