argument,predecessors,successors,predecessors_neighbors,successors_neighbors,degree_centrality,in_degree_centrality,out_degree_centrality,closeness_centrality,betweenness_centrality,average_neighbor_degree,pagerank,edge_node_ratio
a0,3,1,3,2,0.6666666666666666,0.5,0.1666666666666666,0.5952380952380952,0.3666666666666666,2.0,0.2242754840019635,1.2857142857142858
a1,0,1,0,2,0.1666666666666666,0.0,0.1666666666666666,0.0,0.0,2.0,0.0427437922162016,1.2857142857142858
a2,1,2,0,1,0.5,0.1666666666666666,0.3333333333333333,0.1666666666666666,0.1666666666666666,0.5,0.0790760027110792,1.2857142857142858
a3,1,2,1,2,0.5,0.1666666666666666,0.3333333333333333,0.3205128205128205,0.1666666666666666,1.0,0.1419285753434682,1.2857142857142858
a4,2,0,2,0,0.3333333333333333,0.3333333333333333,0.0,0.5,0.0,0.0,0.1755357277824208,1.2857142857142858
a5,1,2,3,2,0.5,0.1666666666666666,0.3333333333333333,0.4166666666666667,0.3333333333333333,1.0,0.2333763476504148,1.2857142857142858
a6,1,1,1,1,0.3333333333333333,0.1666666666666666,0.1666666666666666,0.2777777777777778,0.0,1.0,0.1030640702944516,1.2857142857142858
