argument,predecessors,successors,predecessors_neighbors,successors_neighbors,degree_centrality,in_degree_centrality,out_degree_centrality,closeness_centrality,betweenness_centrality,average_neighbor_degree,pagerank,edge_node_ratio
a0,2,0,2,0,0.4,0.4,0.0,0.5333333333333333,0.0,0.0,0.1957170341780233,1.1666666666666667
a1,2,0,2,0,0.4,0.4,0.0,0.5333333333333333,0.0,0.0,0.1957170341780233,1.1666666666666667
a2,0,2,0,0,0.4,0.0,0.4,0.0,0.0,0.0,0.0804532631089888,1.1666666666666667
a3,0,1,0,3,0.2,0.0,0.2,0.0,0.0,3.0,0.0804532631089888,1.1666666666666667
a4,1,1,2,3,0.4,0.2,0.2,0.2666666666666666,0.0,3.0,0.1615243381611266,1.1666666666666667
a5,2,3,1,1,1.0,0.4,0.6000000000000001,0.4,0.25,0.3333333333333333,0.2861350672648486,1.1666666666666667
