argument,predecessors,successors,predecessors_neighbors,successors_neighbors,degree_centrality,in_degree_centrality,out_degree_centrality,closeness_centrality,betweenness_centrality,average_neighbor_degree,pagerank,edge_node_ratio
a0,2,3,1,3,1.0,0.4,0.6000000000000001,0.4,0.35,1.0,0.0889132821075741,1.5
a1,2,1,4,2,0.6000000000000001,0.4,0.2,0.625,0.075,2.0,0.2191613427054417,1.5
a2,2,2,4,2,0.8,0.4,0.4,0.5,0.1,1.0,0.3975719358843963,1.5
a3,1,1,2,3,0.4,0.2,0.2,0.2666666666666666,0.0,3.0,0.0501920965971459,1.5
a4,2,1,4,2,0.6000000000000001,0.4,0.2,0.625,0.075,2.0,0.2191613427054417,1.5
a5,0,1,0,3,0.2,0.0,0.2,0.0,0.0,3.0,0.025,1.5
