argument,predecessors,successors,predecessors_neighbors,successors_neighbors,degree_centrality,in_degree_centrality,out_degree_centrality,closeness_centrality,betweenness_centrality,average_neighbor_degree,pagerank,edge_node_ratio
a0,1,2,2,2,0.6000000000000001,0.2,0.4,0.3333333333333333,0.35,1.0,0.1500342147752501,1.5
a1,1,1,1,1,0.4,0.2,0.2,0.3333333333333333,0.3,1.0,0.0887643366346685,1.5
a2,2,1,3,2,0.6000000000000001,0.4,0.2,0.5555555555555556,0.4,2.0,0.2127072581775458,1.5
a3,2,2,3,3,0.8,0.4,0.4,0.4545454545454545,0.5,1.5,0.2641368279177579,1.5
a4,1,2,2,3,0.6000000000000001,0.2,0.4,0.3333333333333333,0.4,1.5,0.1372585270472039,1.5
a5,2,1,2,2,0.6000000000000001,0.4,0.2,0.4545454545454545,0.35,2.0,0.1470988354475734,1.5
