argument,predecessors,successors,predecessors_neighbors,successors_neighbors,degree_centrality,in_degree_centrality,out_degree_centrality,closeness_centrality,betweenness_centrality,average_neighbor_degree,pagerank,edge_node_ratio
a0,2,2,1,1,0.6666666666666666,0.3333333333333333,0.3333333333333333,0.375,0.0166666666666666,0.5,0.1325070345489487,1.5714285714285714
a1,1,2,0,3,0.5,0.1666666666666666,0.3333333333333333,0.1666666666666666,0.0333333333333333,1.5,0.0929873112649839,1.5714285714285714
a2,0,3,0,3,0.5,0.0,0.5,0.0,0.0,1.0,0.0724575289189406,1.5714285714285714
a3,0,3,0,3,0.5,0.0,0.5,0.0,0.0,1.0,0.0724575289189406,1.5714285714285714
a4,1,0,0,0,0.1666666666666666,0.1666666666666666,0.0,0.1666666666666666,0.0,0.0,0.0929873112649839,1.5714285714285714
a5,4,1,3,0,0.8333333333333333,0.6666666666666666,0.1666666666666666,0.6666666666666666,0.05,0.0,0.2093521710490112,1.5714285714285714
a6,3,0,6,0,0.5,0.5,0.0,0.5952380952380952,0.0,0.0,0.3272511140341904,1.5714285714285714
