argument,predecessors,successors,predecessors_neighbors,successors_neighbors,degree_centrality,in_degree_centrality,out_degree_centrality,closeness_centrality,betweenness_centrality,average_neighbor_degree,pagerank,edge_node_ratio
a0,3,0,4,0,0.5,0.5,0.0,0.5333333333333333,0.0,0.0,0.2124300921221605,1.5714285714285714
a1,2,2,1,0,0.6666666666666666,0.3333333333333333,0.3333333333333333,0.3333333333333333,0.0222222222222222,0.0,0.1340989154610294,1.5714285714285714
a2,1,2,0,0,0.5,0.1666666666666666,0.3333333333333333,0.1666666666666666,0.0222222222222222,0.0,0.1044927186758663,1.5714285714285714
a3,4,0,4,0,0.6666666666666666,0.6666666666666666,0.0,0.6944444444444445,0.0,0.0,0.281640168895712,1.5714285714285714
a4,0,1,0,0,0.1666666666666666,0.0,0.1666666666666666,0.0,0.0,0.0,0.0814226930846825,1.5714285714285714
a5,0,3,0,7,0.5,0.0,0.5,0.0,0.0,2.333333333333333,0.0814226930846825,1.5714285714285714
a6,1,3,0,2,0.6666666666666666,0.1666666666666666,0.5,0.1666666666666666,0.0222222222222222,0.6666666666666666,0.1044927186758663,1.5714285714285714
