argument,predecessors,successors,predecessors_neighbors,successors_neighbors,degree_centrality,in_degree_centrality,out_degree_centrality,closeness_centrality,betweenness_centrality,average_neighbor_degree,pagerank,edge_node_ratio
a0,1,1,1,1,0.4,0.2,0.2,0.2666666666666666,0.05,1.0,0.2568378683603532,1.1666666666666667
a1,1,2,1,2,0.6000000000000001,0.2,0.4,0.2,0.0,1.0,0.0670032269580744,1.1666666666666667
a2,1,1,1,1,0.4,0.2,0.2,0.2666666666666666,0.05,1.0,0.2568378683603532,1.1666666666666667
a3,1,1,1,1,0.4,0.2,0.2,0.2666666666666666,0.05,1.0,0.2568378683603532,1.1666666666666667
a4,1,2,1,2,0.6000000000000001,0.2,0.4,0.2,0.0,1.0,0.0670032269580744,1.1666666666666667
a5,2,0,2,0,0.4,0.4,0.0,0.4,0.0,0.0,0.0954799410027914,1.1666666666666667
