argument,predecessors,successors,predecessors_neighbors,successors_neighbors,degree_centrality,in_degree_centrality,out_degree_centrality,closeness_centrality,betweenness_centrality,average_neighbor_degree,pagerank,edge_node_ratio
a0,2,2,3,3,0.6666666666666666,0.3333333333333333,0.3333333333333333,0.375,0.3,1.5,0.102202544184733,1.8571428571428572
a1,3,1,5,2,0.6666666666666666,0.5,0.1666666666666666,0.6666666666666666,0.2,2.0,0.2282972303245932,1.8571428571428572
a2,2,1,3,1,0.5,0.3333333333333333,0.1666666666666666,0.5,0.0166666666666666,1.0,0.1594049268298893,1.8571428571428572
a3,2,1,2,2,0.5,0.3333333333333333,0.1666666666666666,0.4285714285714285,0.0666666666666666,2.0,0.070346085764127,1.8571428571428572
a4,2,2,5,5,0.6666666666666666,0.3333333333333333,0.3333333333333333,0.6,0.6,2.5,0.2589157146381965,1.8571428571428572
a5,1,4,2,5,0.8333333333333333,0.1666666666666666,0.6666666666666666,0.4285714285714285,0.4166666666666667,1.25,0.1314676839542472,1.8571428571428572
a6,1,2,1,3,0.5,0.1666666666666666,0.3333333333333333,0.3529411764705882,0.0666666666666666,1.5,0.0493658143042135,1.8571428571428572
