argument,predecessors,successors,predecessors_neighbors,successors_neighbors,degree_centrality,in_degree_centrality,out_degree_centrality,closeness_centrality,betweenness_centrality,average_neighbor_degree,pagerank,edge_node_ratio
a0,0,2,0,3,0.3333333333333333,0.0,0.3333333333333333,0.0,0.0,1.5,0.0809074724897038,0.8571428571428571
a1,1,2,0,1,0.5,0.1666666666666666,0.3333333333333333,0.1666666666666666,0.0333333333333333,0.5,0.1152933285278126,0.8571428571428571
a2,0,1,0,1,0.1666666666666666,0.0,0.1666666666666666,0.0,0.0,1.0,0.0809074724897038,0.8571428571428571
a3,1,0,3,0,0.1666666666666666,0.1666666666666666,0.0,0.3809523809523809,0.0,0.0,0.2790121875302787,0.8571428571428571
a4,3,1,1,0,0.6666666666666666,0.5,0.1666666666666666,0.5,0.1,0.0,0.2330648172935618,0.8571428571428571
a5,0,0,0,0,0.0,0.0,0.0,0.0,0.0,0.0,0.0809074724897038,0.8571428571428571
a6,1,0,1,0,0.1666666666666666,0.1666666666666666,0.0,0.2222222222222222,0.0,0.0,0.1299072491792352,0.8571428571428571
