argument,predecessors,successors,predecessors_neighbors,successors_neighbors,degree_centrality,in_degree_centrality,out_degree_centrality,closeness_centrality,betweenness_centrality,average_neighbor_degree,pagerank,edge_node_ratio
a0,2,1,0,0,0.5,0.3333333333333333,0.1666666666666666,0.3333333333333333,0.0666666666666666,0.0,0.1981058683676426,0.7142857142857143
a1,1,0,0,0,0.1666666666666666,0.1666666666666666,0.0,0.1666666666666666,0.0,0.0,0.124088414246602,0.7142857142857143
a2,0,2,0,1,0.3333333333333333,0.0,0.3333333333333333,0.0,0.0,0.5,0.0870796871860817,0.7142857142857143
a3,2,0,2,0,0.3333333333333333,0.3333333333333333,0.0,0.4444444444444444,0.0,0.0,0.329486968641428,0.7142857142857143
a4,0,1,0,1,0.1666666666666666,0.0,0.1666666666666666,0.0,0.0,1.0,0.0870796871860817,0.7142857142857143
a5,0,0,0,0,0.0,0.0,0.0,0.0,0.0,0.0,0.0870796871860817,0.7142857142857143
a6,0,1,0,0,0.1666666666666666,0.0,0.1666666666666666,0.0,0.0,0.0,0.0870796871860817,0.7142857142857143
