argument,predecessors,successors,predecessors_neighbors,successors_neighbors,degree_centrality,in_degree_centrality,out_degree_centrality,closeness_centrality,betweenness_centrality,average_neighbor_degree,pagerank,edge_node_ratio
a0,0,1,0,3,0.1666666666666666,0.0,0.1666666666666666,0.0,0.0,3.0,0.0404236763679857,1.1428571428571428
a1,5,3,2,2,1.3333333333333333,0.8333333333333333,0.5,0.8333333333333334,0.4333333333333333,0.6666666666666666,0.4094359437429645,1.1428571428571428
a2,1,0,5,0,0.1666666666666666,0.1666666666666666,0.0,0.5454545454545454,0.0,0.0,0.156431009051026,1.1428571428571428
a3,1,1,5,3,0.3333333333333333,0.1666666666666666,0.1666666666666666,0.462962962962963,0.0,3.0,0.156431009051026,1.1428571428571428
a4,0,1,0,3,0.1666666666666666,0.0,0.1666666666666666,0.0,0.0,3.0,0.0404236763679857,1.1428571428571428
a5,1,1,5,3,0.3333333333333333,0.1666666666666666,0.1666666666666666,0.462962962962963,0.0,3.0,0.156431009051026,1.1428571428571428
a6,0,1,0,3,0.1666666666666666,0.0,0.1666666666666666,0.0,0.0,3.0,0.0404236763679857,1.1428571428571428
