argument,predecessors,successors,predecessors_neighbors,successors_neighbors,degree_centrality,in_degree_centrality,out_degree_centrality,closeness_centrality,betweenness_centrality,average_neighbor_degree,pagerank,edge_node_ratio
a0,1,1,1,0,0.4,0.2,0.2,0.3555555555555555,0.05,0.0,0.1645823770368934,1.3333333333333333
a1,2,3,2,4,1.0,0.4,0.6000000000000001,0.4,0.35,1.3333333333333333,0.2164826980867041,1.3333333333333333
a2,1,1,2,1,0.4,0.2,0.2,0.36,0.15,1.0,0.1221189527891886,1.3333333333333333
a3,1,2,2,3,0.6000000000000001,0.2,0.4,0.2666666666666666,0.1,1.5,0.1221189527891886,1.3333333333333333
a4,2,0,2,0,0.4,0.4,0.0,0.5555555555555556,0.0,0.0,0.2525780665088361,1.3333333333333333
a5,1,1,2,3,0.4,0.2,0.2,0.2666666666666666,0.0,3.0,0.1221189527891886,1.3333333333333333
