argument,predecessors,successors,predecessors_neighbors,successors_neighbors,degree_centrality,in_degree_centrality,out_degree_centrality,closeness_centrality,betweenness_centrality,average_neighbor_degree,pagerank,edge_node_ratio
a0,1,4,1,2,0.8333333333333333,0.1666666666666666,0.6666666666666666,0.1666666666666666,0.1333333333333333,0.5,0.0900294250707195,1.1428571428571428
a1,2,0,1,0,0.3333333333333333,0.3333333333333333,0.0,0.375,0.0,0.0,0.0928989469938786,1.1428571428571428
a2,2,1,2,1,0.5,0.3333333333333333,0.1666666666666666,0.375,0.0666666666666666,1.0,0.3347636469940716,1.1428571428571428
a3,0,1,0,0,0.1666666666666666,0.0,0.1666666666666666,0.0,0.0,0.0,0.0398742604521936,1.1428571428571428
a4,1,1,2,1,0.3333333333333333,0.1666666666666666,0.1666666666666666,0.25,0.0,1.0,0.3244223931874467,1.1428571428571428
a5,1,1,1,4,0.3333333333333333,0.1666666666666666,0.1666666666666666,0.1666666666666666,0.0,4.0,0.0590056636508448,1.1428571428571428
a6,1,0,1,0,0.1666666666666666,0.1666666666666666,0.0,0.2222222222222222,0.0,0.0,0.0590056636508448,1.1428571428571428
