argument,predecessors,successors,predecessors_neighbors,successors_neighbors,degree_centrality,in_degree_centrality,out_degree_centrality,closeness_centrality,betweenness_centrality,average_neighbor_degree,pagerank,edge_node_ratio
a0,2,3,3,5,1.0,0.4,0.6000000000000001,0.4499999999999999,0.35,1.6666666666666667,0.0971992688896027,1.6666666666666667
a1,2,1,4,1,0.6000000000000001,0.4,0.2,0.5555555555555556,0.05,1.0,0.3502607314206761,1.6666666666666667
a2,1,1,2,3,0.4,0.2,0.2,0.3,0.0,3.0,0.0525399996897212,1.6666666666666667
a3,2,3,3,5,1.0,0.4,0.6000000000000001,0.4499999999999999,0.35,1.6666666666666667,0.0971992688896027,1.6666666666666667
a4,1,1,2,3,0.4,0.2,0.2,0.3,0.0,3.0,0.0525399996897212,1.6666666666666667
a5,2,1,4,1,0.6000000000000001,0.4,0.2,0.5555555555555556,0.05,1.0,0.3502607314206761,1.6666666666666667
