argument,predecessors,successors,predecessors_neighbors,successors_neighbors,degree_centrality,in_degree_centrality,out_degree_centrality,closeness_centrality,betweenness_centrality,average_neighbor_degree,pagerank,edge_node_ratio
a0,2,2,6,5,0.6666666666666666,0.3333333333333333,0.3333333333333333,0.5208333333333334,0.2833333333333333,2.5,0.1976609279964752,2.0
a1,1,0,1,0,0.1666666666666666,0.1666666666666666,0.0,0.3529411764705882,0.0,0.0,0.0514011549793671,2.0
a2,3,2,5,4,0.8333333333333333,0.5,0.3333333333333333,0.5952380952380952,0.2,2.0,0.239112411119761,2.0
a3,0,3,0,5,0.5,0.0,0.5,0.0,0.0,1.6666666666666667,0.0276701587835521,2.0
a4,4,1,6,2,0.8333333333333333,0.6666666666666666,0.1666666666666666,0.6944444444444445,0.05,2.0,0.2116150173564409,2.0
a5,1,4,2,5,0.8333333333333333,0.1666666666666666,0.6666666666666666,0.3787878787878788,0.2166666666666666,1.25,0.1116763253781028,2.0
a6,3,2,4,3,0.8333333333333333,0.5,0.3333333333333333,0.5952380952380952,0.0833333333333333,1.5,0.1608640043863007,2.0
