argument,predecessors,successors,predecessors_neighbors,successors_neighbors,degree_centrality,in_degree_centrality,out_degree_centrality,closeness_centrality,betweenness_centrality,average_neighbor_degree,pagerank,edge_node_ratio
a0,1,0,1,0,0.2,0.2,0.0,0.3,0.0,0.0,0.057575390962127,1.3333333333333333
a1,1,2,2,3,0.6000000000000001,0.2,0.4,0.2666666666666666,0.1,1.5,0.0574552172837309,1.3333333333333333
a2,2,3,1,4,1.0,0.4,0.6000000000000001,0.4,0.3,1.3333333333333333,0.0857586794568193,1.3333333333333333
a3,2,1,4,1,0.6000000000000001,0.4,0.2,0.5333333333333333,0.0,1.0,0.3830270451203555,1.3333333333333333
a4,0,1,0,3,0.2,0.0,0.2,0.0,0.0,3.0,0.0331566220566118,1.3333333333333333
a5,2,1,4,1,0.6000000000000001,0.4,0.2,0.5333333333333333,0.0,1.0,0.3830270451203555,1.3333333333333333
