argument,predecessors,successors,predecessors_neighbors,successors_neighbors,degree_centrality,in_degree_centrality,out_degree_centrality,closeness_centrality,betweenness_centrality,average_neighbor_degree,pagerank,edge_node_ratio
a0,2,2,3,3,0.8,0.4,0.4,0.4545454545454545,0.4,1.5,0.316435950461481,1.3333333333333333
a1,2,1,3,2,0.6000000000000001,0.4,0.2,0.5555555555555556,0.35,2.0,0.2631214845015691,1.3333333333333333
a2,1,1,2,1,0.4,0.2,0.2,0.4166666666666667,0.3,1.0,0.1219268191210051,1.3333333333333333
a3,2,1,1,1,0.6000000000000001,0.4,0.2,0.4545454545454545,0.35,1.0,0.11403098874576,1.3333333333333333
a4,1,2,2,3,0.6000000000000001,0.2,0.4,0.3333333333333333,0.25,1.5,0.1594847571701846,1.3333333333333333
a5,0,1,0,1,0.2,0.0,0.2,0.0,0.0,1.0,0.025,1.3333333333333333
