argument,predecessors,successors,predecessors_neighbors,successors_neighbors,degree_centrality,in_degree_centrality,out_degree_centrality,closeness_centrality,betweenness_centrality,average_neighbor_degree,pagerank,edge_node_ratio
a0,1,0,0,0,0.2,0.2,0.0,0.2,0.0,0.0,0.0446358653093187,1.3333333333333333
a1,0,2,0,2,0.4,0.0,0.4,0.0,0.0,1.0,0.0313234142521534,1.3333333333333333
a2,3,2,3,3,1.0,0.6000000000000001,0.4,0.6400000000000001,0.325,1.5,0.3565769387935947,1.3333333333333333
a3,2,1,4,2,0.6000000000000001,0.4,0.2,0.5333333333333333,0.1,2.0,0.2755534586331746,1.3333333333333333
a4,1,1,1,1,0.4,0.2,0.2,0.3555555555555555,0.025,1.0,0.1090426450226888,1.3333333333333333
a5,1,2,3,3,0.6000000000000001,0.2,0.4,0.4,0.15,1.5,0.1828676779890697,1.3333333333333333
