argument,predecessors,successors,predecessors_neighbors,successors_neighbors,degree_centrality,in_degree_centrality,out_degree_centrality,closeness_centrality,betweenness_centrality,average_neighbor_degree,pagerank,edge_node_ratio
a0,1,1,2,1,0.4,0.2,0.2,0.3333333333333333,0.0,1.0,0.2453496866696957,1.6666666666666667
a1,2,1,2,1,0.6000000000000001,0.4,0.2,0.4545454545454545,0.2,1.0,0.2592321577442338,1.6666666666666667
a2,1,2,2,4,0.6000000000000001,0.2,0.4,0.3,0.3,2.0,0.0604407955107705,1.6666666666666667
a3,2,3,3,5,1.0,0.4,0.6000000000000001,0.4499999999999999,0.4,1.6666666666666667,0.1250851421281725,1.6666666666666667
a4,2,2,4,4,0.8,0.4,0.4,0.4499999999999999,0.2,2.0,0.1750536211375951,1.6666666666666667
a5,2,1,4,2,0.6000000000000001,0.4,0.2,0.4499999999999999,0.0,2.0,0.1348385968095319,1.6666666666666667
