argument,predecessors,successors,predecessors_neighbors,successors_neighbors,degree_centrality,in_degree_centrality,out_degree_centrality,closeness_centrality,betweenness_centrality,average_neighbor_degree,pagerank,edge_node_ratio
a0,2,2,2,4,0.8,0.4,0.4,0.4,0.225,2.0,0.1791379024720152,1.3333333333333333
a1,1,2,2,2,0.6000000000000001,0.2,0.4,0.2666666666666666,0.075,1.0,0.1379852729419956,1.3333333333333333
a2,2,0,2,0,0.4,0.4,0.0,0.5555555555555556,0.0,0.0,0.2601250569791042,1.3333333333333333
a3,1,1,1,0,0.4,0.2,0.2,0.32,0.075,0.0,0.1642719218136417,1.3333333333333333
a4,1,1,1,1,0.4,0.2,0.2,0.3,0.175,1.0,0.1204945728512471,1.3333333333333333
a5,1,2,2,3,0.6000000000000001,0.2,0.4,0.2666666666666666,0.2,1.5,0.1379852729419956,1.3333333333333333
