argument,predecessors,successors,predecessors_neighbors,successors_neighbors,degree_centrality,in_degree_centrality,out_degree_centrality,closeness_centrality,betweenness_centrality,average_neighbor_degree,pagerank,edge_node_ratio
a0,1,3,2,2,0.8,0.2,0.6000000000000001,0.32,0.5,0.6666666666666666,0.2467107950882802,1.1666666666666667
a1,2,1,2,3,0.6000000000000001,0.4,0.2,0.4571428571428571,0.45,3.0,0.242408017055983,1.1666666666666667
a2,1,1,1,1,0.4,0.2,0.2,0.32,0.3,1.0,0.1346433917170526,1.1666666666666667
a3,1,1,1,1,0.4,0.2,0.2,0.32,0.25,1.0,0.110564228694527,1.1666666666666667
a4,1,1,1,1,0.4,0.2,0.2,0.32,0.35,1.0,0.1551093387496297,1.1666666666666667
a5,1,0,1,0,0.2,0.2,0.0,0.3333333333333333,0.0,0.0,0.110564228694527,1.1666666666666667
