argument,predecessors,successors,predecessors_neighbors,successors_neighbors,degree_centrality,in_degree_centrality,out_degree_centrality,closeness_centrality,betweenness_centrality,average_neighbor_degree,pagerank,edge_node_ratio
a0,2,1,3,3,0.6000000000000001,0.4,0.2,0.5333333333333333,0.3,3.0,0.1883055933817235,1.5
a1,1,2,2,2,0.6000000000000001,0.2,0.4,0.3555555555555555,0.2,1.0,0.1965365810099892,1.5
a2,2,1,3,2,0.6000000000000001,0.4,0.2,0.5333333333333333,0.15,2.0,0.1883055933817235,1.5
a3,1,0,1,0,0.2,0.2,0.0,0.3333333333333333,0.0,0.0,0.0810067920334917,1.5
a4,1,2,2,3,0.6000000000000001,0.2,0.4,0.32,0.2,1.5,0.104777997893853,1.5
a5,2,3,3,4,1.0,0.4,0.6000000000000001,0.4571428571428571,0.55,1.3333333333333333,0.2410674422992186,1.5
