argument,predecessors,successors,predecessors_neighbors,successors_neighbors,degree_centrality,in_degree_centrality,out_degree_centrality,closeness_centrality,betweenness_centrality,average_neighbor_degree,pagerank,edge_node_ratio
a0,2,1,3,2,0.6000000000000001,0.4,0.2,0.5333333333333333,0.2,2.0,0.2027044415135379,1.5
a1,1,0,2,0,0.2,0.2,0.0,0.4166666666666667,0.0,0.0,0.1040499921847352,1.5
a2,2,2,2,2,0.8,0.4,0.4,0.4571428571428571,0.35,1.0,0.1513175870127834,1.5
a3,1,2,2,3,0.6000000000000001,0.2,0.4,0.32,0.15,1.5,0.1040499921847352,1.5
a4,2,2,3,3,0.8,0.4,0.4,0.4571428571428571,0.35,1.5,0.2793950725521214,1.5
a5,1,2,2,4,0.6000000000000001,0.2,0.4,0.32,0.3,2.0,0.1584829145520865,1.5
