argument,predecessors,successors,predecessors_neighbors,successors_neighbors,degree_centrality,in_degree_centrality,out_degree_centrality,closeness_centrality,betweenness_centrality,average_neighbor_degree,pagerank,edge_node_ratio
a0,0,1,0,2,0.2,0.0,0.2,0.0,0.0,2.0,0.0658682616542099,1.1666666666666667
a1,2,2,2,3,0.8,0.4,0.4,0.4499999999999999,0.25,1.5,0.2119236761448688,1.1666666666666667
a2,0,1,0,2,0.2,0.0,0.2,0.0,0.0,2.0,0.0658682616542099,1.1666666666666667
a3,2,2,2,2,0.8,0.4,0.4,0.4499999999999999,0.2,1.0,0.2119236761448688,1.1666666666666667
a4,2,0,3,0,0.4,0.4,0.0,0.5555555555555556,0.0,0.0,0.2884808013760058,1.1666666666666667
a5,1,1,2,0,0.4,0.2,0.2,0.4,0.05,0.0,0.1559353230258365,1.1666666666666667
