argument,predecessors,successors,predecessors_neighbors,successors_neighbors,degree_centrality,in_degree_centrality,out_degree_centrality,closeness_centrality,betweenness_centrality,average_neighbor_degree,pagerank,edge_node_ratio
a0,1,2,2,2,0.6000000000000001,0.2,0.4,0.3,0.05,1.0,0.1711899272428274,1.1666666666666667
a1,2,0,2,0,0.4,0.4,0.0,0.5333333333333333,0.0,0.0,0.2151855273563989,1.1666666666666667
a2,1,2,0,2,0.6000000000000001,0.2,0.4,0.2,0.2,1.0,0.1475125678774942,1.1666666666666667
a3,2,2,2,2,0.8,0.4,0.4,0.4499999999999999,0.25,1.0,0.2151855273563989,1.1666666666666667
a4,1,0,2,0,0.2,0.2,0.0,0.4,0.0,0.0,0.1711899272428274,1.1666666666666667
a5,0,1,0,2,0.2,0.0,0.2,0.0,0.0,2.0,0.0797365229240524,1.1666666666666667
