argument,predecessors,successors,predecessors_neighbors,successors_neighbors,degree_centrality,in_degree_centrality,out_degree_centrality,closeness_centrality,betweenness_centrality,average_neighbor_degree,pagerank,edge_node_ratio
a0,0,1,0,2,0.2,0.0,0.2,0.0,0.0,2.0,0.0582137877877678,1.3333333333333333
a1,0,1,0,2,0.2,0.0,0.2,0.0,0.0,2.0,0.0582137877877678,1.3333333333333333
a2,2,0,4,0,0.4,0.4,0.0,0.625,0.0,0.0,0.2344495456017227,1.3333333333333333
a3,3,2,2,2,1.0,0.6000000000000001,0.4,0.6400000000000001,0.325,1.0,0.2568181820699468,1.3333333333333333
a4,2,2,4,4,0.8,0.4,0.4,0.5333333333333333,0.2,2.0,0.2344495456017227,1.3333333333333333
a5,1,2,2,2,0.6000000000000001,0.2,0.4,0.3555555555555555,0.025,1.0,0.1578551511510715,1.3333333333333333
