argument,predecessors,successors,predecessors_neighbors,successors_neighbors,degree_centrality,in_degree_centrality,out_degree_centrality,closeness_centrality,betweenness_centrality,average_neighbor_degree,pagerank,edge_node_ratio
a0,1,1,3,3,0.4,0.2,0.2,0.4545454545454545,0.0,3.0,0.1361098833188356,1.5
a1,3,3,5,4,1.2000000000000002,0.6000000000000001,0.6000000000000001,0.7142857142857143,0.625,1.3333333333333333,0.3921531772166791,1.5
a2,1,2,3,4,0.6000000000000001,0.2,0.4,0.4545454545454545,0.2,2.0,0.1361098833188356,1.5
a3,1,1,1,1,0.4,0.2,0.2,0.3846153846153846,0.025,1.0,0.0828468227833207,1.5
a4,0,1,0,1,0.2,0.0,0.2,0.0,0.0,1.0,0.025,1.5
a5,3,1,4,3,0.8,0.6000000000000001,0.2,0.7142857142857143,0.35,3.0,0.2277802333623285,1.5
