argument,predecessors,successors,predecessors_neighbors,successors_neighbors,degree_centrality,in_degree_centrality,out_degree_centrality,closeness_centrality,betweenness_centrality,average_neighbor_degree,pagerank,edge_node_ratio
a0,1,1,2,2,0.3333333333333333,0.1666666666666666,0.1666666666666666,0.4,0.1333333333333333,2.0,0.0881773839094342,1.5714285714285714
a1,1,2,2,3,0.5,0.1666666666666666,0.3333333333333333,0.4285714285714285,0.2333333333333333,1.5,0.2136395994109011,1.5714285714285714
a2,0,2,0,3,0.3333333333333333,0.0,0.3333333333333333,0.0,0.0,1.5,0.0214285714285714,1.5714285714285714
a3,2,2,3,2,0.6666666666666666,0.3333333333333333,0.3333333333333333,0.5454545454545454,0.3333333333333333,1.0,0.1570566739240007,1.5714285714285714
a4,2,1,5,2,0.5,0.3333333333333333,0.1666666666666666,0.6,0.2666666666666666,2.0,0.2261299100634738,1.5714285714285714
a5,2,2,1,3,0.6666666666666666,0.3333333333333333,0.3333333333333333,0.375,0.2333333333333333,1.5,0.1054872854673957,1.5714285714285714
a6,3,1,3,1,0.6666666666666666,0.5,0.1666666666666666,0.6,0.1333333333333333,1.0,0.1880805757962231,1.5714285714285714
