argument,predecessors,successors,predecessors_neighbors,successors_neighbors,degree_centrality,in_degree_centrality,out_degree_centrality,closeness_centrality,betweenness_centrality,average_neighbor_degree,pagerank,edge_node_ratio
a0,0,3,0,3,0.5,0.0,0.5,0.0,0.0,1.0,0.0791728049313213,1.7142857142857142
a1,3,0,2,0,0.5,0.5,0.0,0.5,0.0,0.0,0.1591816602707184,1.7142857142857142
a2,0,3,0,3,0.5,0.0,0.5,0.0,0.0,1.0,0.0791728049313213,1.7142857142857142
a3,2,3,0,2,0.8333333333333333,0.3333333333333333,0.5,0.3333333333333333,0.1333333333333333,0.6666666666666666,0.1240378611206169,1.7142857142857142
a4,5,0,4,0,0.8333333333333333,0.8333333333333333,0.0,0.8333333333333334,0.0,0.0,0.316360285857543,1.7142857142857142
a5,1,1,1,0,0.3333333333333333,0.1666666666666666,0.1666666666666666,0.2962962962962963,0.0,0.0,0.1277579788070558,1.7142857142857142
a6,1,2,2,1,0.5,0.1666666666666666,0.3333333333333333,0.3,0.1,0.5,0.1143166040814227,1.7142857142857142
