argument,predecessors,successors,predecessors_neighbors,successors_neighbors,degree_centrality,in_degree_centrality,out_degree_centrality,closeness_centrality,betweenness_centrality,average_neighbor_degree,pagerank,edge_node_ratio
a0,2,1,2,1,0.6000000000000001,0.4,0.2,0.4571428571428571,0.05,1.0,0.3818534007236198,1.1666666666666667
a1,0,2,0,2,0.4,0.0,0.4,0.0,0.0,1.0,0.0344733601722806,1.1666666666666667
a2,1,0,1,0,0.2,0.2,0.0,0.3,0.0,0.0,0.0668707776866868,1.1666666666666667
a3,1,2,1,1,0.6000000000000001,0.2,0.4,0.2666666666666666,0.2,0.5,0.0762292176809556,1.1666666666666667
a4,1,1,0,2,0.4,0.2,0.2,0.2,0.1,2.0,0.0491245382454999,1.1666666666666667
a5,2,1,3,1,0.6000000000000001,0.4,0.2,0.5333333333333333,0.1,1.0,0.3914487054909571,1.1666666666666667
