argument,predecessors,successors,predecessors_neighbors,successors_neighbors,degree_centrality,in_degree_centrality,out_degree_centrality,closeness_centrality,betweenness_centrality,average_neighbor_degree,pagerank,edge_node_ratio
a0,1,2,0,3,0.5,0.1666666666666666,0.3333333333333333,0.1666666666666666,0.0666666666666666,1.5,0.0999972303229915,1.1428571428571428
a1,2,2,1,1,0.6666666666666666,0.3333333333333333,0.3333333333333333,0.375,0.0833333333333333,0.5,0.1723200726740931,1.1428571428571428
a2,3,0,4,0,0.5,0.5,0.0,0.5952380952380952,0.0,0.0,0.3312543068918938,1.1428571428571428
a3,0,0,0,0,0.0,0.0,0.0,0.0,0.0,0.0,0.070173364730441,1.1428571428571428
a4,2,1,3,0,0.5,0.3333333333333333,0.1666666666666666,0.4444444444444444,0.0166666666666666,0.0,0.1859082959196982,1.1428571428571428
a5,0,1,0,2,0.1666666666666666,0.0,0.1666666666666666,0.0,0.0,2.0,0.070173364730441,1.1428571428571428
a6,0,2,0,2,0.3333333333333333,0.0,0.3333333333333333,0.0,0.0,1.0,0.070173364730441,1.1428571428571428
