argument,predecessors,successors,predecessors_neighbors,successors_neighbors,degree_centrality,in_degree_centrality,out_degree_centrality,closeness_centrality,betweenness_centrality,average_neighbor_degree,pagerank,edge_node_ratio
a0,2,1,5,3,0.5,0.3333333333333333,0.1666666666666666,0.5454545454545454,0.3,3.0,0.1928665191671027,1.8571428571428572
a1,3,1,5,1,0.6666666666666666,0.5,0.1666666666666666,0.6666666666666666,0.15,1.0,0.15765575466205,1.8571428571428572
a2,2,1,3,4,0.5,0.3333333333333333,0.1666666666666666,0.5454545454545454,0.1,4.0,0.1202258459012503,1.8571428571428572
a3,2,4,3,5,1.0,0.3333333333333333,0.6666666666666666,0.5,0.4166666666666667,1.25,0.1761413483473834,1.8571428571428572
a4,2,2,3,2,0.6666666666666666,0.3333333333333333,0.3333333333333333,0.4615384615384615,0.2,1.0,0.1088878418276254,1.8571428571428572
a5,1,1,2,2,0.3333333333333333,0.1666666666666666,0.1666666666666666,0.4,0.0,2.0,0.0588584801893711,1.8571428571428572
a6,1,3,2,6,0.6666666666666666,0.1666666666666666,0.5,0.4,0.3,2.0,0.1853642099052169,1.8571428571428572
