argument,predecessors,successors,predecessors_neighbors,successors_neighbors,degree_centrality,in_degree_centrality,out_degree_centrality,closeness_centrality,betweenness_centrality,average_neighbor_degree,pagerank,edge_node_ratio
a0,1,1,2,1,0.4,0.2,0.2,0.36,0.1,1.0,0.0687245151326007,1.3333333333333333
a1,1,1,2,1,0.4,0.2,0.2,0.3846153846153846,0.0,1.0,0.3005896908467905,1.3333333333333333
a2,1,1,1,3,0.4,0.2,0.2,0.3,0.2,3.0,0.0834162556197194,1.3333333333333333
a3,1,1,2,3,0.4,0.2,0.2,0.3,0.0,3.0,0.0687245151326007,1.3333333333333333
a4,2,1,3,1,0.6000000000000001,0.4,0.2,0.5555555555555556,0.2,1.0,0.3242244600472353,1.3333333333333333
a5,2,3,2,3,1.0,0.4,0.6000000000000001,0.4499999999999999,0.55,1.0,0.1543205632210535,1.3333333333333333
