argument,predecessors,successors,predecessors_neighbors,successors_neighbors,degree_centrality,in_degree_centrality,out_degree_centrality,closeness_centrality,betweenness_centrality,average_neighbor_degree,pagerank,edge_node_ratio
a0,1,1,0,1,0.3333333333333333,0.1666666666666666,0.1666666666666666,0.1666666666666666,0.0666666666666666,1.0,0.1593571096623303,0.42857142857142855
a1,0,0,0,0,0.0,0.0,0.0,0.0,0.0,0.0,0.0861392592415726,0.42857142857142855
a2,1,1,1,0,0.3333333333333333,0.1666666666666666,0.1666666666666666,0.2222222222222222,0.0666666666666666,0.0,0.2215922310578409,0.42857142857142855
a3,1,0,1,0,0.1666666666666666,0.1666666666666666,0.0,0.25,0.0,0.0,0.2744936223135378,0.42857142857142855
a4,0,0,0,0,0.0,0.0,0.0,0.0,0.0,0.0,0.0861392592415726,0.42857142857142855
a5,0,1,0,1,0.1666666666666666,0.0,0.1666666666666666,0.0,0.0,1.0,0.0861392592415726,0.42857142857142855
a6,0,0,0,0,0.0,0.0,0.0,0.0,0.0,0.0,0.0861392592415726,0.42857142857142855
