argument,predecessors,successors,predecessors_neighbors,successors_neighbors,degree_centrality,in_degree_centrality,out_degree_centrality,closeness_centrality,betweenness_centrality,average_neighbor_degree,pagerank,edge_node_ratio
a0,0,1,0,1,0.1666666666666666,0.0,0.1666666666666666,0.0,0.0,1.0,0.0405981881787513,1.1428571428571428
a1,4,1,2,2,0.8333333333333333,0.6666666666666666,0.1666666666666666,0.6944444444444445,0.2666666666666666,2.0,0.2768557810165055,1.1428571428571428
a2,1,2,4,1,0.5,0.1666666666666666,0.3333333333333333,0.4166666666666667,0.1666666666666666,0.5,0.2759270017575297,1.1428571428571428
a3,1,0,1,0,0.1666666666666666,0.1666666666666666,0.0,0.375,0.0,0.0,0.157866172289573,1.1428571428571428
a4,1,2,1,2,0.5,0.1666666666666666,0.3333333333333333,0.1666666666666666,0.1,1.0,0.1175834010909016,1.1428571428571428
a5,1,1,1,2,0.3333333333333333,0.1666666666666666,0.1666666666666666,0.1666666666666666,0.0,2.0,0.0905712674879869,1.1428571428571428
a6,0,1,0,1,0.1666666666666666,0.0,0.1666666666666666,0.0,0.0,1.0,0.0405981881787513,1.1428571428571428
