argument,predecessors,successors,predecessors_neighbors,successors_neighbors,degree_centrality,in_degree_centrality,out_degree_centrality,closeness_centrality,betweenness_centrality,average_neighbor_degree,pagerank,edge_node_ratio
a0,2,3,1,3,1.0,0.4,0.6000000000000001,0.4,0.25,1.0,0.0856990383709858,1.3333333333333333
a1,3,1,4,1,0.8,0.6000000000000001,0.2,0.6400000000000001,0.15,1.0,0.3963271465230415,1.3333333333333333
a2,0,1,0,3,0.2,0.0,0.2,0.0,0.0,3.0,0.0331338223445331,1.3333333333333333
a3,1,2,2,4,0.6000000000000001,0.2,0.4,0.2666666666666666,0.0,2.0,0.0574152165496458,1.3333333333333333
a4,1,0,2,0,0.2,0.2,0.0,0.36,0.0,0.0,0.0574152165496458,1.3333333333333333
a5,1,1,3,1,0.4,0.2,0.2,0.4,0.0,1.0,0.3700095596621481,1.3333333333333333
