argument,predecessors,successors,predecessors_neighbors,successors_neighbors,degree_centrality,in_degree_centrality,out_degree_centrality,closeness_centrality,betweenness_centrality,average_neighbor_degree,pagerank,edge_node_ratio
a0,1,1,0,1,0.3333333333333333,0.1666666666666666,0.1666666666666666,0.1666666666666666,0.0666666666666666,1.0,0.1302463285652197,0.5714285714285714
a1,0,0,0,0,0.0,0.0,0.0,0.0,0.0,0.0,0.0914008350011949,0.5714285714285714
a2,1,0,1,0,0.1666666666666666,0.1666666666666666,0.0,0.25,0.0,0.0,0.2631943628676678,0.5714285714285714
a3,0,2,0,1,0.3333333333333333,0.0,0.3333333333333333,0.0,0.0,0.5,0.0914008350011949,0.5714285714285714
a4,1,1,1,0,0.3333333333333333,0.1666666666666666,0.1666666666666666,0.2222222222222222,0.0666666666666666,0.0,0.2021104749983075,0.5714285714285714
a5,0,0,0,0,0.0,0.0,0.0,0.0,0.0,0.0,0.0914008350011949,0.5714285714285714
a6,1,0,0,0,0.1666666666666666,0.1666666666666666,0.0,0.1666666666666666,0.0,0.0,0.1302463285652197,0.5714285714285714
