argument,predecessors,successors,predecessors_neighbors,successors_neighbors,degree_centrality,in_degree_centrality,out_degree_centrality,closeness_centrality,betweenness_centrality,average_neighbor_degree,pagerank,edge_node_ratio
a0,1,0,0,0,0.1666666666666666,0.1666666666666666,0.0,0.1666666666666666,0.0,0.0,0.1159940382385394,0.8571428571428571
a1,0,1,0,1,0.1666666666666666,0.0,0.1666666666666666,0.0,0.0,1.0,0.0956651420162411,0.8571428571428571
a2,1,0,0,0,0.1666666666666666,0.1666666666666666,0.0,0.1666666666666666,0.0,0.0,0.1159940382385394,0.8571428571428571
a3,2,1,0,0,0.5,0.3333333333333333,0.1666666666666666,0.3333333333333333,0.0666666666666666,0.0,0.1973096231277323,0.8571428571428571
a4,0,4,0,1,0.6666666666666666,0.0,0.6666666666666666,0.0,0.0,0.25,0.0956651420162411,0.8571428571428571
a5,1,0,2,0,0.1666666666666666,0.1666666666666666,0.0,0.3,0.0,0.0,0.263377978124167,0.8571428571428571
a6,1,0,0,0,0.1666666666666666,0.1666666666666666,0.0,0.1666666666666666,0.0,0.0,0.1159940382385394,0.8571428571428571
