argument,predecessors,successors,predecessors_neighbors,successors_neighbors,degree_centrality,in_degree_centrality,out_degree_centrality,closeness_centrality,betweenness_centrality,average_neighbor_degree,pagerank,edge_node_ratio
a0,2,3,2,4,0.8333333333333333,0.3333333333333333,0.5,0.3333333333333333,0.3333333333333333,1.3333333333333333,0.18243278878085,1.4285714285714286
a1,1,1,2,3,0.3333333333333333,0.1666666666666666,0.1666666666666666,0.2222222222222222,0.0,3.0,0.0867115891692371,1.4285714285714286
a2,2,2,4,2,0.6666666666666666,0.3333333333333333,0.3333333333333333,0.5208333333333334,0.3666666666666666,1.0,0.1810058330681048,1.4285714285714286
a3,2,2,3,3,0.6666666666666666,0.3333333333333333,0.3333333333333333,0.4166666666666667,0.2,1.5,0.2218708722798444,1.4285714285714286
a4,1,0,2,0,0.1666666666666666,0.1666666666666666,0.0,0.4285714285714285,0.0,0.0,0.1119505965640376,1.4285714285714286
a5,1,1,2,2,0.3333333333333333,0.1666666666666666,0.1666666666666666,0.2976190476190476,0.0,2.0,0.1293167309686888,1.4285714285714286
a6,1,1,2,3,0.3333333333333333,0.1666666666666666,0.1666666666666666,0.2222222222222222,0.0,3.0,0.0867115891692371,1.4285714285714286
