argument,predecessors,successors,predecessors_neighbors,successors_neighbors,degree_centrality,in_degree_centrality,out_degree_centrality,closeness_centrality,betweenness_centrality,average_neighbor_degree,pagerank,edge_node_ratio
a0,1,1,1,1,0.4,0.2,0.2,0.2666666666666666,0.0,1.0,0.1287784875037776,1.1666666666666667
a1,2,1,2,3,0.6000000000000001,0.4,0.2,0.4,0.1,3.0,0.2382399664305119,1.1666666666666667
a2,1,3,2,2,0.8,0.2,0.6000000000000001,0.2666666666666666,0.15,0.6666666666666666,0.2581425330865712,1.1666666666666667
a3,0,1,0,1,0.2,0.0,0.2,0.0,0.0,1.0,0.0556381371260583,1.1666666666666667
a4,1,1,0,0,0.4,0.2,0.2,0.2,0.05,0.0,0.1029309070100736,1.1666666666666667
a5,2,0,2,0,0.4,0.4,0.0,0.5555555555555556,0.0,0.0,0.2162699688430069,1.1666666666666667
