argument,predecessors,successors,predecessors_neighbors,successors_neighbors,degree_centrality,in_degree_centrality,out_degree_centrality,closeness_centrality,betweenness_centrality,average_neighbor_degree,pagerank,edge_node_ratio
a0,3,1,3,2,0.8,0.6000000000000001,0.2,0.7142857142857143,0.4,2.0,0.322772415301369,1.1666666666666667
a1,2,1,1,1,0.6000000000000001,0.4,0.2,0.4545454545454545,0.25,1.0,0.1756409771796916,1.1666666666666667
a2,1,1,1,1,0.4,0.2,0.2,0.3846153846153846,0.15,1.0,0.152227584698631,1.1666666666666667
a3,0,1,0,1,0.2,0.0,0.2,0.0,0.0,1.0,0.025,1.1666666666666667
a4,1,2,3,2,0.6000000000000001,0.2,0.4,0.4545454545454545,0.3,1.0,0.2993590228203084,1.1666666666666667
a5,0,1,0,1,0.2,0.0,0.2,0.0,0.0,1.0,0.025,1.1666666666666667
