argument,predecessors,successors,predecessors_neighbors,successors_neighbors,degree_centrality,in_degree_centrality,out_degree_centrality,closeness_centrality,betweenness_centrality,average_neighbor_degree,pagerank,edge_node_ratio
a0,1,1,1,1,0.4,0.2,0.2,0.3846153846153846,0.25,1.0,0.226089839061974,1.0
a1,1,1,1,1,0.4,0.2,0.2,0.3333333333333333,0.15,1.0,0.2171763632026779,1.0
a2,2,1,2,1,0.6000000000000001,0.4,0.2,0.5555555555555556,0.45,1.0,0.2489101609380258,1.0
a3,1,1,2,1,0.4,0.2,0.2,0.4545454545454545,0.35,1.0,0.2365736367973219,1.0
a4,0,1,0,1,0.2,0.0,0.2,0.0,0.0,1.0,0.025,1.0
a5,1,1,0,1,0.4,0.2,0.2,0.2,0.2,1.0,0.04625,1.0
