argument,predecessors,successors,predecessors_neighbors,successors_neighbors,degree_centrality,in_degree_centrality,out_degree_centrality,closeness_centrality,betweenness_centrality,average_neighbor_degree,pagerank,edge_node_ratio
a0,1,1,2,3,0.3333333333333333,0.1666666666666666,0.1666666666666666,0.2222222222222222,0.0,3.0,0.0530546623824686,1.5714285714285714
a1,2,3,2,5,0.8333333333333333,0.3333333333333333,0.5,0.3333333333333333,0.3333333333333333,1.6666666666666667,0.1116214974746474,1.5714285714285714
a2,1,1,2,3,0.3333333333333333,0.1666666666666666,0.1666666666666666,0.2222222222222222,0.0,3.0,0.0530546623824686,1.5714285714285714
a3,4,3,5,3,1.1666666666666663,0.6666666666666666,0.5,0.75,0.5,1.0,0.3880977279979646,1.5714285714285714
a4,1,1,4,3,0.3333333333333333,0.1666666666666666,0.1666666666666666,0.4615384615384615,0.0,3.0,0.13139048325415,1.5714285714285714
a5,1,1,4,3,0.3333333333333333,0.1666666666666666,0.1666666666666666,0.4615384615384615,0.0,3.0,0.13139048325415,1.5714285714285714
a6,1,1,4,3,0.3333333333333333,0.1666666666666666,0.1666666666666666,0.4615384615384615,0.0,3.0,0.13139048325415,1.5714285714285714
