argument,predecessors,successors,predecessors_neighbors,successors_neighbors,degree_centrality,in_degree_centrality,out_degree_centrality,closeness_centrality,betweenness_centrality,average_neighbor_degree,pagerank,edge_node_ratio
a0,1,3,3,6,0.6666666666666666,0.1666666666666666,0.5,0.4285714285714285,0.2277777777777777,2.0,0.1033774982700036,2.142857142857143
a1,3,2,6,4,0.8333333333333333,0.5,0.3333333333333333,0.6666666666666666,0.1666666666666666,2.0,0.1763527553256479,2.142857142857143
a2,2,3,4,6,0.8333333333333333,0.3333333333333333,0.5,0.5454545454545454,0.1666666666666666,2.0,0.1374174680002075,2.142857142857143
a3,1,1,1,2,0.3333333333333333,0.1666666666666666,0.1666666666666666,0.375,0.0333333333333333,2.0,0.050718943602981,2.142857142857143
a4,3,2,6,5,0.8333333333333333,0.5,0.3333333333333333,0.6666666666666666,0.3055555555555556,2.5,0.2039969293632765,2.142857142857143
a5,2,2,5,4,0.6666666666666666,0.3333333333333333,0.3333333333333333,0.5,0.0444444444444444,2.0,0.1353141536598072,2.142857142857143
a6,3,2,7,5,0.8333333333333333,0.5,0.3333333333333333,0.6,0.3555555555555555,2.5,0.1928222517780762,2.142857142857143
