argument,predecessors,successors,predecessors_neighbors,successors_neighbors,degree_centrality,in_degree_centrality,out_degree_centrality,closeness_centrality,betweenness_centrality,average_neighbor_degree,pagerank,edge_node_ratio
a0,3,0,1,0,0.5,0.5,0.0,0.5,0.0,0.0,0.3517470177696803,0.5714285714285714
a1,0,0,0,0,0.0,0.0,0.0,0.0,0.0,0.0,0.1008954026928518,0.5714285714285714
a2,1,1,0,0,0.3333333333333333,0.1666666666666666,0.1666666666666666,0.1666666666666666,0.0,0.0,0.1437759687660599,0.5714285714285714
a3,0,2,0,1,0.3333333333333333,0.0,0.3333333333333333,0.0,0.0,0.5,0.1008954026928518,0.5714285714285714
a4,0,0,0,0,0.0,0.0,0.0,0.0,0.0,0.0,0.1008954026928518,0.5714285714285714
a5,0,0,0,0,0.0,0.0,0.0,0.0,0.0,0.0,0.1008954026928518,0.5714285714285714
a6,0,1,0,0,0.1666666666666666,0.0,0.1666666666666666,0.0,0.0,0.0,0.1008954026928518,0.5714285714285714
