argument,predecessors,successors,predecessors_neighbors,successors_neighbors,degree_centrality,in_degree_centrality,out_degree_centrality,closeness_centrality,betweenness_centrality,average_neighbor_degree,pagerank,edge_node_ratio
a0,2,0,1,0,0.3333333333333333,0.3333333333333333,0.0,0.3333333333333333,0.0,0.0,0.1752176138864958,1.0
a1,2,0,1,0,0.3333333333333333,0.3333333333333333,0.0,0.3333333333333333,0.0,0.0,0.1752176138864958,1.0
a2,0,0,0,0,0.0,0.0,0.0,0.0,0.0,0.0,0.112604683149048,1.0
a3,0,4,0,3,0.6666666666666666,0.0,0.6666666666666666,0.0,0.0,0.75,0.112604683149048,1.0
a4,1,0,1,0,0.1666666666666666,0.1666666666666666,0.0,0.2222222222222222,0.0,0.0,0.1512891881421755,1.0
a5,1,0,0,0,0.1666666666666666,0.1666666666666666,0.0,0.1666666666666666,0.0,0.0,0.1365331088933683,1.0
a6,1,3,0,0,0.6666666666666666,0.1666666666666666,0.5,0.1666666666666666,0.0333333333333333,0.0,0.1365331088933683,1.0
