argument,predecessors,successors,predecessors_neighbors,successors_neighbors,degree_centrality,in_degree_centrality,out_degree_centrality,closeness_centrality,betweenness_centrality,average_neighbor_degree,pagerank,edge_node_ratio
a0,2,1,3,1,0.5,0.3333333333333333,0.1666666666666666,0.5208333333333334,0.3333333333333333,1.0,0.2276630844739484,1.1428571428571428
a1,0,0,0,0,0.0,0.0,0.0,0.0,0.0,0.0,0.024390243902439,1.1428571428571428
a2,2,1,2,1,0.5,0.3333333333333333,0.1666666666666666,0.3787878787878788,0.2333333333333333,1.0,0.1343413575294998,1.1428571428571428
a3,1,1,1,1,0.3333333333333333,0.1666666666666666,0.1666666666666666,0.2777777777777778,0.0,1.0,0.072616930187777,1.1428571428571428
a4,1,2,1,2,0.5,0.1666666666666666,0.3333333333333333,0.2777777777777778,0.2333333333333333,1.0,0.1134734900642351,1.1428571428571428
a5,1,1,2,2,0.3333333333333333,0.1666666666666666,0.1666666666666666,0.3787878787878788,0.3333333333333333,2.0,0.2179048881559823,1.1428571428571428
a6,1,2,1,3,0.5,0.1666666666666666,0.3333333333333333,0.2976190476190476,0.3333333333333333,1.5,0.2096100056861181,1.1428571428571428
