argument,predecessors,successors,predecessors_neighbors,successors_neighbors,degree_centrality,in_degree_centrality,out_degree_centrality,closeness_centrality,betweenness_centrality,average_neighbor_degree,pagerank,edge_node_ratio
a0,1,0,2,0,0.2,0.2,0.0,0.4166666666666667,0.0,0.0,0.1082010733497902,1.6666666666666667
a1,2,2,4,3,0.8,0.4,0.4,0.4571428571428571,0.2,1.5,0.1597000016538569,1.6666666666666667
a2,3,3,5,6,1.2000000000000002,0.6000000000000001,0.6000000000000001,0.6400000000000001,0.55,2.0,0.2532068634609765,1.6666666666666667
a3,1,2,3,5,0.6000000000000001,0.2,0.4,0.4,0.0,2.5,0.1120700024238895,1.6666666666666667
a4,1,1,2,2,0.4,0.2,0.2,0.3555555555555555,0.0,2.0,0.1377042593905668,1.6666666666666667
a5,2,2,4,4,0.8,0.4,0.4,0.5333333333333333,0.35,2.0,0.2291177997209196,1.6666666666666667
