argument,predecessors,successors,predecessors_neighbors,successors_neighbors,degree_centrality,in_degree_centrality,out_degree_centrality,closeness_centrality,betweenness_centrality,average_neighbor_degree,pagerank,edge_node_ratio
a0,1,1,1,0,0.4,0.2,0.2,0.32,0.2,0.0,0.1108988413902486,1.1666666666666667
a1,1,2,2,3,0.6000000000000001,0.2,0.4,0.3,0.3,1.5,0.1557978489794239,1.1666666666666667
a2,2,2,2,3,0.8,0.4,0.4,0.4499999999999999,0.45,1.5,0.261444211849076,1.1666666666666667
a3,1,1,2,1,0.4,0.2,0.2,0.36,0.1,1.0,0.1557978489794239,1.1666666666666667
a4,1,1,1,2,0.4,0.2,0.2,0.3,0.2,2.0,0.17711340058246,1.1666666666666667
a5,1,0,1,0,0.2,0.2,0.0,0.3333333333333333,0.0,0.0,0.1389478482193672,1.1666666666666667
