argument,predecessors,successors,predecessors_neighbors,successors_neighbors,degree_centrality,in_degree_centrality,out_degree_centrality,closeness_centrality,betweenness_centrality,average_neighbor_degree,pagerank,edge_node_ratio
a0,1,1,2,4,0.3333333333333333,0.1666666666666666,0.1666666666666666,0.2222222222222222,0.0,4.0,0.1247665402274822,1.1428571428571428
a1,2,4,2,3,1.0,0.3333333333333333,0.6666666666666666,0.3333333333333333,0.2333333333333333,0.75,0.2340986590144372,1.1428571428571428
a2,2,0,2,0,0.3333333333333333,0.3333333333333333,0.0,0.4444444444444444,0.0,0.0,0.1885341251973852,1.1428571428571428
a3,0,1,0,0,0.1666666666666666,0.0,0.1666666666666666,0.0,0.0,0.0,0.075020825260551,1.1428571428571428
a4,1,2,2,4,0.5,0.1666666666666666,0.3333333333333333,0.2222222222222222,0.0666666666666666,2.0,0.1247665402274822,1.1428571428571428
a5,1,0,1,0,0.1666666666666666,0.1666666666666666,0.0,0.25,0.0,0.0,0.1280467698451797,1.1428571428571428
a6,1,0,2,0,0.1666666666666666,0.1666666666666666,0.0,0.3,0.0,0.0,0.1247665402274822,1.1428571428571428
