argument,predecessors,successors,predecessors_neighbors,successors_neighbors,degree_centrality,in_degree_centrality,out_degree_centrality,closeness_centrality,betweenness_centrality,average_neighbor_degree,pagerank,edge_node_ratio
a0,2,1,3,3,0.6000000000000001,0.4,0.2,0.4545454545454545,0.1,3.0,0.2450999914737884,1.3333333333333333
a1,2,1,3,3,0.6000000000000001,0.4,0.2,0.5555555555555556,0.3,3.0,0.1717993992997027,1.3333333333333333
a2,2,3,4,3,1.0,0.4,0.6000000000000001,0.5555555555555556,0.45,1.0,0.3793637099268059,1.3333333333333333
a3,1,1,2,1,0.4,0.2,0.2,0.4166666666666667,0.0,1.0,0.1324868992997027,1.3333333333333333
a4,1,1,0,1,0.4,0.2,0.2,0.2,0.2,1.0,0.04625,1.3333333333333333
a5,0,1,0,1,0.2,0.0,0.2,0.0,0.0,1.0,0.025,1.3333333333333333
