argument,predecessors,successors,predecessors_neighbors,successors_neighbors,degree_centrality,in_degree_centrality,out_degree_centrality,closeness_centrality,betweenness_centrality,average_neighbor_degree,pagerank,edge_node_ratio
a0,0,1,0,2,0.2,0.0,0.2,0.0,0.0,2.0,0.025,1.5
a1,2,2,2,3,0.8,0.4,0.4,0.4545454545454545,0.35,1.5,0.2250876129092944,1.5
a2,2,1,4,2,0.6000000000000001,0.4,0.2,0.5555555555555556,0.15,2.0,0.2103980751008232,1.5
a3,2,2,3,3,0.8,0.4,0.4,0.5,0.35,1.5,0.2128933046784298,1.5
a4,2,2,4,3,0.8,0.4,0.4,0.625,0.5,1.5,0.2111418894436247,1.5
a5,1,1,2,2,0.4,0.2,0.2,0.3571428571428571,0.0,2.0,0.1154791178678275,1.5
