argument,predecessors,successors,predecessors_neighbors,successors_neighbors,degree_centrality,in_degree_centrality,out_degree_centrality,closeness_centrality,betweenness_centrality,average_neighbor_degree,pagerank,edge_node_ratio
a0,2,3,2,4,1.0,0.4,0.6000000000000001,0.4,0.25,1.3333333333333333,0.089041095890412,1.6666666666666667
a1,1,2,2,4,0.6000000000000001,0.2,0.4,0.2666666666666666,0.0,2.0,0.0502283105022832,1.6666666666666667
a2,1,1,2,2,0.4,0.2,0.2,0.3846153846153846,0.0,2.0,0.1890095836349202,1.6666666666666667
a3,2,2,4,2,0.8,0.4,0.4,0.5555555555555556,0.25,1.0,0.3859077733694271,1.6666666666666667
a4,3,1,5,2,0.8,0.6000000000000001,0.2,0.7142857142857143,0.3,2.0,0.2355849261006741,1.6666666666666667
a5,1,1,2,3,0.4,0.2,0.2,0.2666666666666666,0.0,3.0,0.0502283105022832,1.6666666666666667
