argument,predecessors,successors,predecessors_neighbors,successors_neighbors,degree_centrality,in_degree_centrality,out_degree_centrality,closeness_centrality,betweenness_centrality,average_neighbor_degree,pagerank,edge_node_ratio
a0,1,1,5,4,0.3333333333333333,0.1666666666666666,0.1666666666666666,0.462962962962963,0.0,4.0,0.1262917327433911,1.2857142857142858
a1,5,4,3,3,1.5,0.8333333333333333,0.6666666666666666,0.8333333333333334,0.5666666666666667,0.75,0.4213052181378873,1.2857142857142858
a2,1,1,5,4,0.3333333333333333,0.1666666666666666,0.1666666666666666,0.462962962962963,0.0,4.0,0.1262917327433911,1.2857142857142858
a3,1,0,5,0,0.1666666666666666,0.1666666666666666,0.0,0.5454545454545454,0.0,0.0,0.1262917327433911,1.2857142857142858
a4,0,1,0,4,0.1666666666666666,0.0,0.1666666666666666,0.0,0.0,4.0,0.0367639254442738,1.2857142857142858
a5,0,1,0,4,0.1666666666666666,0.0,0.1666666666666666,0.0,0.0,4.0,0.0367639254442738,1.2857142857142858
a6,1,1,5,4,0.3333333333333333,0.1666666666666666,0.1666666666666666,0.462962962962963,0.0,4.0,0.1262917327433911,1.2857142857142858
