argument,predecessors,successors,predecessors_neighbors,successors_neighbors,degree_centrality,in_degree_centrality,out_degree_centrality,closeness_centrality,betweenness_centrality,average_neighbor_degree,pagerank,edge_node_ratio
a0,2,2,1,3,0.6666666666666666,0.3333333333333333,0.3333333333333333,0.375,0.2,1.5,0.1514961192081604,1.4285714285714286
a1,0,2,0,2,0.3333333333333333,0.0,0.3333333333333333,0.0,0.0,1.0,0.0818106189426764,1.4285714285714286
a2,2,0,2,0,0.3333333333333333,0.3333333333333333,0.0,0.3809523809523809,0.0,0.0,0.1581487653708736,1.4285714285714286
a3,1,3,2,3,0.6666666666666666,0.1666666666666666,0.5,0.3,0.2,1.0,0.1461966765064395,1.4285714285714286
a4,3,0,3,0,0.5,0.5,0.0,0.5333333333333333,0.0,0.0,0.2223884356582999,1.4285714285714286
a5,1,3,1,2,0.6666666666666666,0.1666666666666666,0.5,0.25,0.1333333333333333,0.6666666666666666,0.1232328215999632,1.4285714285714286
a6,1,0,1,0,0.1666666666666666,0.1666666666666666,0.0,0.2666666666666666,0.0,0.0,0.1167265627135868,1.4285714285714286
