argument,predecessors,successors,predecessors_neighbors,successors_neighbors,degree_centrality,in_degree_centrality,out_degree_centrality,closeness_centrality,betweenness_centrality,average_neighbor_degree,pagerank,edge_node_ratio
a0,2,2,4,3,0.8,0.4,0.4,0.5,0.175,1.5,0.2838963238176827,1.6666666666666667
a1,2,1,5,2,0.6000000000000001,0.4,0.2,0.625,0.075,2.0,0.2030571672896098,1.6666666666666667
a2,0,1,0,3,0.2,0.0,0.2,0.0,0.0,3.0,0.025,1.6666666666666667
a3,1,1,3,3,0.4,0.2,0.2,0.4166666666666667,0.0,3.0,0.0824004474288097,1.6666666666666667
a4,3,3,3,4,1.2000000000000002,0.6000000000000001,0.6000000000000001,0.625,0.525,1.3333333333333333,0.2025888941742875,1.6666666666666667
a5,2,2,5,5,0.8,0.4,0.4,0.625,0.275,2.5,0.2030571672896098,1.6666666666666667
