argument,predecessors,successors,predecessors_neighbors,successors_neighbors,degree_centrality,in_degree_centrality,out_degree_centrality,closeness_centrality,betweenness_centrality,average_neighbor_degree,pagerank,edge_node_ratio
a0,2,0,1,0,0.4,0.4,0.0,0.4545454545454545,0.0,0.0,0.146290092877707,1.3333333333333333
a1,0,1,0,1,0.2,0.0,0.2,0.0,0.0,1.0,0.0457245322769353,1.3333333333333333
a2,2,1,3,2,0.6000000000000001,0.4,0.2,0.5333333333333333,0.15,2.0,0.2297675429057281,1.3333333333333333
a3,3,2,3,3,1.0,0.6000000000000001,0.4,0.6400000000000001,0.35,1.5,0.341591490795552,1.3333333333333333
a4,1,2,3,2,0.6000000000000001,0.2,0.4,0.4,0.15,1.0,0.1909018088671421,1.3333333333333333
a5,0,2,0,2,0.4,0.0,0.4,0.0,0.0,1.0,0.0457245322769353,1.3333333333333333
