argument,predecessors,successors,predecessors_neighbors,successors_neighbors,degree_centrality,in_degree_centrality,out_degree_centrality,closeness_centrality,betweenness_centrality,average_neighbor_degree,pagerank,edge_node_ratio
a0,0,1,0,1,0.2,0.0,0.2,0.0,0.0,1.0,0.0777768872417324,1.1666666666666667
a1,1,1,0,0,0.4,0.2,0.2,0.2,0.05,0.0,0.1438879100576989,1.1666666666666667
a2,1,2,1,2,0.6000000000000001,0.2,0.4,0.2,0.025,1.0,0.135264288381208,1.1666666666666667
a3,3,0,3,0,0.6000000000000001,0.6000000000000001,0.0,0.7142857142857143,0.0,0.0,0.3725423375569446,1.1666666666666667
a4,1,1,1,0,0.4,0.2,0.2,0.2666666666666666,0.025,0.0,0.135264288381208,1.1666666666666667
a5,1,2,1,3,0.6000000000000001,0.2,0.4,0.2,0.05,1.5,0.135264288381208,1.1666666666666667
