argument,predecessors,successors,predecessors_neighbors,successors_neighbors,degree_centrality,in_degree_centrality,out_degree_centrality,closeness_centrality,betweenness_centrality,average_neighbor_degree,pagerank,edge_node_ratio
a0,3,0,5,0,0.5,0.5,0.0,0.5952380952380952,0.0,0.0,0.2263428545446479,1.7142857142857142
a1,0,3,0,3,0.5,0.0,0.5,0.0,0.0,1.0,0.0743046857690095,1.7142857142857142
a2,3,0,4,0,0.5,0.5,0.0,0.5952380952380952,0.0,0.0,0.2091058434138225,1.7142857142857142
a3,1,1,0,2,0.3333333333333333,0.1666666666666666,0.1666666666666666,0.1666666666666666,0.0,2.0,0.095357469398759,1.7142857142857142
a4,4,2,2,0,1.0,0.6666666666666666,0.3333333333333333,0.6666666666666666,0.1333333333333333,0.0,0.2304901876134297,1.7142857142857142
a5,0,4,0,4,0.6666666666666666,0.0,0.6666666666666666,0.0,0.0,1.0,0.0743046857690095,1.7142857142857142
a6,1,2,0,2,0.5,0.1666666666666666,0.3333333333333333,0.1666666666666666,0.0,1.0,0.0900942734913216,1.7142857142857142
