argument,predecessors,successors,predecessors_neighbors,successors_neighbors,degree_centrality,in_degree_centrality,out_degree_centrality,closeness_centrality,betweenness_centrality,average_neighbor_degree,pagerank,edge_node_ratio
a0,1,1,4,2,0.4,0.2,0.2,0.5,0.0,2.0,0.2211323910040148,1.3333333333333333
a1,0,2,0,2,0.4,0.0,0.4,0.0,0.0,1.0,0.025,1.3333333333333333
a2,1,1,0,2,0.4,0.2,0.2,0.2,0.075,2.0,0.035625,1.3333333333333333
a3,1,1,4,2,0.4,0.2,0.2,0.5,0.0,2.0,0.2211323910040148,1.3333333333333333
a4,4,2,4,2,1.2000000000000002,0.8,0.4,0.8333333333333334,0.4,1.0,0.4614852179919704,1.3333333333333333
a5,1,1,0,2,0.4,0.2,0.2,0.2,0.075,2.0,0.035625,1.3333333333333333
