argument,predecessors,successors,predecessors_neighbors,successors_neighbors,degree_centrality,in_degree_centrality,out_degree_centrality,closeness_centrality,betweenness_centrality,average_neighbor_degree,pagerank,edge_node_ratio
a0,3,1,2,1,0.8,0.6000000000000001,0.2,0.6400000000000001,0.075,1.0,0.420983718506965,1.1666666666666667
a1,2,1,4,1,0.6000000000000001,0.4,0.2,0.5333333333333333,0.05,1.0,0.4270977223700909,1.1666666666666667
a2,1,1,0,1,0.4,0.2,0.2,0.2,0.025,1.0,0.0446358653093187,1.1666666666666667
a3,0,2,0,2,0.4,0.0,0.4,0.0,0.0,1.0,0.0313234142521534,1.1666666666666667
a4,1,0,0,0,0.2,0.2,0.0,0.2,0.0,0.0,0.0446358653093187,1.1666666666666667
a5,0,2,0,1,0.4,0.0,0.4,0.0,0.0,0.5,0.0313234142521534,1.1666666666666667
