argument,predecessors,successors,predecessors_neighbors,successors_neighbors,degree_centrality,in_degree_centrality,out_degree_centrality,closeness_centrality,betweenness_centrality,average_neighbor_degree,pagerank,edge_node_ratio
a0,1,1,4,4,0.2857142857142857,0.1428571428571428,0.1428571428571428,0.3956043956043956,0.0,4.0,0.0999304675556123,1.5
a1,4,4,6,6,1.1428571428571428,0.5714285714285714,0.5714285714285714,0.6428571428571428,0.6190476190476191,1.5,0.3459872982511472,1.5
a2,2,3,5,5,0.7142857142857142,0.2857142857142857,0.4285714285714285,0.4675324675324674,0.3571428571428571,1.6666666666666667,0.161200250017466,1.5
a3,1,1,4,4,0.2857142857142857,0.1428571428571428,0.1428571428571428,0.3956043956043956,0.0,4.0,0.0999304675556123,1.5
a4,2,1,4,4,0.4285714285714285,0.2857142857142857,0.1428571428571428,0.4675324675324674,0.1428571428571428,4.0,0.122377920044432,1.5
a5,1,1,2,3,0.2857142857142857,0.1428571428571428,0.1428571428571428,0.3214285714285714,0.0,3.0,0.072082436883999,1.5
a6,0,1,0,1,0.1428571428571428,0.0,0.1428571428571428,0.0,0.0,1.0,0.0264087228077317,1.5
a7,1,0,2,0,0.1428571428571428,0.1428571428571428,0.0,0.3888888888888889,0.0,0.0,0.072082436883999,1.5
