argument,predecessors,successors,predecessors_neighbors,successors_neighbors,degree_centrality,in_degree_centrality,out_degree_centrality,closeness_centrality,betweenness_centrality,average_neighbor_degree,pagerank,edge_node_ratio
a0,4,2,4,3,0.8571428571428571,0.5714285714285714,0.2857142857142857,0.6428571428571428,0.2857142857142857,1.5,0.3152200327147614,1.25
a1,2,2,5,3,0.5714285714285714,0.2857142857142857,0.2857142857142857,0.4675324675324674,0.1666666666666666,1.5,0.2737316320298654,1.25
a2,0,2,0,2,0.2857142857142857,0.0,0.2857142857142857,0.0,0.0,1.0,0.0220953783833548,1.25
a3,1,1,2,2,0.2857142857142857,0.1428571428571428,0.1428571428571428,0.3214285714285714,0.0,2.0,0.138430351521181,1.25
a4,1,0,0,0,0.1428571428571428,0.1428571428571428,0.0,0.1428571428571428,0.0,0.0,0.0314859141962806,1.25
a5,0,1,0,2,0.1428571428571428,0.0,0.1428571428571428,0.0,0.0,2.0,0.0220953783833548,1.25
a6,2,1,4,2,0.4285714285714285,0.2857142857142857,0.1428571428571428,0.4675324675324674,0.0714285714285714,2.0,0.1748459343878465,1.25
a7,0,1,0,1,0.1428571428571428,0.0,0.1428571428571428,0.0,0.0,1.0,0.0220953783833548,1.25
