argument,predecessors,successors,predecessors_neighbors,successors_neighbors,degree_centrality,in_degree_centrality,out_degree_centrality,closeness_centrality,betweenness_centrality,average_neighbor_degree,pagerank,edge_node_ratio
a0,4,4,6,6,1.1428571428571428,0.5714285714285714,0.5714285714285714,0.6428571428571428,0.6428571428571428,1.5,0.3209438900030075,1.5
a1,2,2,5,5,0.5714285714285714,0.2857142857142857,0.2857142857142857,0.4675324675324674,0.238095238095238,2.5,0.1812785678559921,1.5
a2,1,1,2,2,0.2857142857142857,0.1428571428571428,0.1428571428571428,0.3214285714285714,0.0,2.0,0.1027673127279322,1.5
a3,2,1,4,4,0.4285714285714285,0.2857142857142857,0.1428571428571428,0.4675324675324674,0.1428571428571428,4.0,0.1157915562061154,1.5
a4,1,2,4,4,0.4285714285714285,0.1428571428571428,0.2857142857142857,0.3956043956043956,0.1428571428571428,2.0,0.0939257084196133,1.5
a5,1,1,4,4,0.2857142857142857,0.1428571428571428,0.1428571428571428,0.3956043956043956,0.0,4.0,0.0939257084196133,1.5
a6,1,0,1,0,0.1428571428571428,0.1428571428571428,0.0,0.35,0.0,0.0,0.065642684866523,1.5
a7,0,1,0,1,0.1428571428571428,0.0,0.1428571428571428,0.0,0.0,1.0,0.0257245715012026,1.5
