argument,predecessors,successors,predecessors_neighbors,successors_neighbors,degree_centrality,in_degree_centrality,out_degree_centrality,closeness_centrality,betweenness_centrality,average_neighbor_degree,pagerank,edge_node_ratio
a0,2,1,3,2,0.5,0.3333333333333333,0.1666666666666666,0.462962962962963,0.2666666666666666,2.0,0.2446488389304244,1.1428571428571428
a1,1,1,1,1,0.3333333333333333,0.1666666666666666,0.1666666666666666,0.3205128205128205,0.2,1.0,0.0956998342598794,1.1428571428571428
a2,1,1,1,1,0.3333333333333333,0.1666666666666666,0.1666666666666666,0.2976190476190476,0.2,1.0,0.1143950785434349,1.1428571428571428
a3,1,0,1,0,0.1666666666666666,0.1666666666666666,0.0,0.3333333333333333,0.0,0.0,0.0956998342598794,1.1428571428571428
a4,0,1,0,2,0.1666666666666666,0.0,0.1666666666666666,0.0,0.0,2.0,0.0330493848179293,1.1428571428571428
a5,1,2,2,1,0.5,0.1666666666666666,0.3333333333333333,0.3472222222222222,0.4,0.5,0.147414305536572,1.1428571428571428
a6,2,2,2,3,0.6666666666666666,0.3333333333333333,0.3333333333333333,0.3787878787878788,0.4666666666666667,1.5,0.2690927236518804,1.1428571428571428
