argument,predecessors,successors,predecessors_neighbors,successors_neighbors,degree_centrality,in_degree_centrality,out_degree_centrality,closeness_centrality,betweenness_centrality,average_neighbor_degree,pagerank,edge_node_ratio
a0,1,1,1,2,0.3333333333333333,0.1666666666666666,0.1666666666666666,0.1666666666666666,0.0,2.0,0.1550352846962869,1.1428571428571428
a1,1,2,1,1,0.5,0.1666666666666666,0.3333333333333333,0.1666666666666666,0.0333333333333333,0.5,0.2012727436872164,1.1428571428571428
a2,1,0,1,0,0.1666666666666666,0.1666666666666666,0.0,0.2222222222222222,0.0,0.0,0.1452997980797251,1.1428571428571428
a3,1,1,0,0,0.3333333333333333,0.1666666666666666,0.1666666666666666,0.1666666666666666,0.0333333333333333,0.0,0.0891835750026135,1.1428571428571428
a4,0,3,0,2,0.5,0.0,0.5,0.0,0.0,0.6666666666666666,0.0694936342470815,1.1428571428571428
a5,1,1,0,0,0.3333333333333333,0.1666666666666666,0.1666666666666666,0.1666666666666666,0.0,0.0,0.0891835750026135,1.1428571428571428
a6,3,0,2,0,0.5,0.5,0.0,0.5333333333333333,0.0,0.0,0.2505313892844625,1.1428571428571428
