argument,predecessors,successors,predecessors_neighbors,successors_neighbors,degree_centrality,in_degree_centrality,out_degree_centrality,closeness_centrality,betweenness_centrality,average_neighbor_degree,pagerank,edge_node_ratio
a0,1,3,2,6,0.5714285714285714,0.1428571428571428,0.4285714285714285,0.4117647058823529,0.5952380952380952,2.0,0.2258254674680595,2.0
a1,1,4,1,7,0.7142857142857142,0.1428571428571428,0.5714285714285714,0.3333333333333333,0.3214285714285714,1.75,0.0827333969893757,2.0
a2,1,3,1,3,0.5714285714285714,0.1428571428571428,0.4285714285714285,0.2916666666666667,0.0119047619047619,1.0,0.0363309958409706,2.0
a3,3,1,3,1,0.5714285714285714,0.4285714285714285,0.1428571428571428,0.5,0.1309523809523809,1.0,0.1084680210414266,2.0
a4,1,2,1,2,0.4285714285714285,0.1428571428571428,0.2857142857142857,0.2916666666666667,0.0119047619047619,1.0,0.0363309958409706,2.0
a5,3,1,3,1,0.5714285714285714,0.4285714285714285,0.1428571428571428,0.4666666666666667,0.0357142857142857,1.0,0.1106082424511667,2.0
a6,2,1,7,3,0.4285714285714285,0.2857142857142857,0.1428571428571428,0.5833333333333334,0.5952380952380952,3.0,0.2436195340454906,2.0
a7,4,1,6,1,0.7142857142857142,0.5714285714285714,0.1428571428571428,0.5384615384615384,0.2976190476190476,1.0,0.1560833463225394,2.0
