argument,predecessors,successors,predecessors_neighbors,successors_neighbors,degree_centrality,in_degree_centrality,out_degree_centrality,closeness_centrality,betweenness_centrality,average_neighbor_degree,pagerank,edge_node_ratio
a0,3,2,5,2,0.8333333333333333,0.5,0.3333333333333333,0.6,0.2,1.0,0.4204732142857142,1.2857142857142858
a1,2,1,4,2,0.5,0.3333333333333333,0.1666666666666666,0.5,0.0,2.0,0.2235578124999999,1.2857142857142858
a2,0,1,0,1,0.1666666666666666,0.0,0.1666666666666666,0.0,0.0,1.0,0.0214285714285714,1.2857142857142858
a3,1,1,0,2,0.3333333333333333,0.1666666666666666,0.1666666666666666,0.1666666666666666,0.1333333333333333,2.0,0.0396428571428571,1.2857142857142858
a4,0,1,0,1,0.1666666666666666,0.0,0.1666666666666666,0.0,0.0,1.0,0.0214285714285714,1.2857142857142858
a5,2,1,3,2,0.5,0.3333333333333333,0.1666666666666666,0.4615384615384615,0.0666666666666666,2.0,0.2183439732142857,1.2857142857142858
a6,1,2,1,3,0.5,0.1666666666666666,0.3333333333333333,0.2222222222222222,0.2,1.5,0.055125,1.2857142857142858
