argument,predecessors,successors,predecessors_neighbors,successors_neighbors,degree_centrality,in_degree_centrality,out_degree_centrality,closeness_centrality,betweenness_centrality,average_neighbor_degree,pagerank,edge_node_ratio
a0,1,1,3,2,0.3333333333333333,0.1666666666666666,0.1666666666666666,0.4285714285714285,0.0,2.0,0.0826842410180496,1.5714285714285714
a1,1,1,3,3,0.3333333333333333,0.1666666666666666,0.1666666666666666,0.4,0.0,3.0,0.0826842410180496,1.5714285714285714
a2,0,1,0,3,0.1666666666666666,0.0,0.1666666666666666,0.0,0.0,3.0,0.0214285714285714,1.5714285714285714
a3,3,3,4,4,1.0,0.5,0.5,0.6,0.5333333333333333,1.3333333333333333,0.216197391982482,1.5714285714285714
a4,1,1,2,2,0.3333333333333333,0.1666666666666666,0.1666666666666666,0.3529411764705882,0.0,2.0,0.1185143863282699,1.5714285714285714
a5,2,2,4,3,0.6666666666666666,0.3333333333333333,0.3333333333333333,0.5,0.3,1.5,0.2284391212055706,1.5714285714285714
a6,3,2,6,5,0.8333333333333333,0.5,0.3333333333333333,0.6666666666666666,0.5333333333333333,2.5,0.2500520470190066,1.5714285714285714
