argument,predecessors,successors,predecessors_neighbors,successors_neighbors,degree_centrality,in_degree_centrality,out_degree_centrality,closeness_centrality,betweenness_centrality,average_neighbor_degree,pagerank,edge_node_ratio
a0,2,1,2,1,0.5,0.3333333333333333,0.1666666666666666,0.4285714285714285,0.1666666666666666,1.0,0.2502201606507995,1.7142857142857142
a1,1,2,3,4,0.5,0.1666666666666666,0.3333333333333333,0.3333333333333333,0.2666666666666666,2.0,0.0701007555702882,1.7142857142857142
a2,3,3,5,6,1.0,0.5,0.5,0.5333333333333333,0.4666666666666667,2.0,0.1717841702815071,1.7142857142857142
a3,2,3,4,5,0.8333333333333333,0.3333333333333333,0.5,0.4444444444444444,0.2666666666666666,1.6666666666666667,0.1163315619671159,1.7142857142857142
a4,2,1,5,3,0.5,0.3333333333333333,0.1666666666666666,0.4444444444444444,0.0,3.0,0.1030613662740666,1.7142857142857142
a5,1,1,2,3,0.3333333333333333,0.1666666666666666,0.1666666666666666,0.2962962962962963,0.0,3.0,0.0543891821323498,1.7142857142857142
a6,1,1,2,1,0.3333333333333333,0.1666666666666666,0.1666666666666666,0.3157894736842105,0.0,1.0,0.2341128031238727,1.7142857142857142
