argument,predecessors,successors,predecessors_neighbors,successors_neighbors,degree_centrality,in_degree_centrality,out_degree_centrality,closeness_centrality,betweenness_centrality,average_neighbor_degree,pagerank,edge_node_ratio
a0,4,2,3,5,0.8571428571428571,0.5714285714285714,0.2857142857142857,0.5952380952380952,0.4761904761904761,2.5,0.2423084809957711,1.625
a1,1,1,1,0,0.2857142857142857,0.1428571428571428,0.1428571428571428,0.3428571428571428,0.0,0.0,0.0728489835941811,1.625
a2,0,1,0,2,0.1428571428571428,0.0,0.1428571428571428,0.0,0.0,2.0,0.0473007999518342,1.625
a3,1,5,4,5,0.8571428571428571,0.1428571428571428,0.7142857142857142,0.3968253968253968,0.4047619047619047,1.0,0.1502826456197078,1.625
a4,4,0,7,0,0.5714285714285714,0.5714285714285714,0.0,0.7,0.0,0.0,0.2687121390559622,1.625
a5,1,2,1,2,0.4285714285714285,0.1428571428571428,0.2857142857142857,0.2976190476190476,0.0079365079365079,1.0,0.0728489835941811,1.625
a6,1,1,1,2,0.2857142857142857,0.1428571428571428,0.1428571428571428,0.2976190476190476,0.0079365079365079,2.0,0.0728489835941811,1.625
a7,1,1,1,2,0.2857142857142857,0.1428571428571428,0.1428571428571428,0.2976190476190476,0.0079365079365079,2.0,0.0728489835941811,1.625
