argument,predecessors,successors,predecessors_neighbors,successors_neighbors,degree_centrality,in_degree_centrality,out_degree_centrality,closeness_centrality,betweenness_centrality,average_neighbor_degree,pagerank,edge_node_ratio
a0,3,2,4,3,0.7142857142857142,0.4285714285714285,0.2857142857142857,0.5384615384615384,0.0595238095238095,1.5,0.1088619541436058,2.25
a1,2,2,2,4,0.5714285714285714,0.2857142857142857,0.2857142857142857,0.3684210526315789,0.0436507936507936,2.0,0.0473762604299752,2.25
a2,2,1,5,1,0.4285714285714285,0.2857142857142857,0.1428571428571428,0.5384615384615384,0.0317460317460317,1.0,0.1310088705483699,2.25
a3,4,1,7,3,0.7142857142857142,0.5714285714285714,0.1428571428571428,0.7,0.1904761904761904,3.0,0.2229703688936569,2.25
a4,0,4,0,8,0.5714285714285714,0.0,0.5714285714285714,0.0,0.0,2.0,0.01875,2.25
a5,2,3,6,5,0.7142857142857142,0.2857142857142857,0.4285714285714285,0.5,0.3015873015873015,1.6666666666666667,0.2329182907724606,2.25
a6,3,2,7,4,0.7142857142857142,0.4285714285714285,0.2857142857142857,0.5833333333333334,0.3015873015873015,2.0,0.1511436784602011,2.25
a7,2,3,3,6,0.7142857142857142,0.2857142857142857,0.4285714285714285,0.4666666666666667,0.1904761904761904,2.0,0.0869705767517301,2.25
