argument,predecessors,successors,predecessors_neighbors,successors_neighbors,degree_centrality,in_degree_centrality,out_degree_centrality,closeness_centrality,betweenness_centrality,average_neighbor_degree,pagerank,edge_node_ratio
a0,2,0,2,0,0.3333333333333333,0.3333333333333333,0.0,0.4615384615384615,0.0,0.0,0.2416415811562578,1.1428571428571428
a1,2,1,2,0,0.5,0.3333333333333333,0.1666666666666666,0.462962962962963,0.1333333333333333,0.0,0.1991678326429986,1.1428571428571428
a2,0,1,0,1,0.1666666666666666,0.0,0.1666666666666666,0.0,0.0,1.0,0.0507706258381801,1.1428571428571428
a3,2,1,1,2,0.5,0.3333333333333333,0.1666666666666666,0.3333333333333333,0.1,2.0,0.1808269852449092,1.1428571428571428
a4,1,2,2,2,0.5,0.1666666666666666,0.3333333333333333,0.2222222222222222,0.1333333333333333,1.0,0.2044741112474353,1.1428571428571428
a5,1,1,0,1,0.3333333333333333,0.1666666666666666,0.1666666666666666,0.1666666666666666,0.0333333333333333,1.0,0.0723482380320387,1.1428571428571428
a6,0,2,0,1,0.3333333333333333,0.0,0.3333333333333333,0.0,0.0,0.5,0.0507706258381801,1.1428571428571428
