argument,predecessors,successors,predecessors_neighbors,successors_neighbors,degree_centrality,in_degree_centrality,out_degree_centrality,closeness_centrality,betweenness_centrality,average_neighbor_degree,pagerank,edge_node_ratio
a0,2,2,4,3,0.6666666666666666,0.3333333333333333,0.3333333333333333,0.4615384615384615,0.2333333333333333,1.5,0.2540213119716335,1.5714285714285714
a1,3,2,4,3,0.8333333333333333,0.5,0.3333333333333333,0.6,0.35,1.5,0.2884993733031965,1.5714285714285714
a2,1,1,2,2,0.3333333333333333,0.1666666666666666,0.1666666666666666,0.2222222222222222,0.0,2.0,0.0538649706457929,1.5714285714285714
a3,2,2,1,2,0.6666666666666666,0.3333333333333333,0.3333333333333333,0.3333333333333333,0.1833333333333333,1.0,0.0763209393346381,1.5714285714285714
a4,2,1,5,2,0.5,0.3333333333333333,0.1666666666666666,0.5454545454545454,0.2,2.0,0.1764780931910999,1.5714285714285714
a5,0,2,0,4,0.3333333333333333,0.0,0.3333333333333333,0.0,0.0,2.0,0.0214285714285714,1.5714285714285714
a6,1,1,2,2,0.3333333333333333,0.1666666666666666,0.1666666666666666,0.3333333333333333,0.0,2.0,0.1293867401250673,1.5714285714285714
