argument,predecessors,successors,predecessors_neighbors,successors_neighbors,degree_centrality,in_degree_centrality,out_degree_centrality,closeness_centrality,betweenness_centrality,average_neighbor_degree,pagerank,edge_node_ratio
a0,3,3,6,6,1.0,0.5,0.5,0.6,0.3666666666666666,2.0,0.2306838710160998,1.8571428571428572
a1,3,3,7,6,1.0,0.5,0.5,0.6666666666666666,0.4,2.0,0.2363558212377907,1.8571428571428572
a2,3,2,5,5,0.8333333333333333,0.5,0.3333333333333333,0.6,0.2333333333333333,2.5,0.1751275720799144,1.8571428571428572
a3,2,2,6,5,0.6666666666666666,0.3333333333333333,0.3333333333333333,0.5454545454545454,0.1,2.5,0.1612191085752118,1.8571428571428572
a4,1,1,3,3,0.3333333333333333,0.1666666666666666,0.1666666666666666,0.4285714285714285,0.0,3.0,0.0883956096668879,1.8571428571428572
a5,0,1,0,2,0.1666666666666666,0.0,0.1666666666666666,0.0,0.0,2.0,0.0214285714285714,1.8571428571428572
a6,1,1,3,3,0.3333333333333333,0.1666666666666666,0.1666666666666666,0.4,0.0,3.0,0.0867894459955239,1.8571428571428572
