argument,predecessors,successors,predecessors_neighbors,successors_neighbors,degree_centrality,in_degree_centrality,out_degree_centrality,closeness_centrality,betweenness_centrality,average_neighbor_degree,pagerank,edge_node_ratio
a0,0,2,0,1,0.2857142857142857,0.0,0.2857142857142857,0.0,0.0,0.5,0.0824912800667553,0.75
a1,0,2,0,1,0.2857142857142857,0.0,0.2857142857142857,0.0,0.0,0.5,0.0824912800667553,0.75
a2,0,0,0,0,0.0,0.0,0.0,0.0,0.0,0.0,0.0824912800667553,0.75
a3,0,1,0,0,0.1428571428571428,0.0,0.1428571428571428,0.0,0.0,0.0,0.0824912800667553,0.75
a4,1,0,0,0,0.1428571428571428,0.1428571428571428,0.0,0.1428571428571428,0.0,0.0,0.1526088681234974,0.75
a5,2,1,0,0,0.4285714285714285,0.2857142857142857,0.1428571428571428,0.2857142857142857,0.0238095238095238,0.0,0.1526088681234974,0.75
a6,2,0,2,0,0.2857142857142857,0.2857142857142857,0.0,0.3214285714285714,0.0,0.0,0.2472670693908571,0.75
a7,1,0,0,0,0.1428571428571428,0.1428571428571428,0.0,0.1428571428571428,0.0,0.0,0.1175500740951264,0.75
