argument,predecessors,successors,predecessors_neighbors,successors_neighbors,degree_centrality,in_degree_centrality,out_degree_centrality,closeness_centrality,betweenness_centrality,average_neighbor_degree,pagerank,edge_node_ratio
a0,1,4,1,5,0.7142857142857142,0.1428571428571428,0.5714285714285714,0.2747252747252747,0.2222222222222221,1.25,0.081735928017135,2.125
a1,2,3,2,2,0.7142857142857142,0.2857142857142857,0.4285714285714285,0.3968253968253968,0.0555555555555555,0.6666666666666666,0.0977100828447214,2.125
a2,1,1,1,0,0.2857142857142857,0.1428571428571428,0.1428571428571428,0.2706766917293233,0.0,0.0,0.0563796056958505,2.125
a3,3,1,6,4,0.5714285714285714,0.4285714285714285,0.1428571428571428,0.5102040816326531,0.3333333333333333,4.0,0.1906508450515416,2.125
a4,3,1,4,1,0.5714285714285714,0.4285714285714285,0.1428571428571428,0.5102040816326531,0.0555555555555555,1.0,0.1253949001769673,2.125
a5,1,3,1,4,0.5714285714285714,0.1428571428571428,0.4285714285714285,0.2551020408163265,0.0476190476190476,1.3333333333333333,0.0563796056958505,2.125
a6,1,4,3,8,0.7142857142857142,0.1428571428571428,0.5714285714285714,0.3571428571428571,0.3809523809523809,2.0,0.2010625352225832,2.125
a7,5,0,6,0,0.7142857142857142,0.7142857142857142,0.0,0.7,0.0,0.0,0.1906864972953502,2.125
