argument,predecessors,successors,predecessors_neighbors,successors_neighbors,degree_centrality,in_degree_centrality,out_degree_centrality,closeness_centrality,betweenness_centrality,average_neighbor_degree,pagerank,edge_node_ratio
a0,1,2,1,3,0.5,0.1666666666666666,0.3333333333333333,0.1666666666666666,0.1666666666666666,1.5,0.1171036329018753,1.5714285714285714
a1,1,1,3,3,0.3333333333333333,0.1666666666666666,0.1666666666666666,0.3472222222222222,0.0,3.0,0.111667564570265,1.5714285714285714
a2,3,3,4,5,1.0,0.5,0.5,0.5208333333333334,0.3666666666666666,1.6666666666666667,0.2514208383787261,1.5714285714285714
a3,2,2,4,3,0.6666666666666666,0.3333333333333333,0.3333333333333333,0.5208333333333334,0.3,1.5,0.1614365736819131,1.5714285714285714
a4,2,0,3,0,0.3333333333333333,0.3333333333333333,0.0,0.5,0.0,0.0,0.156502501396225,1.5714285714285714
a5,1,2,3,3,0.5,0.1666666666666666,0.3333333333333333,0.3472222222222222,0.0333333333333333,1.5,0.111667564570265,1.5714285714285714
a6,1,1,1,2,0.3333333333333333,0.1666666666666666,0.1666666666666666,0.1666666666666666,0.0,2.0,0.0902013245007301,1.5714285714285714
