argument,predecessors,successors,predecessors_neighbors,successors_neighbors,degree_centrality,in_degree_centrality,out_degree_centrality,closeness_centrality,betweenness_centrality,average_neighbor_degree,pagerank,edge_node_ratio
a0,3,2,4,5,0.8333333333333333,0.5,0.3333333333333333,0.5952380952380952,0.3666666666666666,2.5,0.1971200974576153,1.5714285714285714
a1,1,2,3,3,0.5,0.1666666666666666,0.3333333333333333,0.3787878787878788,0.05,1.5,0.1179457646307939,1.5714285714285714
a2,2,1,3,3,0.5,0.3333333333333333,0.1666666666666666,0.3787878787878788,0.0333333333333333,3.0,0.1550592472763429,1.5714285714285714
a3,1,1,1,2,0.3333333333333333,0.1666666666666666,0.1666666666666666,0.1666666666666666,0.0,2.0,0.0762310704072692,1.5714285714285714
a4,1,2,1,3,0.5,0.1666666666666666,0.3333333333333333,0.1666666666666666,0.1666666666666666,1.5,0.0989667576988455,1.5714285714285714
a5,1,0,2,0,0.1666666666666666,0.1666666666666666,0.0,0.4,0.0,0.0,0.1049319561541178,1.5714285714285714
a6,2,3,5,3,0.8333333333333333,0.3333333333333333,0.5,0.462962962962963,0.2833333333333333,1.0,0.2497451063750151,1.5714285714285714
