argument,predecessors,successors,predecessors_neighbors,successors_neighbors,degree_centrality,in_degree_centrality,out_degree_centrality,closeness_centrality,betweenness_centrality,average_neighbor_degree,pagerank,edge_node_ratio
a0,2,1,4,2,0.5,0.3333333333333333,0.1666666666666666,0.5208333333333334,0.2,2.0,0.1879596080310068,1.5714285714285714
a1,3,2,5,3,0.8333333333333333,0.5,0.3333333333333333,0.5208333333333334,0.2666666666666666,1.5,0.3310968532499862,1.5714285714285714
a2,2,2,4,4,0.6666666666666666,0.3333333333333333,0.3333333333333333,0.3787878787878788,0.1333333333333333,2.0,0.218979118541018,1.5714285714285714
a3,1,2,2,4,0.5,0.1666666666666666,0.3333333333333333,0.2777777777777778,0.0,2.0,0.1202321296971403,1.5714285714285714
a4,1,0,1,0,0.1666666666666666,0.1666666666666666,0.0,0.2222222222222222,0.0,0.0,0.0472440968269494,1.5714285714285714
a5,1,2,1,2,0.5,0.1666666666666666,0.3333333333333333,0.1666666666666666,0.0333333333333333,1.0,0.0472440968269494,1.5714285714285714
a6,1,2,1,3,0.5,0.1666666666666666,0.3333333333333333,0.1666666666666666,0.1333333333333333,1.5,0.0472440968269494,1.5714285714285714
