argument,predecessors,successors,predecessors_neighbors,successors_neighbors,degree_centrality,in_degree_centrality,out_degree_centrality,closeness_centrality,betweenness_centrality,average_neighbor_degree,pagerank,edge_node_ratio
a0,2,2,2,4,0.6666666666666666,0.3333333333333333,0.3333333333333333,0.3333333333333333,0.2666666666666666,2.0,0.2054468834608521,1.2857142857142858
a1,1,1,2,3,0.3333333333333333,0.1666666666666666,0.1666666666666666,0.2962962962962963,0.0,3.0,0.1167358167510098,1.2857142857142858
a2,1,0,2,0,0.1666666666666666,0.1666666666666666,0.0,0.3787878787878788,0.0,0.0,0.1167358167510098,1.2857142857142858
a3,1,0,2,0,0.1666666666666666,0.1666666666666666,0.0,0.3787878787878788,0.0,0.0,0.1167358167510098,1.2857142857142858
a4,2,3,3,1,0.8333333333333333,0.3333333333333333,0.5,0.4444444444444444,0.3666666666666666,0.3333333333333333,0.236318047215668,1.2857142857142858
a5,2,1,2,2,0.5,0.3333333333333333,0.1666666666666666,0.3333333333333333,0.0,2.0,0.1582490547840796,1.2857142857142858
a6,0,2,0,3,0.3333333333333333,0.0,0.3333333333333333,0.0,0.0,1.5,0.0497785642863707,1.2857142857142858
