argument,predecessors,successors,predecessors_neighbors,successors_neighbors,degree_centrality,in_degree_centrality,out_degree_centrality,closeness_centrality,betweenness_centrality,average_neighbor_degree,pagerank,edge_node_ratio
a0,1,5,3,9,0.8571428571428571,0.1428571428571428,0.7142857142857142,0.4117647058823529,0.1666666666666666,1.8,0.0842380314824436,2.375
a1,3,3,8,8,0.8571428571428571,0.4285714285714285,0.4285714285714285,0.5833333333333334,0.5714285714285714,2.6666666666666665,0.2311370254726231,2.375
a2,3,1,6,1,0.5714285714285714,0.4285714285714285,0.1428571428571428,0.5384615384615384,0.1547619047619047,1.0,0.1439203327663032,2.375
a3,3,2,4,4,0.7142857142857142,0.4285714285714285,0.2857142857142857,0.4117647058823529,0.0753968253968253,2.0,0.0835066716524036,2.375
a4,3,1,7,3,0.5714285714285714,0.4285714285714285,0.1428571428571428,0.6363636363636364,0.2777777777777778,3.0,0.1908948298470277,2.375
a5,2,4,2,7,0.8571428571428571,0.2857142857142857,0.5714285714285714,0.3684210526315789,0.0873015873015873,1.75,0.0688713095666765,2.375
a6,1,2,3,6,0.4285714285714285,0.1428571428571428,0.2857142857142857,0.4117647058823529,0.1071428571428571,3.0,0.0842380314824436,2.375
a7,3,1,6,1,0.5714285714285714,0.4285714285714285,0.1428571428571428,0.5833333333333334,0.0357142857142857,1.0,0.1131937677300783,2.375
