argument,predecessors,successors,predecessors_neighbors,successors_neighbors,degree_centrality,in_degree_centrality,out_degree_centrality,closeness_centrality,betweenness_centrality,average_neighbor_degree,pagerank,edge_node_ratio
a0,3,1,2,2,0.6666666666666666,0.5,0.1666666666666666,0.5333333333333333,0.1333333333333333,2.0,0.2235147404856871,1.2857142857142858
a1,0,2,0,2,0.3333333333333333,0.0,0.3333333333333333,0.0,0.0,1.0,0.0315182734115753,1.2857142857142858
a2,0,2,0,1,0.3333333333333333,0.0,0.3333333333333333,0.0,0.0,0.5,0.0315182734115753,1.2857142857142858
a3,1,1,0,0,0.3333333333333333,0.1666666666666666,0.1666666666666666,0.1666666666666666,0.0333333333333333,0.0,0.0449136403272815,1.2857142857142858
a4,2,0,1,0,0.3333333333333333,0.3333333333333333,0.0,0.375,0.0,0.0,0.0830905919812187,1.2857142857142858
a5,1,1,2,2,0.3333333333333333,0.1666666666666666,0.1666666666666666,0.2962962962962963,0.0,2.0,0.1967240066542749,1.2857142857142858
a6,2,2,4,2,0.6666666666666666,0.3333333333333333,0.3333333333333333,0.4444444444444444,0.1333333333333333,1.0,0.3887204737283868,1.2857142857142858
