argument,predecessors,successors,predecessors_neighbors,successors_neighbors,degree_centrality,in_degree_centrality,out_degree_centrality,closeness_centrality,betweenness_centrality,average_neighbor_degree,pagerank,edge_node_ratio
a0,0,1,0,1,0.1666666666666666,0.0,0.1666666666666666,0.0,0.0,1.0,0.0455524971737078,1.0
a1,0,1,0,0,0.1666666666666666,0.0,0.1666666666666666,0.0,0.0,0.0,0.0455524971737078,1.0
a2,2,0,1,0,0.3333333333333333,0.3333333333333333,0.0,0.375,0.0,0.0,0.1986679897846928,1.0
a3,2,1,1,1,0.5,0.3333333333333333,0.1666666666666666,0.375,0.1666666666666666,1.0,0.17330150509122,1.0
a4,1,1,2,2,0.3333333333333333,0.1666666666666666,0.1666666666666666,0.3,0.2,2.0,0.1928603430261724,1.0
a5,1,2,1,2,0.5,0.1666666666666666,0.3333333333333333,0.25,0.2333333333333333,1.0,0.2094831166013233,1.0
a6,1,1,1,0,0.3333333333333333,0.1666666666666666,0.1666666666666666,0.2666666666666666,0.1333333333333333,0.0,0.1345820511491756,1.0
