argument,predecessors,successors,predecessors_neighbors,successors_neighbors,degree_centrality,in_degree_centrality,out_degree_centrality,closeness_centrality,betweenness_centrality,average_neighbor_degree,pagerank,edge_node_ratio
a0,2,1,2,1,0.4285714285714285,0.2857142857142857,0.1428571428571428,0.3214285714285714,0.0238095238095238,1.0,0.2234274613244444,1.25
a1,0,3,0,3,0.4285714285714285,0.0,0.4285714285714285,0.0,0.0,1.0,0.021710288264383,1.25
a2,2,1,2,1,0.4285714285714285,0.2857142857142857,0.1428571428571428,0.3214285714285714,0.0238095238095238,1.0,0.2300763379760017,1.25
a3,0,1,0,1,0.1428571428571428,0.0,0.1428571428571428,0.0,0.0,1.0,0.021710288264383,1.25
a4,3,2,2,2,0.7142857142857142,0.4285714285714285,0.2857142857142857,0.4285714285714285,0.0952380952380952,1.0,0.2334007763017804,1.25
a5,1,1,3,2,0.2857142857142857,0.1428571428571428,0.1428571428571428,0.2571428571428571,0.0,2.0,0.1209066556315245,1.25
a6,1,1,3,2,0.2857142857142857,0.1428571428571428,0.1428571428571428,0.2571428571428571,0.0,2.0,0.1209066556315245,1.25
a7,1,0,0,0,0.1428571428571428,0.1428571428571428,0.0,0.1428571428571428,0.0,0.0,0.0278615366059582,1.25
