argument,predecessors,successors,predecessors_neighbors,successors_neighbors,degree_centrality,in_degree_centrality,out_degree_centrality,closeness_centrality,betweenness_centrality,average_neighbor_degree,pagerank,edge_node_ratio
a0,1,1,1,2,0.3333333333333333,0.1666666666666666,0.1666666666666666,0.1666666666666666,0.0,2.0,0.0478055931534371,1.7142857142857142
a1,1,2,1,2,0.5,0.1666666666666666,0.3333333333333333,0.1666666666666666,0.1666666666666666,1.0,0.0620635805290957,1.7142857142857142
a2,2,1,4,4,0.5,0.3333333333333333,0.1666666666666666,0.5454545454545454,0.2666666666666666,4.0,0.107894111427554,1.7142857142857142
a3,1,1,3,4,0.3333333333333333,0.1666666666666666,0.1666666666666666,0.4,0.0,4.0,0.0815170897026883,1.7142857142857142
a4,2,2,5,5,0.6666666666666666,0.3333333333333333,0.3333333333333333,0.4615384615384615,0.1,2.5,0.236095288356863,1.7142857142857142
a5,2,1,5,2,0.5,0.3333333333333333,0.1666666666666666,0.4615384615384615,0.0,2.0,0.1818572185831974,1.7142857142857142
a6,3,4,5,5,1.1666666666666663,0.5,0.6666666666666666,0.6,0.5333333333333333,1.25,0.2827671182471644,1.7142857142857142
