argument,predecessors,successors,predecessors_neighbors,successors_neighbors,degree_centrality,in_degree_centrality,out_degree_centrality,closeness_centrality,betweenness_centrality,average_neighbor_degree,pagerank,edge_node_ratio
a0,0,1,0,3,0.1428571428571428,0.0,0.1428571428571428,0.0,0.0,3.0,0.023834233040025,1.25
a1,2,3,1,2,0.7142857142857142,0.2857142857142857,0.4285714285714285,0.2857142857142857,0.1666666666666666,0.6666666666666666,0.0847671954442497,1.25
a2,1,0,2,0,0.1428571428571428,0.1428571428571428,0.0,0.2571428571428571,0.0,0.0,0.0478516050825715,1.25
a3,1,1,2,3,0.2857142857142857,0.1428571428571428,0.1428571428571428,0.1904761904761904,0.0,3.0,0.0478516050825715,1.25
a4,3,1,4,1,0.5714285714285714,0.4285714285714285,0.1428571428571428,0.5714285714285714,0.119047619047619,1.0,0.3511649441601001,1.25
a5,1,1,3,1,0.2857142857142857,0.1428571428571428,0.1428571428571428,0.3673469387755101,0.0,1.0,0.32232750023348,1.25
a6,1,2,1,2,0.4285714285714285,0.1428571428571428,0.2857142857142857,0.1428571428571428,0.0476190476190476,1.0,0.0690306553802989,1.25
a7,1,1,1,2,0.2857142857142857,0.1428571428571428,0.1428571428571428,0.1428571428571428,0.0,2.0,0.0531722615767029,1.25
