argument,predecessors,successors,predecessors_neighbors,successors_neighbors,degree_centrality,in_degree_centrality,out_degree_centrality,closeness_centrality,betweenness_centrality,average_neighbor_degree,pagerank,edge_node_ratio
a0,0,0,0,0,0.0,0.0,0.0,0.0,0.0,0.0,0.0848373787087315,0.625
a1,1,2,0,1,0.4285714285714285,0.1428571428571428,0.2857142857142857,0.1428571428571428,0.0119047619047619,0.5,0.1208932699288473,0.625
a2,0,2,0,3,0.2857142857142857,0.0,0.2857142857142857,0.0,0.0,1.5,0.0848373787087315,0.625
a3,2,1,1,0,0.4285714285714285,0.2857142857142857,0.1428571428571428,0.2857142857142857,0.0119047619047619,0.0,0.1722725532787524,0.625
a4,2,0,3,0,0.2857142857142857,0.2857142857142857,0.0,0.3214285714285714,0.0,0.0,0.2826472832487424,0.625
a5,0,0,0,0,0.0,0.0,0.0,0.0,0.0,0.0,0.0848373787087315,0.625
a6,0,0,0,0,0.0,0.0,0.0,0.0,0.0,0.0,0.0848373787087315,0.625
a7,0,0,0,0,0.0,0.0,0.0,0.0,0.0,0.0,0.0848373787087315,0.625
