argument,predecessors,successors,predecessors_neighbors,successors_neighbors,degree_centrality,in_degree_centrality,out_degree_centrality,closeness_centrality,betweenness_centrality,average_neighbor_degree,pagerank,edge_node_ratio
a0,2,1,3,2,0.5,0.3333333333333333,0.1666666666666666,0.462962962962963,0.2333333333333333,2.0,0.152883542116792,1.4285714285714286
a1,1,0,2,0,0.1666666666666666,0.1666666666666666,0.0,0.3529411764705882,0.0,0.0,0.0842019915576156,1.4285714285714286
a2,1,2,2,2,0.5,0.1666666666666666,0.3333333333333333,0.3205128205128205,0.2666666666666666,1.0,0.1616040691538831,1.4285714285714286
a3,1,1,1,1,0.3333333333333333,0.1666666666666666,0.1666666666666666,0.2976190476190476,0.2666666666666666,1.0,0.1003345884705565,1.4285714285714286
a4,1,1,2,4,0.3333333333333333,0.1666666666666666,0.1666666666666666,0.2777777777777778,0.0,4.0,0.0842019915576156,1.4285714285714286
a5,2,1,3,4,0.5,0.3333333333333333,0.1666666666666666,0.462962962962963,0.3666666666666666,4.0,0.1694868921844319,1.4285714285714286
a6,2,4,3,3,1.0,0.3333333333333333,0.6666666666666666,0.3787878787878788,0.6,0.75,0.2472869249591053,1.4285714285714286
