argument,predecessors,successors,predecessors_neighbors,successors_neighbors,degree_centrality,in_degree_centrality,out_degree_centrality,closeness_centrality,betweenness_centrality,average_neighbor_degree,pagerank,edge_node_ratio
a0,1,2,2,3,0.5,0.1666666666666666,0.3333333333333333,0.25,0.1,1.5,0.0543355218894111,1.5714285714285714
a1,2,1,3,1,0.5,0.3333333333333333,0.1666666666666666,0.5,0.0666666666666666,1.0,0.3419906460523457,1.5714285714285714
a2,2,1,3,1,0.5,0.3333333333333333,0.1666666666666666,0.5,0.0666666666666666,1.0,0.3499609045281143,1.5714285714285714
a3,1,1,1,1,0.3333333333333333,0.1666666666666666,0.1666666666666666,0.2666666666666666,0.1,1.0,0.0445211682396792,1.5714285714285714
a4,1,2,2,3,0.5,0.1666666666666666,0.3333333333333333,0.25,0.1333333333333333,1.5,0.0543355218894111,1.5714285714285714
a5,2,2,3,4,0.6666666666666666,0.3333333333333333,0.3333333333333333,0.375,0.2,2.0,0.077428118700519,1.5714285714285714
a6,2,2,3,4,0.6666666666666666,0.3333333333333333,0.3333333333333333,0.375,0.2,2.0,0.077428118700519,1.5714285714285714
