argument,predecessors,successors,predecessors_neighbors,successors_neighbors,degree_centrality,in_degree_centrality,out_degree_centrality,closeness_centrality,betweenness_centrality,average_neighbor_degree,pagerank,edge_node_ratio
a0,3,3,2,4,0.8571428571428571,0.4285714285714285,0.4285714285714285,0.5142857142857142,0.2619047619047618,1.3333333333333333,0.1252232076459143,1.875
a1,2,0,3,0,0.2857142857142857,0.2857142857142857,0.0,0.4375,0.0,0.0,0.0732960337637737,1.875
a2,3,1,4,2,0.5714285714285714,0.4285714285714285,0.1428571428571428,0.5142857142857142,0.0357142857142857,2.0,0.180588476717754,1.875
a3,0,2,0,3,0.2857142857142857,0.0,0.2857142857142857,0.0,0.0,1.5,0.026537746124645,1.875
a4,2,2,5,4,0.5714285714285714,0.2857142857142857,0.2857142857142857,0.4675324675324674,0.1547619047619047,2.0,0.1879726877885581,1.875
a5,0,3,0,6,0.4285714285714285,0.0,0.4285714285714285,0.0,0.0,2.0,0.026537746124645,1.875
a6,3,2,6,4,0.7142857142857142,0.4285714285714285,0.2857142857142857,0.5714285714285714,0.1547619047619047,2.0,0.2230354572531387,1.875
a7,2,2,6,3,0.5714285714285714,0.2857142857142857,0.2857142857142857,0.5142857142857142,0.0833333333333333,1.5,0.1568086445815711,1.875
