argument,predecessors,successors,predecessors_neighbors,successors_neighbors,degree_centrality,in_degree_centrality,out_degree_centrality,closeness_centrality,betweenness_centrality,average_neighbor_degree,pagerank,edge_node_ratio
a0,0,2,0,1,0.2857142857142857,0.0,0.2857142857142857,0.0,0.0,0.5,0.0850250247238876,0.625
a1,0,0,0,0,0.0,0.0,0.0,0.0,0.0,0.0,0.0850250247238876,0.625
a2,2,0,1,0,0.2857142857142857,0.2857142857142857,0.0,0.3214285714285714,0.0,0.0,0.2602827237772993,0.625
a3,2,0,0,0,0.2857142857142857,0.2857142857142857,0.0,0.2857142857142857,0.0,0.0,0.1934316020905028,0.625
a4,0,1,0,0,0.1428571428571428,0.0,0.1428571428571428,0.0,0.0,0.0,0.0850250247238876,0.625
a5,0,1,0,0,0.1428571428571428,0.0,0.1428571428571428,0.0,0.0,0.0,0.0850250247238876,0.625
a6,0,0,0,0,0.0,0.0,0.0,0.0,0.0,0.0,0.0850250247238876,0.625
a7,1,1,0,0,0.2857142857142857,0.1428571428571428,0.1428571428571428,0.1428571428571428,0.0238095238095238,0.0,0.1211605505127594,0.625
