argument,predecessors,successors,predecessors_neighbors,successors_neighbors,degree_centrality,in_degree_centrality,out_degree_centrality,closeness_centrality,betweenness_centrality,average_neighbor_degree,pagerank,edge_node_ratio
a0,3,1,4,5,0.5714285714285714,0.4285714285714285,0.1428571428571428,0.4464285714285714,0.3095238095238095,5.0,0.2131988374028102,1.625
a1,2,0,3,0,0.2857142857142857,0.2857142857142857,0.0,0.4285714285714285,0.0,0.0,0.1183253749466516,1.625
a2,2,0,2,0,0.2857142857142857,0.2857142857142857,0.0,0.3956043956043956,0.0,0.0,0.1009039525378354,1.625
a3,2,5,3,5,1.0,0.2857142857142857,0.7142857142857142,0.4464285714285714,0.4761904761904761,1.0,0.2411322948287385,1.625
a4,0,2,0,5,0.2857142857142857,0.0,0.2857142857142857,0.0,0.0,2.5,0.0420429971987212,1.625
a5,1,2,2,2,0.4285714285714285,0.1428571428571428,0.2857142857142857,0.3246753246753247,0.0158730158730158,1.0,0.0830355840692956,1.625
a6,2,1,3,1,0.4285714285714285,0.2857142857142857,0.1428571428571428,0.3968253968253968,0.0158730158730158,1.0,0.1183253749466516,1.625
a7,1,2,2,1,0.4285714285714285,0.1428571428571428,0.2857142857142857,0.3246753246753247,0.0158730158730158,0.5,0.0830355840692956,1.625
