argument,predecessors,successors,predecessors_neighbors,successors_neighbors,degree_centrality,in_degree_centrality,out_degree_centrality,closeness_centrality,betweenness_centrality,average_neighbor_degree,pagerank,edge_node_ratio
a0,2,2,3,5,0.6666666666666666,0.3333333333333333,0.3333333333333333,0.3809523809523809,0.1666666666666666,2.5,0.0773504345303365,1.5714285714285714
a1,1,2,2,3,0.5,0.1666666666666666,0.3333333333333333,0.2666666666666666,0.0333333333333333,1.5,0.054303222681769,1.5714285714285714
a2,2,1,3,1,0.5,0.3333333333333333,0.1666666666666666,0.4615384615384615,0.0333333333333333,1.0,0.3266182337425445,1.5714285714285714
a3,2,1,4,1,0.5,0.3333333333333333,0.1666666666666666,0.5454545454545454,0.1,1.0,0.331896499908218,1.5714285714285714
a4,0,1,0,1,0.1666666666666666,0.0,0.1666666666666666,0.0,0.0,1.0,0.0214285714285714,1.5714285714285714
a5,2,1,2,3,0.5,0.3333333333333333,0.1666666666666666,0.3809523809523809,0.1666666666666666,3.0,0.0724859270620078,1.5714285714285714
a6,2,3,4,4,0.8333333333333333,0.3333333333333333,0.5,0.4444444444444444,0.3666666666666666,1.3333333333333333,0.1159171106465522,1.5714285714285714
