argument,predecessors,successors,predecessors_neighbors,successors_neighbors,degree_centrality,in_degree_centrality,out_degree_centrality,closeness_centrality,betweenness_centrality,average_neighbor_degree,pagerank,edge_node_ratio
a0,2,1,4,2,0.5,0.3333333333333333,0.1666666666666666,0.4444444444444444,0.1,2.0,0.1732774750071251,1.4285714285714286
a1,1,1,2,1,0.3333333333333333,0.1666666666666666,0.1666666666666666,0.2222222222222222,0.0,1.0,0.1707542764313762,1.4285714285714286
a2,2,1,1,1,0.5,0.3333333333333333,0.1666666666666666,0.3333333333333333,0.0333333333333333,1.0,0.1756742949971951,1.4285714285714286
a3,0,2,0,3,0.3333333333333333,0.0,0.3333333333333333,0.0,0.0,1.5,0.0214285714285714,1.4285714285714286
a4,1,1,3,2,0.3333333333333333,0.1666666666666666,0.1666666666666666,0.3333333333333333,0.0,2.0,0.1015738443038874,1.4285714285714286
a5,3,2,2,2,0.8333333333333333,0.5,0.3333333333333333,0.5333333333333333,0.2333333333333333,1.0,0.1885771126469395,1.4285714285714286
a6,1,2,2,3,0.5,0.1666666666666666,0.3333333333333333,0.2962962962962963,0.0666666666666666,1.5,0.1687144251849051,1.4285714285714286
