argument,predecessors,successors,predecessors_neighbors,successors_neighbors,degree_centrality,in_degree_centrality,out_degree_centrality,closeness_centrality,betweenness_centrality,average_neighbor_degree,pagerank,edge_node_ratio
a0,1,3,2,3,0.6666666666666666,0.1666666666666666,0.5,0.25,0.2333333333333333,1.0,0.1125191601591367,1.4285714285714286
a1,1,1,2,1,0.3333333333333333,0.1666666666666666,0.1666666666666666,0.2777777777777778,0.0,1.0,0.2786969459783961,1.4285714285714286
a2,2,1,2,1,0.5,0.3333333333333333,0.1666666666666666,0.3787878787878788,0.1333333333333333,1.0,0.2940038116053028,1.4285714285714286
a3,1,2,2,3,0.5,0.1666666666666666,0.3333333333333333,0.25,0.2,1.5,0.0666168367493603,1.4285714285714286
a4,1,0,1,0,0.1666666666666666,0.1666666666666666,0.0,0.2666666666666666,0.0,0.0,0.060676911643088,1.4285714285714286
a5,2,1,3,3,0.5,0.3333333333333333,0.1666666666666666,0.375,0.1333333333333333,3.0,0.0984972661363095,1.4285714285714286
a6,2,2,2,3,0.6666666666666666,0.3333333333333333,0.3333333333333333,0.375,0.3,1.5,0.088989067728406,1.4285714285714286
