argument,predecessors,successors,predecessors_neighbors,successors_neighbors,degree_centrality,in_degree_centrality,out_degree_centrality,closeness_centrality,betweenness_centrality,average_neighbor_degree,pagerank,edge_node_ratio
a0,5,4,4,3,1.2857142857142856,0.7142857142857142,0.5714285714285714,0.7346938775510203,0.4761904761904761,0.75,0.4078059616614063,1.25
a1,2,1,5,4,0.4285714285714285,0.2857142857142857,0.1428571428571428,0.5142857142857142,0.0952380952380952,4.0,0.1445294577299942,1.25
a2,1,1,5,4,0.2857142857142857,0.1428571428571428,0.1428571428571428,0.4285714285714285,0.0,4.0,0.1179404325619894,1.25
a3,0,1,0,4,0.1428571428571428,0.0,0.1428571428571428,0.0,0.0,4.0,0.0312810943075437,1.25
a4,0,1,0,1,0.1428571428571428,0.0,0.1428571428571428,0.0,0.0,1.0,0.0312810943075437,1.25
a5,1,1,5,4,0.2857142857142857,0.1428571428571428,0.1428571428571428,0.4285714285714285,0.0,4.0,0.1179404325619894,1.25
a6,0,1,0,4,0.1428571428571428,0.0,0.1428571428571428,0.0,0.0,4.0,0.0312810943075437,1.25
a7,1,0,5,0,0.1428571428571428,0.1428571428571428,0.0,0.5,0.0,0.0,0.1179404325619894,1.25
