argument,predecessors,successors,predecessors_neighbors,successors_neighbors,degree_centrality,in_degree_centrality,out_degree_centrality,closeness_centrality,betweenness_centrality,average_neighbor_degree,pagerank,edge_node_ratio
a0,0,1,0,1,0.1666666666666666,0.0,0.1666666666666666,0.0,0.0,1.0,0.0524546237943,1.1428571428571428
a1,0,1,0,2,0.1666666666666666,0.0,0.1666666666666666,0.0,0.0,2.0,0.0524546237943,1.1428571428571428
a2,1,2,0,2,0.5,0.1666666666666666,0.3333333333333333,0.1666666666666666,0.1,1.0,0.0970408186563196,1.1428571428571428
a3,3,0,3,0,0.5,0.5,0.0,0.6,0.0,0.0,0.2555071506452788,1.1428571428571428
a4,2,2,3,1,0.6666666666666666,0.3333333333333333,0.3333333333333333,0.4444444444444444,0.1333333333333333,0.5,0.275823389389903,1.1428571428571428
a5,2,1,2,2,0.5,0.3333333333333333,0.1666666666666666,0.3809523809523809,0.0666666666666666,2.0,0.214264769925598,1.1428571428571428
a6,0,1,0,0,0.1666666666666666,0.0,0.1666666666666666,0.0,0.0,0.0,0.0524546237943,1.1428571428571428
