argument,predecessors,successors,predecessors_neighbors,successors_neighbors,degree_centrality,in_degree_centrality,out_degree_centrality,closeness_centrality,betweenness_centrality,average_neighbor_degree,pagerank,edge_node_ratio
a0,0,0,0,0,0.0,0.0,0.0,0.0,0.0,0.0,0.0947866255901036,0.375
a1,2,0,0,0,0.2857142857142857,0.2857142857142857,0.0,0.2857142857142857,0.0,0.0,0.2559246224428844,0.375
a2,0,0,0,0,0.0,0.0,0.0,0.0,0.0,0.0,0.0947866255901036,0.375
a3,1,0,0,0,0.1428571428571428,0.1428571428571428,0.0,0.1428571428571428,0.0,0.0,0.175355624016494,0.375
a4,0,1,0,0,0.1428571428571428,0.0,0.1428571428571428,0.0,0.0,0.0,0.0947866255901036,0.375
a5,0,1,0,0,0.1428571428571428,0.0,0.1428571428571428,0.0,0.0,0.0,0.0947866255901036,0.375
a6,0,1,0,0,0.1428571428571428,0.0,0.1428571428571428,0.0,0.0,0.0,0.0947866255901036,0.375
a7,0,0,0,0,0.0,0.0,0.0,0.0,0.0,0.0,0.0947866255901036,0.375
