argument,predecessors,successors,predecessors_neighbors,successors_neighbors,degree_centrality,in_degree_centrality,out_degree_centrality,closeness_centrality,betweenness_centrality,average_neighbor_degree,pagerank,edge_node_ratio
a0,2,0,3,0,0.2857142857142857,0.2857142857142857,0.0,0.3809523809523809,0.0,0.0,0.1897842262581359,0.875
a1,2,2,1,1,0.5714285714285714,0.2857142857142857,0.2857142857142857,0.3214285714285714,0.1666666666666666,0.5,0.1721279816896551,0.875
a2,1,0,1,0,0.1428571428571428,0.1428571428571428,0.0,0.2747252747252747,0.0,0.0,0.1829719018127216,0.875
a3,0,1,0,2,0.1428571428571428,0.0,0.1428571428571428,0.0,0.0,2.0,0.065292430774638,0.875
a4,0,1,0,2,0.1428571428571428,0.0,0.1428571428571428,0.0,0.0,2.0,0.065292430774638,0.875
a5,0,0,0,0,0.0,0.0,0.0,0.0,0.0,0.0,0.065292430774638,0.875
a6,1,1,2,0,0.2857142857142857,0.1428571428571428,0.1428571428571428,0.2857142857142857,0.0952380952380952,0.0,0.1384474212420269,0.875
a7,1,2,0,2,0.4285714285714285,0.1428571428571428,0.2857142857142857,0.1428571428571428,0.0952380952380952,1.0,0.1207911766735461,0.875
