argument,predecessors,successors,predecessors_neighbors,successors_neighbors,degree_centrality,in_degree_centrality,out_degree_centrality,closeness_centrality,betweenness_centrality,average_neighbor_degree,pagerank,edge_node_ratio
a0,3,2,4,4,0.8333333333333333,0.5,0.3333333333333333,0.5333333333333333,0.4333333333333333,2.0,0.2348145562211863,1.4285714285714286
a1,1,2,3,4,0.5,0.1666666666666666,0.3333333333333333,0.3333333333333333,0.2,2.0,0.1440640130460402,1.4285714285714286
a2,1,2,1,2,0.5,0.1666666666666666,0.3333333333333333,0.2666666666666666,0.1333333333333333,1.0,0.1054957562795103,1.4285714285714286
a3,1,0,1,0,0.1666666666666666,0.1666666666666666,0.0,0.2777777777777778,0.0,0.0,0.0891037491837705,1.4285714285714286
a4,1,0,1,0,0.1666666666666666,0.1666666666666666,0.0,0.2976190476190476,0.0,0.0,0.0989872826207823,1.4285714285714286
a5,1,2,2,2,0.5,0.1666666666666666,0.3333333333333333,0.2962962962962963,0.1333333333333333,1.0,0.1287516432058701,1.4285714285714286
a6,2,2,4,4,0.6666666666666666,0.3333333333333333,0.3333333333333333,0.4444444444444444,0.3333333333333333,2.0,0.1987829994428401,1.4285714285714286
