argument,predecessors,successors,predecessors_neighbors,successors_neighbors,degree_centrality,in_degree_centrality,out_degree_centrality,closeness_centrality,betweenness_centrality,average_neighbor_degree,pagerank,edge_node_ratio
a0,0,0,0,0,0.0,0.0,0.0,0.0,0.0,0.0,0.0947866255901035,0.5
a1,2,0,0,0,0.2857142857142857,0.2857142857142857,0.0,0.2857142857142857,0.0,0.0,0.2156401232296892,0.5
a2,0,1,0,0,0.1428571428571428,0.0,0.1428571428571428,0.0,0.0,0.0,0.0947866255901035,0.5
a3,0,0,0,0,0.0,0.0,0.0,0.0,0.0,0.0,0.0947866255901035,0.5
a4,1,0,0,0,0.1428571428571428,0.1428571428571428,0.0,0.1428571428571428,0.0,0.0,0.175355624016494,0.5
a5,0,2,0,0,0.2857142857142857,0.0,0.2857142857142857,0.0,0.0,0.0,0.0947866255901035,0.5
a6,1,0,0,0,0.1428571428571428,0.1428571428571428,0.0,0.1428571428571428,0.0,0.0,0.1350711248032987,0.5
a7,0,1,0,0,0.1428571428571428,0.0,0.1428571428571428,0.0,0.0,0.0,0.0947866255901035,0.5
