argument,predecessors,successors,predecessors_neighbors,successors_neighbors,degree_centrality,in_degree_centrality,out_degree_centrality,closeness_centrality,betweenness_centrality,average_neighbor_degree,pagerank,edge_node_ratio
a0,2,2,2,6,0.5714285714285714,0.2857142857142857,0.2857142857142857,0.3809523809523809,0.1309523809523809,3.0,0.1119075399422225,2.0
a1,2,0,3,0,0.2857142857142857,0.2857142857142857,0.0,0.4675324675324674,0.0,0.0,0.1400772125797037,2.0
a2,2,3,4,6,0.7142857142857142,0.2857142857142857,0.4285714285714285,0.3809523809523809,0.1785714285714285,2.0,0.1364179678808975,2.0
a3,1,2,2,2,0.4285714285714285,0.1428571428571428,0.2857142857142857,0.2857142857142857,0.0595238095238095,1.0,0.0888572547431162,2.0
a4,2,2,3,0,0.5714285714285714,0.2857142857142857,0.2857142857142857,0.3968253968253968,0.0595238095238095,0.0,0.1127947132734606,2.0
a5,2,3,3,5,0.7142857142857142,0.2857142857142857,0.4285714285714285,0.3809523809523809,0.119047619047619,1.6666666666666667,0.1217037778792318,2.0
a6,1,4,2,7,0.7142857142857142,0.1428571428571428,0.5714285714285714,0.2857142857142857,0.0714285714285714,1.75,0.0930264687581613,2.0
a7,4,0,7,0,0.5714285714285714,0.5714285714285714,0.0,0.5714285714285714,0.0,0.0,0.1952150649432061,2.0
