argument,predecessors,successors,predecessors_neighbors,successors_neighbors,degree_centrality,in_degree_centrality,out_degree_centrality,closeness_centrality,betweenness_centrality,average_neighbor_degree,pagerank,edge_node_ratio
a0,1,0,3,0,0.1428571428571428,0.1428571428571428,0.0,0.4117647058823529,0.0,0.0,0.2643316978097481,1.25
a1,0,1,0,1,0.1428571428571428,0.0,0.1428571428571428,0.0,0.0,1.0,0.0468351724388369,1.25
a2,1,1,1,1,0.2857142857142857,0.1428571428571428,0.1428571428571428,0.1904761904761904,0.0714285714285714,1.0,0.0951051352564352,1.25
a3,3,1,1,1,0.5714285714285714,0.4285714285714285,0.1428571428571428,0.4571428571428571,0.1428571428571428,1.0,0.1774376940371327,1.25
a4,3,1,4,0,0.5714285714285714,0.4285714285714285,0.1428571428571428,0.5142857142857142,0.1428571428571428,0.0,0.2558796648077727,1.25
a5,0,4,0,4,0.5714285714285714,0.0,0.5714285714285714,0.0,0.0,1.0,0.0468351724388369,1.25
a6,1,1,0,1,0.2857142857142857,0.1428571428571428,0.1428571428571428,0.1428571428571428,0.0,1.0,0.0567877316056186,1.25
a7,1,1,0,1,0.2857142857142857,0.1428571428571428,0.1428571428571428,0.1428571428571428,0.0238095238095238,1.0,0.0567877316056186,1.25
