argument,predecessors,successors,predecessors_neighbors,successors_neighbors,degree_centrality,in_degree_centrality,out_degree_centrality,closeness_centrality,betweenness_centrality,average_neighbor_degree,pagerank,edge_node_ratio
a0,3,1,7,0,0.5714285714285714,0.4285714285714285,0.1428571428571428,0.5714285714285714,0.0,0.0,0.1528328123786783,2.375
a1,1,4,0,7,0.7142857142857142,0.1428571428571428,0.5714285714285714,0.1428571428571428,0.0277777777777777,1.75,0.0692054793277267,2.375
a2,2,4,1,7,0.8571428571428571,0.2857142857142857,0.5714285714285714,0.2857142857142857,0.0873015873015873,1.75,0.0839116061800434,2.375
a3,6,0,13,0,0.8571428571428571,0.8571428571428571,0.0,0.875,0.0,0.0,0.3310688122559173,2.375
a4,0,3,0,11,0.4285714285714285,0.0,0.4285714285714285,0.0,0.0,3.6666666666666665,0.0539262494250565,2.375
a5,1,2,2,3,0.4285714285714285,0.1428571428571428,0.2857142857142857,0.2571428571428571,0.0,1.5,0.07175732300119,2.375
a6,3,2,6,1,0.7142857142857142,0.4285714285714285,0.2857142857142857,0.5102040816326531,0.0119047619047619,0.5,0.1197642877573964,2.375
a7,3,3,3,3,0.8571428571428571,0.4285714285714285,0.4285714285714285,0.4571428571428571,0.0873015873015873,1.0,0.1175334296739911,2.375
