argument,predecessors,successors,predecessors_neighbors,successors_neighbors,degree_centrality,in_degree_centrality,out_degree_centrality,closeness_centrality,betweenness_centrality,average_neighbor_degree,pagerank,edge_node_ratio
a0,3,1,5,1,0.5714285714285714,0.4285714285714285,0.1428571428571428,0.5102040816326531,0.0595238095238095,1.0,0.160351113807233,1.75
a1,0,2,0,4,0.2857142857142857,0.0,0.2857142857142857,0.0,0.0,2.0,0.0480969986390444,1.75
a2,2,1,2,1,0.4285714285714285,0.2857142857142857,0.1428571428571428,0.3265306122448979,0.0119047619047619,1.0,0.0872291094889675,1.75
a3,3,1,5,0,0.5714285714285714,0.4285714285714285,0.1428571428571428,0.5714285714285714,0.0595238095238095,0.0,0.2235260917089986,1.75
a4,1,3,0,5,0.5714285714285714,0.1428571428571428,0.4285714285714285,0.1428571428571428,0.0833333333333333,1.6666666666666667,0.0685383154711908,1.75
a5,3,0,6,0,0.4285714285714285,0.4285714285714285,0.0,0.5833333333333334,0.0,0.0,0.2762039451156732,1.75
a6,2,4,1,3,0.8571428571428571,0.2857142857142857,0.5714285714285714,0.3214285714285714,0.119047619047619,0.75,0.0879574271298476,1.75
a7,0,2,0,5,0.2857142857142857,0.0,0.2857142857142857,0.0,0.0,2.5,0.0480969986390444,1.75
