argument,predecessors,successors,predecessors_neighbors,successors_neighbors,degree_centrality,in_degree_centrality,out_degree_centrality,closeness_centrality,betweenness_centrality,average_neighbor_degree,pagerank,edge_node_ratio
a0,2,0,2,0,0.3333333333333333,0.3333333333333333,0.0,0.4615384615384615,0.0,0.0,0.1718947484699468,1.1428571428571428
a1,1,1,1,1,0.3333333333333333,0.1666666666666666,0.1666666666666666,0.25,0.1,1.0,0.1198249272055689,1.1428571428571428
a2,1,2,1,1,0.5,0.1666666666666666,0.3333333333333333,0.25,0.2,0.5,0.1824096961272495,1.1428571428571428
a3,1,1,1,2,0.3333333333333333,0.1666666666666666,0.1666666666666666,0.25,0.1666666666666666,2.0,0.1648306297619042,1.1428571428571428
a4,1,1,1,1,0.3333333333333333,0.1666666666666666,0.1666666666666666,0.25,0.1333333333333333,1.0,0.1441518033207297,1.1428571428571428
a5,1,1,1,2,0.3333333333333333,0.1666666666666666,0.1666666666666666,0.1666666666666666,0.0,2.0,0.0943712186625775,1.1428571428571428
a6,1,2,1,1,0.5,0.1666666666666666,0.3333333333333333,0.1666666666666666,0.0333333333333333,0.5,0.1225169764520231,1.1428571428571428
