argument,predecessors,successors,predecessors_neighbors,successors_neighbors,degree_centrality,in_degree_centrality,out_degree_centrality,closeness_centrality,betweenness_centrality,average_neighbor_degree,pagerank,edge_node_ratio
a0,1,1,2,1,0.3333333333333333,0.1666666666666666,0.1666666666666666,0.3333333333333333,0.1,1.0,0.2734583767605875,1.0
a1,1,1,1,1,0.3333333333333333,0.1666666666666666,0.1666666666666666,0.2666666666666666,0.0333333333333333,1.0,0.2617310639523069,1.0
a2,1,0,1,0,0.1666666666666666,0.1666666666666666,0.0,0.2222222222222222,0.0,0.0,0.0647771796843531,1.0
a3,1,1,0,0,0.3333333333333333,0.1666666666666666,0.1666666666666666,0.1666666666666666,0.0333333333333333,0.0,0.0417444798418104,1.0
a4,0,2,0,2,0.3333333333333333,0.0,0.3333333333333333,0.0,0.0,1.0,0.0292943718188143,1.0
a5,1,1,0,1,0.3333333333333333,0.1666666666666666,0.1666666666666666,0.1666666666666666,0.1,1.0,0.0417444798418104,1.0
a6,2,1,2,1,0.5,0.3333333333333333,0.1666666666666666,0.4444444444444444,0.1666666666666666,1.0,0.2872500481003173,1.0
