argument,predecessors,successors,predecessors_neighbors,successors_neighbors,degree_centrality,in_degree_centrality,out_degree_centrality,closeness_centrality,betweenness_centrality,average_neighbor_degree,pagerank,edge_node_ratio
a0,2,0,2,0,0.3333333333333333,0.3333333333333333,0.0,0.4615384615384615,0.0,0.0,0.2421419416722243,1.0
a1,1,1,1,0,0.3333333333333333,0.1666666666666666,0.1666666666666666,0.25,0.1,0.0,0.1310337167068791,1.0
a2,1,2,1,2,0.5,0.1666666666666666,0.3333333333333333,0.2222222222222222,0.1666666666666666,1.0,0.188710871159509,1.0
a3,1,1,1,1,0.3333333333333333,0.1666666666666666,0.1666666666666666,0.2222222222222222,0.0333333333333333,1.0,0.1310337167068791,1.0
a4,1,1,1,2,0.3333333333333333,0.1666666666666666,0.1666666666666666,0.2222222222222222,0.1,2.0,0.1622093761757251,1.0
a5,0,1,0,1,0.1666666666666666,0.0,0.1666666666666666,0.0,0.0,1.0,0.0508317014478357,1.0
a6,1,1,0,0,0.3333333333333333,0.1666666666666666,0.1666666666666666,0.1666666666666666,0.0333333333333333,0.0,0.0940386761309475,1.0
