argument,predecessors,successors,predecessors_neighbors,successors_neighbors,degree_centrality,in_degree_centrality,out_degree_centrality,closeness_centrality,betweenness_centrality,average_neighbor_degree,pagerank,edge_node_ratio
a0,1,1,2,1,0.3333333333333333,0.1666666666666666,0.1666666666666666,0.3529411764705882,0.0,1.0,0.371089732142857,1.1428571428571428
a1,2,1,3,1,0.5,0.3333333333333333,0.1666666666666666,0.5,0.1666666666666666,1.0,0.4113660714285713,1.1428571428571428
a2,2,1,2,1,0.5,0.3333333333333333,0.1666666666666666,0.4444444444444444,0.2666666666666666,1.0,0.0876602678571428,1.1428571428571428
a3,1,1,0,1,0.3333333333333333,0.1666666666666666,0.1666666666666666,0.1666666666666666,0.1,1.0,0.0305357142857142,1.1428571428571428
a4,0,2,0,2,0.3333333333333333,0.0,0.3333333333333333,0.0,0.0,1.0,0.0214285714285714,1.1428571428571428
a5,1,1,0,1,0.3333333333333333,0.1666666666666666,0.1666666666666666,0.1666666666666666,0.0333333333333333,1.0,0.0305357142857142,1.1428571428571428
a6,1,1,1,1,0.3333333333333333,0.1666666666666666,0.1666666666666666,0.2222222222222222,0.1,1.0,0.0473839285714285,1.1428571428571428
