argument,predecessors,successors,predecessors_neighbors,successors_neighbors,degree_centrality,in_degree_centrality,out_degree_centrality,closeness_centrality,betweenness_centrality,average_neighbor_degree,pagerank,edge_node_ratio
a0,1,1,1,1,0.2857142857142857,0.1428571428571428,0.1428571428571428,0.1904761904761904,0.0238095238095238,1.0,0.0985544797405411,1.0
a1,2,0,4,0,0.2857142857142857,0.2857142857142857,0.0,0.4675324675324674,0.0,0.0,0.2876377669176486,1.0
a2,2,1,3,0,0.4285714285714285,0.2857142857142857,0.1428571428571428,0.3968253968253968,0.0238095238095238,0.0,0.2007623624550485,1.0
a3,1,2,0,3,0.4285714285714285,0.1428571428571428,0.2857142857142857,0.1428571428571428,0.0952380952380952,1.5,0.1020717617035182,1.0
a4,0,1,0,2,0.1428571428571428,0.0,0.1428571428571428,0.0,0.0,2.0,0.0551736938695919,1.0
a5,2,2,1,1,0.5714285714285714,0.2857142857142857,0.2857142857142857,0.3214285714285714,0.119047619047619,0.5,0.1454525475744675,1.0
a6,0,0,0,0,0.0,0.0,0.0,0.0,0.0,0.0,0.0551736938695919,1.0
a7,0,1,0,2,0.1428571428571428,0.0,0.1428571428571428,0.0,0.0,2.0,0.0551736938695919,1.0
