argument,predecessors,successors,predecessors_neighbors,successors_neighbors,degree_centrality,in_degree_centrality,out_degree_centrality,closeness_centrality,betweenness_centrality,average_neighbor_degree,pagerank,edge_node_ratio
a0,2,4,3,3,0.8571428571428571,0.2857142857142857,0.5714285714285714,0.3571428571428571,0.4285714285714285,0.75,0.1483075768320556,1.5
a1,2,2,5,7,0.5714285714285714,0.2857142857142857,0.2857142857142857,0.4464285714285714,0.4285714285714285,3.5,0.1452675447249443,1.5
a2,1,0,2,0,0.1428571428571428,0.1428571428571428,0.0,0.3214285714285714,0.0,0.0,0.0638288276682975,1.5
a3,3,3,4,4,0.8571428571428571,0.4285714285714285,0.4285714285714285,0.4464285714285714,0.4285714285714285,1.3333333333333333,0.2874336235599286,1.5
a4,1,0,2,0,0.1428571428571428,0.1428571428571428,0.0,0.3214285714285714,0.0,0.0,0.0638288276682975,1.5
a5,1,1,3,3,0.2857142857142857,0.1428571428571428,0.1428571428571428,0.2976190476190476,0.0,3.0,0.1137523859390893,1.5
a6,1,1,3,3,0.2857142857142857,0.1428571428571428,0.1428571428571428,0.2976190476190476,0.0,3.0,0.1137523859390893,1.5
a7,1,1,2,4,0.2857142857142857,0.1428571428571428,0.1428571428571428,0.2551020408163265,0.0,4.0,0.0638288276682975,1.5
