argument,predecessors,successors,predecessors_neighbors,successors_neighbors,degree_centrality,in_degree_centrality,out_degree_centrality,closeness_centrality,betweenness_centrality,average_neighbor_degree,pagerank,edge_node_ratio
a0,5,1,10,2,0.8571428571428571,0.7142857142857142,0.1428571428571428,0.7,0.0992063492063491,2.0,0.1511323651260435,2.5
a1,3,2,9,8,0.7142857142857142,0.4285714285714285,0.2857142857142857,0.6363636363636364,0.3928571428571428,4.0,0.253419888549768,2.5
a2,2,3,6,6,0.7142857142857142,0.2857142857142857,0.4285714285714285,0.5,0.1825396825396825,2.0,0.0937126358490826,2.5
a3,2,1,6,2,0.4285714285714285,0.2857142857142857,0.1428571428571428,0.5,0.0277777777777777,2.0,0.0937126358490826,2.5
a4,2,5,4,10,1.0,0.2857142857142857,0.7142857142857142,0.5,0.2976190476190476,2.0,0.1392900416702962,2.5
a5,1,3,2,9,0.5714285714285714,0.1428571428571428,0.4285714285714285,0.3684210526315789,0.0595238095238095,3.0,0.0453018049277455,2.5
a6,1,2,2,4,0.4285714285714285,0.1428571428571428,0.2857142857142857,0.3888888888888889,0.0,2.0,0.0424291415541775,2.5
a7,4,3,7,5,1.0,0.5714285714285714,0.4285714285714285,0.7,0.2261904761904761,1.6666666666666667,0.1810014864738036,2.5
