argument,predecessors,successors,predecessors_neighbors,successors_neighbors,degree_centrality,in_degree_centrality,out_degree_centrality,closeness_centrality,betweenness_centrality,average_neighbor_degree,pagerank,edge_node_ratio
a0,3,1,4,2,0.6666666666666666,0.5,0.1666666666666666,0.5952380952380952,0.2,2.0,0.3570220277070531,1.1428571428571428
a1,1,0,0,0,0.1666666666666666,0.1666666666666666,0.0,0.1666666666666666,0.0,0.0,0.0369250701793448,1.1428571428571428
a2,0,2,0,1,0.3333333333333333,0.0,0.3333333333333333,0.0,0.0,0.5,0.025912329950383,1.1428571428571428
a3,2,1,1,1,0.5,0.3333333333333333,0.1666666666666666,0.3787878787878788,0.0666666666666666,1.0,0.1769112306639207,1.1428571428571428
a4,0,1,0,1,0.1666666666666666,0.0,0.1666666666666666,0.0,0.0,1.0,0.025912329950383,1.1428571428571428
a5,1,1,0,1,0.3333333333333333,0.1666666666666666,0.1666666666666666,0.1666666666666666,0.1,1.0,0.0479378104083065,1.1428571428571428
a6,1,2,3,2,0.5,0.1666666666666666,0.3333333333333333,0.3787878787878788,0.1,1.0,0.3293792011406084,1.1428571428571428
