argument,predecessors,successors,predecessors_neighbors,successors_neighbors,degree_centrality,in_degree_centrality,out_degree_centrality,closeness_centrality,betweenness_centrality,average_neighbor_degree,pagerank,edge_node_ratio
a0,1,1,0,1,0.3333333333333333,0.1666666666666666,0.1666666666666666,0.1666666666666666,0.0666666666666666,1.0,0.0762327921492356,1.1428571428571428
a1,2,1,2,2,0.5,0.3333333333333333,0.1666666666666666,0.375,0.1,2.0,0.2339657196023578,1.1428571428571428
a2,0,1,0,0,0.1666666666666666,0.0,0.1666666666666666,0.0,0.0,0.0,0.0594022277173378,1.1428571428571428
a3,1,2,2,1,0.5,0.1666666666666666,0.3333333333333333,0.25,0.0666666666666666,0.5,0.258274026495029,1.1428571428571428
a4,3,0,1,0,0.5,0.5,0.0,0.5208333333333334,0.0,0.0,0.236490214169466,1.1428571428571428
a5,1,0,0,0,0.1666666666666666,0.1666666666666666,0.0,0.1666666666666666,0.0,0.0,0.0762327921492356,1.1428571428571428
a6,0,3,0,1,0.5,0.0,0.5,0.0,0.0,0.3333333333333333,0.0594022277173378,1.1428571428571428
