argument,predecessors,successors,predecessors_neighbors,successors_neighbors,degree_centrality,in_degree_centrality,out_degree_centrality,closeness_centrality,betweenness_centrality,average_neighbor_degree,pagerank,edge_node_ratio
a0,1,1,1,1,0.3333333333333333,0.1666666666666666,0.1666666666666666,0.2222222222222222,0.0833333333333333,1.0,0.1095889739687944,1.1428571428571428
a1,1,1,1,0,0.3333333333333333,0.1666666666666666,0.1666666666666666,0.25,0.05,0.0,0.1561644104124822,1.1428571428571428
a2,0,1,0,0,0.1666666666666666,0.0,0.1666666666666666,0.0,0.0,0.0,0.0630135375251066,1.1428571428571428
a3,3,0,2,0,0.5,0.5,0.0,0.6,0.0,0.0,0.3424661561872333,1.1428571428571428
a4,1,1,1,0,0.3333333333333333,0.1666666666666666,0.1666666666666666,0.2222222222222222,0.05,0.0,0.1095889739687944,1.1428571428571428
a5,1,2,1,3,0.5,0.1666666666666666,0.3333333333333333,0.1666666666666666,0.05,1.5,0.1095889739687944,1.1428571428571428
a6,1,2,1,3,0.5,0.1666666666666666,0.3333333333333333,0.1666666666666666,0.0666666666666666,1.5,0.1095889739687944,1.1428571428571428
