argument,predecessors,successors,predecessors_neighbors,successors_neighbors,degree_centrality,in_degree_centrality,out_degree_centrality,closeness_centrality,betweenness_centrality,average_neighbor_degree,pagerank,edge_node_ratio
a0,3,2,6,6,0.7142857142857142,0.4285714285714285,0.2857142857142857,0.5833333333333334,0.1071428571428571,3.0,0.1185953108531908,2.875
a1,3,3,11,10,0.8571428571428571,0.4285714285714285,0.4285714285714285,0.6363636363636364,0.3988095238095238,3.333333333333333,0.2152055485627057,2.875
a2,3,3,6,7,0.8571428571428571,0.4285714285714285,0.4285714285714285,0.5384615384615384,0.0773809523809523,2.333333333333333,0.1091341266806796,2.875
a3,5,1,12,3,0.8571428571428571,0.7142857142857142,0.1428571428571428,0.7777777777777778,0.0654761904761904,3.0,0.1546526947885321,2.875
a4,2,3,7,6,0.7142857142857142,0.2857142857142857,0.4285714285714285,0.4666666666666667,0.0773809523809523,2.0,0.0893538479467543,2.875
a5,2,3,4,7,0.7142857142857142,0.2857142857142857,0.4285714285714285,0.5,0.0654761904761904,2.333333333333333,0.0932780532575889,2.875
a6,1,5,3,12,0.8571428571428571,0.1428571428571428,0.7142857142857142,0.4375,0.0654761904761904,2.4,0.0797249720039916,2.875
a7,4,3,9,7,1.0,0.5714285714285714,0.4285714285714285,0.6363636363636364,0.2142857142857142,2.333333333333333,0.1400554459065565,2.875
