argument,predecessors,successors,predecessors_neighbors,successors_neighbors,degree_centrality,in_degree_centrality,out_degree_centrality,closeness_centrality,betweenness_centrality,average_neighbor_degree,pagerank,edge_node_ratio
a0,3,1,1,0,0.5714285714285714,0.4285714285714285,0.1428571428571428,0.4464285714285714,0.0714285714285714,0.0,0.1600212309169499,1.25
a1,0,2,0,1,0.2857142857142857,0.0,0.2857142857142857,0.0,0.0,0.5,0.059834071000072,1.25
a2,1,1,0,2,0.2857142857142857,0.1428571428571428,0.1428571428571428,0.1428571428571428,0.0714285714285714,2.0,0.0852637055001156,1.25
a3,1,2,1,2,0.4285714285714285,0.1428571428571428,0.2857142857142857,0.1904761904761904,0.1428571428571428,1.0,0.1323081973623991,1.25
a4,0,2,0,2,0.2857142857142857,0.0,0.2857142857142857,0.0,0.0,1.0,0.059834071000072,1.25
a5,2,0,4,0,0.2857142857142857,0.2857142857142857,0.0,0.5142857142857142,0.0,0.0,0.2520821594547962,1.25
a6,2,0,1,0,0.2857142857142857,0.2857142857142857,0.0,0.3246753246753247,0.0,0.0,0.1345915964169062,1.25
a7,1,2,1,1,0.4285714285714285,0.1428571428571428,0.2857142857142857,0.2142857142857142,0.119047619047619,0.5,0.116064968348689,1.25
