argument,predecessors,successors,predecessors_neighbors,successors_neighbors,degree_centrality,in_degree_centrality,out_degree_centrality,closeness_centrality,betweenness_centrality,average_neighbor_degree,pagerank,edge_node_ratio
a0,1,1,2,0,0.2857142857142857,0.1428571428571428,0.1428571428571428,0.3428571428571428,0.0,0.0,0.0926109450407417,1.875
a1,2,1,2,1,0.4285714285714285,0.2857142857142857,0.1428571428571428,0.3246753246753247,0.0,1.0,0.0964147907964084,1.875
a2,0,6,0,8,0.8571428571428571,0.0,0.8571428571428571,0.0,0.0,1.3333333333333333,0.0375187788302446,1.875
a3,3,0,3,0,0.4285714285714285,0.4285714285714285,0.0,0.4666666666666667,0.0,0.0,0.1766458516223934,1.875
a4,2,2,2,2,0.5714285714285714,0.2857142857142857,0.2857142857142857,0.3246753246753247,0.1904761904761904,1.0,0.1260715462386752,1.875
a5,2,1,2,2,0.4285714285714285,0.2857142857142857,0.1428571428571428,0.3571428571428571,0.1428571428571428,2.0,0.0979261189088628,1.875
a6,2,3,3,2,0.7142857142857142,0.2857142857142857,0.4285714285714285,0.3968253968253968,0.3571428571428571,0.6666666666666666,0.1944447615163591,1.875
a7,3,1,4,3,0.5714285714285714,0.4285714285714285,0.1428571428571428,0.4464285714285714,0.2857142857142857,3.0,0.1783672070463146,1.875
