argument,predecessors,successors,predecessors_neighbors,successors_neighbors,degree_centrality,in_degree_centrality,out_degree_centrality,closeness_centrality,betweenness_centrality,average_neighbor_degree,pagerank,edge_node_ratio
a0,2,1,4,2,0.5,0.3333333333333333,0.1666666666666666,0.4615384615384615,0.1333333333333333,2.0,0.2547741790312184,1.4285714285714286
a1,2,1,2,1,0.5,0.3333333333333333,0.1666666666666666,0.5,0.15,1.0,0.1169008524341504,1.4285714285714286
a2,1,2,1,3,0.5,0.1666666666666666,0.3333333333333333,0.1666666666666666,0.1333333333333333,1.5,0.0620631814369585,1.4285714285714286
a3,2,2,4,3,0.6666666666666666,0.3333333333333333,0.3333333333333333,0.5,0.1833333333333333,1.5,0.3152430188917929,1.4285714285714286
a4,2,2,3,3,0.6666666666666666,0.3333333333333333,0.3333333333333333,0.4615384615384615,0.2666666666666666,1.5,0.181784773238029,1.4285714285714286
a5,0,1,0,1,0.1666666666666666,0.0,0.1666666666666666,0.0,0.0,1.0,0.0214285714285714,1.4285714285714286
a6,1,1,1,2,0.3333333333333333,0.1666666666666666,0.1666666666666666,0.1666666666666666,0.0,2.0,0.0478054235392789,1.4285714285714286
