argument,predecessors,successors,predecessors_neighbors,successors_neighbors,degree_centrality,in_degree_centrality,out_degree_centrality,closeness_centrality,betweenness_centrality,average_neighbor_degree,pagerank,edge_node_ratio
a0,1,2,2,2,0.5,0.1666666666666666,0.3333333333333333,0.3205128205128205,0.1666666666666666,1.0,0.0942694093773109,1.7142857142857142
a1,2,2,4,5,0.6666666666666666,0.3333333333333333,0.3333333333333333,0.462962962962963,0.4,2.5,0.1513915014393371,1.7142857142857142
a2,3,3,6,5,1.0,0.5,0.5,0.5952380952380952,0.5833333333333334,1.6666666666666667,0.2872947897151365,1.7142857142857142
a3,2,1,4,3,0.5,0.3333333333333333,0.1666666666666666,0.462962962962963,0.0666666666666666,3.0,0.1513915014393371,1.7142857142857142
a4,1,2,2,3,0.5,0.1666666666666666,0.3333333333333333,0.3205128205128205,0.0166666666666666,1.5,0.0942694093773109,1.7142857142857142
a5,2,2,4,5,0.6666666666666666,0.3333333333333333,0.3333333333333333,0.462962962962963,0.2,2.5,0.1513915014393371,1.7142857142857142
a6,1,0,1,0,0.1666666666666666,0.1666666666666666,0.0,0.3157894736842105,0.0,0.0,0.0699918872122301,1.7142857142857142
