argument,predecessors,successors,predecessors_neighbors,successors_neighbors,degree_centrality,in_degree_centrality,out_degree_centrality,closeness_centrality,betweenness_centrality,average_neighbor_degree,pagerank,edge_node_ratio
a0,0,0,0,0,0.0,0.0,0.0,0.0,0.0,0.0,0.0959462553448181,0.25
a1,0,0,0,0,0.0,0.0,0.0,0.0,0.0,0.0,0.0959462553448181,0.25
a2,0,1,0,1,0.1428571428571428,0.0,0.1428571428571428,0.0,0.0,1.0,0.0959462553448181,0.25
a3,0,0,0,0,0.0,0.0,0.0,0.0,0.0,0.0,0.0959462553448181,0.25
a4,1,1,0,0,0.2857142857142857,0.1428571428571428,0.1428571428571428,0.1428571428571428,0.0238095238095238,0.0,0.1775007631489752,0.25
a5,1,0,1,0,0.1428571428571428,0.1428571428571428,0.0,0.1904761904761904,0.0,0.0,0.246821704782116,0.25
a6,0,0,0,0,0.0,0.0,0.0,0.0,0.0,0.0,0.0959462553448181,0.25
a7,0,0,0,0,0.0,0.0,0.0,0.0,0.0,0.0,0.0959462553448181,0.25
