argument,predecessors,successors,predecessors_neighbors,successors_neighbors,degree_centrality,in_degree_centrality,out_degree_centrality,closeness_centrality,betweenness_centrality,average_neighbor_degree,pagerank,edge_node_ratio
a0,3,2,10,7,0.7142857142857142,0.4285714285714285,0.2857142857142857,0.6363636363636364,0.1666666666666666,3.5,0.1673360670460694,2.625
a1,4,2,9,6,0.8571428571428571,0.5714285714285714,0.2857142857142857,0.7,0.1904761904761904,3.0,0.154851146100959,2.625
a2,3,3,7,6,0.8571428571428571,0.4285714285714285,0.4285714285714285,0.6363636363636364,0.1031746031746031,2.0,0.1349983579940346,2.625
a3,2,3,4,7,0.7142857142857142,0.2857142857142857,0.4285714285714285,0.5384615384615384,0.0833333333333333,2.333333333333333,0.1045537838415058,2.625
a4,2,4,7,10,0.8571428571428571,0.2857142857142857,0.5714285714285714,0.5833333333333334,0.2619047619047618,2.5,0.1556789906807692,2.625
a5,3,2,7,5,0.7142857142857142,0.4285714285714285,0.2857142857142857,0.6363636363636364,0.0555555555555555,2.5,0.1259819862819925,2.625
a6,3,2,6,4,0.7142857142857142,0.4285714285714285,0.2857142857142857,0.6363636363636364,0.0595238095238095,2.0,0.1047673747387542,2.625
a7,1,3,2,7,0.5714285714285714,0.1428571428571428,0.4285714285714285,0.4117647058823529,0.0317460317460317,2.333333333333333,0.0518322933159149,2.625
