argument,predecessors,successors,predecessors_neighbors,successors_neighbors,degree_centrality,in_degree_centrality,out_degree_centrality,closeness_centrality,betweenness_centrality,average_neighbor_degree,pagerank,edge_node_ratio
a0,1,0,1,0,0.1666666666666666,0.1666666666666666,0.0,0.2222222222222222,0.0,0.0,0.0488786527871207,1.0
a1,0,1,0,1,0.1666666666666666,0.0,0.1666666666666666,0.0,0.0,1.0,0.0273638364098646,1.0
a2,2,1,3,1,0.5,0.3333333333333333,0.1666666666666666,0.5208333333333334,0.2,1.0,0.2894183926274698,1.0
a3,0,1,0,2,0.1666666666666666,0.0,0.1666666666666666,0.0,0.0,2.0,0.0273638364098646,1.0
a4,1,2,0,1,0.5,0.1666666666666666,0.3333333333333333,0.1666666666666666,0.1333333333333333,0.5,0.0506230973582496,1.0
a5,1,1,2,1,0.3333333333333333,0.1666666666666666,0.1666666666666666,0.3787878787878788,0.1,1.0,0.2733674886841117,1.0
a6,2,1,1,1,0.5,0.3333333333333333,0.1666666666666666,0.3787878787878788,0.1,1.0,0.2829846957233179,1.0
