argument,predecessors,successors,predecessors_neighbors,successors_neighbors,degree_centrality,in_degree_centrality,out_degree_centrality,closeness_centrality,betweenness_centrality,average_neighbor_degree,pagerank,edge_node_ratio
a0,2,4,3,3,0.8571428571428571,0.2857142857142857,0.5714285714285714,0.3968253968253968,0.238095238095238,0.75,0.1540139462583067,1.875
a1,2,1,2,2,0.4285714285714285,0.2857142857142857,0.1428571428571428,0.3968253968253968,0.0714285714285714,2.0,0.085303401614824,1.875
a2,1,3,2,5,0.5714285714285714,0.1428571428571428,0.4285714285714285,0.3246753246753247,0.0714285714285714,1.6666666666666667,0.1200110165714204,1.875
a3,3,0,6,0,0.4285714285714285,0.4285714285714285,0.0,0.5384615384615384,0.0,0.0,0.2091098669508586,1.875
a4,2,1,2,2,0.4285714285714285,0.2857142857142857,0.1428571428571428,0.3968253968253968,0.0714285714285714,2.0,0.085303401614824,1.875
a5,3,1,3,0,0.5714285714285714,0.4285714285714285,0.1428571428571428,0.4675324675324674,0.0238095238095238,0.0,0.1193063313017103,1.875
a6,0,3,0,3,0.4285714285714285,0.0,0.4285714285714285,0.0,0.0,1.0,0.0409679576597845,1.875
a7,2,2,4,7,0.5714285714285714,0.2857142857142857,0.2857142857142857,0.3968253968253968,0.3095238095238095,3.5,0.185984078028271,1.875
