argument,predecessors,successors,predecessors_neighbors,successors_neighbors,degree_centrality,in_degree_centrality,out_degree_centrality,closeness_centrality,betweenness_centrality,average_neighbor_degree,pagerank,edge_node_ratio
a0,0,0,0,0,0.0,0.0,0.0,0.0,0.0,0.0,0.090648125082026,0.625
a1,0,0,0,0,0.0,0.0,0.0,0.0,0.0,0.0,0.090648125082026,0.625
a2,0,3,0,2,0.4285714285714285,0.0,0.4285714285714285,0.0,0.0,0.6666666666666666,0.090648125082026,0.625
a3,1,0,1,0,0.1428571428571428,0.1428571428571428,0.0,0.1904761904761904,0.0,0.0,0.189530012140962,0.625
a4,1,0,0,0,0.1428571428571428,0.1428571428571428,0.0,0.1428571428571428,0.0,0.0,0.1163318668239992,0.625
a5,1,1,0,0,0.2857142857142857,0.1428571428571428,0.1428571428571428,0.1428571428571428,0.0238095238095238,0.0,0.1163318668239992,0.625
a6,1,0,1,0,0.1428571428571428,0.1428571428571428,0.0,0.1904761904761904,0.0,0.0,0.189530012140962,0.625
a7,1,1,0,0,0.2857142857142857,0.1428571428571428,0.1428571428571428,0.1428571428571428,0.0238095238095238,0.0,0.1163318668239992,0.625
