argument,predecessors,successors,predecessors_neighbors,successors_neighbors,degree_centrality,in_degree_centrality,out_degree_centrality,closeness_centrality,betweenness_centrality,average_neighbor_degree,pagerank,edge_node_ratio
a0,2,2,4,4,0.6666666666666666,0.3333333333333333,0.3333333333333333,0.462962962962963,0.3166666666666666,2.0,0.1688774346134882,1.5714285714285714
a1,2,2,4,4,0.6666666666666666,0.3333333333333333,0.3333333333333333,0.462962962962963,0.3333333333333333,2.0,0.2076423173483752,1.5714285714285714
a2,2,2,4,3,0.6666666666666666,0.3333333333333333,0.3333333333333333,0.462962962962963,0.25,1.5,0.2462326102883285,1.5714285714285714
a3,1,0,2,0,0.1666666666666666,0.1666666666666666,0.0,0.3529411764705882,0.0,0.0,0.0806300719434011,1.5714285714285714
a4,2,1,2,2,0.5,0.3333333333333333,0.1666666666666666,0.3787878787878788,0.05,2.0,0.1491371991197861,1.5714285714285714
a5,2,2,2,2,0.6666666666666666,0.3333333333333333,0.3333333333333333,0.3787878787878788,0.2166666666666666,1.0,0.1162609698192563,1.5714285714285714
a6,0,2,0,3,0.3333333333333333,0.0,0.3333333333333333,0.0,0.0,1.5,0.0312193968673644,1.5714285714285714
