argument,predecessors,successors,predecessors_neighbors,successors_neighbors,degree_centrality,in_degree_centrality,out_degree_centrality,closeness_centrality,betweenness_centrality,average_neighbor_degree,pagerank,edge_node_ratio
a0,0,2,0,1,0.2857142857142857,0.0,0.2857142857142857,0.0,0.0,0.5,0.0220953783833548,1.125
a1,5,1,2,1,0.8571428571428571,0.7142857142857142,0.1428571428571428,0.7346938775510203,0.119047619047619,1.0,0.4145126947610529,1.125
a2,0,1,0,1,0.1428571428571428,0.0,0.1428571428571428,0.0,0.0,1.0,0.0220953783833548,1.125
a3,0,1,0,1,0.1428571428571428,0.0,0.1428571428571428,0.0,0.0,1.0,0.0220953783833548,1.125
a4,1,2,1,2,0.4285714285714285,0.1428571428571428,0.2857142857142857,0.1428571428571428,0.0476190476190476,1.0,0.0639944422844719,1.125
a5,1,0,0,0,0.1428571428571428,0.1428571428571428,0.0,0.1428571428571428,0.0,0.0,0.0314859141962806,1.125
a6,1,1,5,1,0.2857142857142857,0.1428571428571428,0.1428571428571428,0.4285714285714285,0.0,1.0,0.3744277972538742,1.125
a7,1,1,1,2,0.2857142857142857,0.1428571428571428,0.1428571428571428,0.1428571428571428,0.0,2.0,0.0492930163542554,1.125
