argument,predecessors,successors,predecessors_neighbors,successors_neighbors,degree_centrality,in_degree_centrality,out_degree_centrality,closeness_centrality,betweenness_centrality,average_neighbor_degree,pagerank,edge_node_ratio
a0,2,3,4,5,0.7142857142857142,0.2857142857142857,0.4285714285714285,0.3809523809523809,0.2857142857142857,1.6666666666666667,0.100736528196004,1.5
a1,1,1,2,3,0.2857142857142857,0.1428571428571428,0.1428571428571428,0.2539682539682539,0.0,3.0,0.052914144414758,1.5
a2,3,4,4,6,1.0,0.4285714285714285,0.5714285714285714,0.4571428571428571,0.4761904761904761,1.5,0.1477053038886736,1.5
a3,1,1,3,4,0.2857142857142857,0.1428571428571428,0.1428571428571428,0.2857142857142857,0.0,4.0,0.0557595051837866,1.5
a4,2,1,4,1,0.4285714285714285,0.2857142857142857,0.1428571428571428,0.4675324675324674,0.119047619047619,1.0,0.2755867600170408,1.5
a5,1,0,2,0,0.1428571428571428,0.1428571428571428,0.0,0.3246753246753247,0.0,0.0,0.052914144414758,1.5
a6,1,1,3,4,0.2857142857142857,0.1428571428571428,0.1428571428571428,0.2857142857142857,0.0,4.0,0.0557595051837866,1.5
a7,1,1,2,1,0.2857142857142857,0.1428571428571428,0.1428571428571428,0.3214285714285714,0.0,1.0,0.2586241087011919,1.5
