argument,predecessors,successors,predecessors_neighbors,successors_neighbors,degree_centrality,in_degree_centrality,out_degree_centrality,closeness_centrality,betweenness_centrality,average_neighbor_degree,pagerank,edge_node_ratio
a0,1,1,5,5,0.2857142857142857,0.1428571428571428,0.1428571428571428,0.4285714285714285,0.0,5.0,0.08831962962347,1.625
a1,5,5,6,7,1.4285714285714284,0.7142857142857142,0.7142857142857142,0.7346938775510203,0.7619047619047619,1.4,0.367328008803151,1.625
a2,1,1,5,5,0.2857142857142857,0.1428571428571428,0.1428571428571428,0.4285714285714285,0.0,5.0,0.08831962962347,1.625
a3,2,3,6,6,0.7142857142857142,0.2857142857142857,0.4285714285714285,0.5142857142857142,0.3809523809523809,2.0,0.1453067291629232,1.625
a4,1,1,5,5,0.2857142857142857,0.1428571428571428,0.1428571428571428,0.4285714285714285,0.0,5.0,0.08831962962347,1.625
a5,1,1,5,5,0.2857142857142857,0.1428571428571428,0.1428571428571428,0.4285714285714285,0.0,5.0,0.08831962962347,1.625
a6,1,0,2,0,0.1428571428571428,0.1428571428571428,0.0,0.4117647058823529,0.0,0.0,0.0670433717700227,1.625
a7,1,1,2,3,0.2857142857142857,0.1428571428571428,0.1428571428571428,0.3428571428571428,0.0,3.0,0.0670433717700227,1.625
