argument,predecessors,successors,predecessors_neighbors,successors_neighbors,degree_centrality,in_degree_centrality,out_degree_centrality,closeness_centrality,betweenness_centrality,average_neighbor_degree,pagerank,edge_node_ratio
a0,1,0,0,0,0.1428571428571428,0.1428571428571428,0.0,0.1428571428571428,0.0,0.0,0.0446610195725846,1.75
a1,2,1,4,3,0.4285714285714285,0.2857142857142857,0.1428571428571428,0.4464285714285714,0.1904761904761904,3.0,0.2089447673192694,1.75
a2,3,0,4,0,0.4285714285714285,0.4285714285714285,0.0,0.4285714285714285,0.0,0.0,0.1381331359640812,1.75
a3,0,5,0,7,0.7142857142857142,0.0,0.7142857142857142,0.0,0.0,1.4,0.0381718002127966,1.75
a4,2,3,2,4,0.7142857142857142,0.2857142857142857,0.4285714285714285,0.3968253968253968,0.2261904761904761,1.3333333333333333,0.2222637028168942,1.75
a5,2,1,2,1,0.4285714285714285,0.2857142857142857,0.1428571428571428,0.3246753246753247,0.0357142857142857,1.0,0.0751577445048243,1.75
a6,2,1,4,1,0.4285714285714285,0.2857142857142857,0.1428571428571428,0.4464285714285714,0.1071428571428571,1.0,0.1650314185777077,1.75
a7,2,3,2,2,0.7142857142857142,0.2857142857142857,0.4285714285714285,0.3246753246753247,0.1071428571428571,0.6666666666666666,0.1076364110318415,1.75
