argument,predecessors,successors,predecessors_neighbors,successors_neighbors,degree_centrality,in_degree_centrality,out_degree_centrality,closeness_centrality,betweenness_centrality,average_neighbor_degree,pagerank,edge_node_ratio
a0,3,3,10,8,0.8571428571428571,0.4285714285714285,0.4285714285714285,0.6363636363636364,0.0833333333333333,2.6666666666666665,0.1194806850176067,3.125
a1,4,3,12,9,1.0,0.5714285714285714,0.4285714285714285,0.7,0.1706349206349206,3.0,0.1639117879753064,3.125
a2,3,3,10,11,0.8571428571428571,0.4285714285714285,0.4285714285714285,0.6363636363636364,0.1349206349206348,3.6666666666666665,0.1446723423303171,3.125
a3,4,3,11,8,1.0,0.5714285714285714,0.4285714285714285,0.7,0.0912698412698412,2.6666666666666665,0.13892807997528,3.125
a4,2,3,7,11,0.7142857142857142,0.2857142857142857,0.4285714285714285,0.5833333333333334,0.0912698412698412,3.6666666666666665,0.0990442119062562,3.125
a5,3,3,8,8,0.8571428571428571,0.4285714285714285,0.4285714285714285,0.6363636363636364,0.0436507936507936,2.6666666666666665,0.1085200714976383,3.125
a6,2,5,5,14,1.0,0.2857142857142857,0.7142857142857142,0.5384615384615384,0.0793650793650793,2.8,0.0878033697761909,3.125
a7,4,2,12,6,0.8571428571428571,0.5714285714285714,0.2857142857142857,0.7,0.0674603174603174,3.0,0.1376394515214039,3.125
