argument,predecessors,successors,predecessors_neighbors,successors_neighbors,degree_centrality,in_degree_centrality,out_degree_centrality,closeness_centrality,betweenness_centrality,average_neighbor_degree,pagerank,edge_node_ratio
a0,1,1,4,4,0.2857142857142857,0.1428571428571428,0.1428571428571428,0.4117647058823529,0.0,4.0,0.0891946455070795,1.625
a1,4,4,6,5,1.1428571428571428,0.5714285714285714,0.5714285714285714,0.6363636363636364,0.5714285714285714,1.25,0.3315010408084914,1.625
a2,3,2,6,5,0.7142857142857142,0.4285714285714285,0.2857142857142857,0.6363636363636364,0.4285714285714285,2.5,0.2007232755447981,1.625
a3,1,1,3,2,0.2857142857142857,0.1428571428571428,0.1428571428571428,0.4117647058823529,0.0,2.0,0.104056717771264,1.625
a4,1,2,1,3,0.4285714285714285,0.1428571428571428,0.2857142857142857,0.1428571428571428,0.1428571428571428,1.5,0.0543052837573386,1.625
a5,1,1,4,4,0.2857142857142857,0.1428571428571428,0.1428571428571428,0.4117647058823529,0.0,4.0,0.0891946455070795,1.625
a6,1,1,1,2,0.2857142857142857,0.1428571428571428,0.1428571428571428,0.1428571428571428,0.0,2.0,0.0418297455968689,1.625
a7,1,1,4,4,0.2857142857142857,0.1428571428571428,0.1428571428571428,0.4117647058823529,0.0,4.0,0.0891946455070795,1.625
