argument,predecessors,successors,predecessors_neighbors,successors_neighbors,degree_centrality,in_degree_centrality,out_degree_centrality,closeness_centrality,betweenness_centrality,average_neighbor_degree,pagerank,edge_node_ratio
a0,2,2,5,3,0.6666666666666666,0.3333333333333333,0.3333333333333333,0.4615384615384615,0.1333333333333333,1.5,0.2626302539713447,1.7142857142857142
a1,2,1,3,2,0.5,0.3333333333333333,0.1666666666666666,0.375,0.0166666666666666,2.0,0.1797336179413296,1.7142857142857142
a2,1,2,3,3,0.5,0.1666666666666666,0.3333333333333333,0.4,0.0666666666666666,1.5,0.1098553455179787,1.7142857142857142
a3,3,2,4,4,0.8333333333333333,0.5,0.3333333333333333,0.6,0.3833333333333333,2.0,0.2080614293042475,1.7142857142857142
a4,1,1,2,2,0.3333333333333333,0.1666666666666666,0.1666666666666666,0.2222222222222222,0.0,2.0,0.0666536738738872,1.7142857142857142
a5,2,2,2,3,0.6666666666666666,0.3333333333333333,0.3333333333333333,0.3333333333333333,0.2,1.5,0.1064120055173249,1.7142857142857142
a6,1,2,2,4,0.5,0.1666666666666666,0.3333333333333333,0.2222222222222222,0.2666666666666666,2.0,0.0666536738738872,1.7142857142857142
