argument,predecessors,successors,predecessors_neighbors,successors_neighbors,degree_centrality,in_degree_centrality,out_degree_centrality,closeness_centrality,betweenness_centrality,average_neighbor_degree,pagerank,edge_node_ratio
a0,1,1,2,1,0.2857142857142857,0.1428571428571428,0.1428571428571428,0.3428571428571428,0.1666666666666666,1.0,0.2214361082773125,0.875
a1,1,1,0,1,0.2857142857142857,0.1428571428571428,0.1428571428571428,0.1428571428571428,0.0952380952380952,1.0,0.0388111888111888,0.875
a2,0,0,0,0,0.0,0.0,0.0,0.0,0.0,0.0,0.0209790209790209,0.875
a3,0,1,0,1,0.1428571428571428,0.0,0.1428571428571428,0.0,0.0,1.0,0.0209790209790209,0.875
a4,0,1,0,1,0.1428571428571428,0.0,0.1428571428571428,0.0,0.0,1.0,0.0209790209790209,0.875
a5,2,1,1,1,0.4285714285714285,0.2857142857142857,0.1428571428571428,0.3673469387755101,0.1904761904761904,1.0,0.2270318366823041,0.875
a6,1,1,2,1,0.2857142857142857,0.1428571428571428,0.1428571428571428,0.3025210084033613,0.119047619047619,1.0,0.2139557288421762,0.875
a7,2,1,2,1,0.4285714285714285,0.2857142857142857,0.1428571428571428,0.4285714285714285,0.238095238095238,1.0,0.2358280744499554,0.875
