argument,predecessors,successors,predecessors_neighbors,successors_neighbors,degree_centrality,in_degree_centrality,out_degree_centrality,closeness_centrality,betweenness_centrality,average_neighbor_degree,pagerank,edge_node_ratio
a0,1,4,3,9,0.7142857142857142,0.1428571428571428,0.5714285714285714,0.4117647058823529,0.1547619047619047,2.25,0.1212478917152869,2.25
a1,3,4,4,6,1.0,0.4285714285714285,0.5714285714285714,0.5833333333333334,0.3571428571428571,1.5,0.1873125761019168,2.25
a2,1,3,3,6,0.5714285714285714,0.1428571428571428,0.4285714285714285,0.4117647058823529,0.0595238095238095,2.0,0.0629467349737803,2.25
a3,2,1,4,3,0.4285714285714285,0.2857142857142857,0.1428571428571428,0.5,0.0,3.0,0.0843190751986947,2.25
a4,3,1,7,4,0.5714285714285714,0.4285714285714285,0.1428571428571428,0.5833333333333334,0.1547619047619047,4.0,0.1205853612106238,2.25
a5,3,1,7,1,0.5714285714285714,0.4285714285714285,0.1428571428571428,0.5833333333333334,0.0952380952380952,1.0,0.1205853612106238,2.25
a6,2,1,4,4,0.4285714285714285,0.2857142857142857,0.1428571428571428,0.5384615384615384,0.1428571428571428,4.0,0.1470133349980445,2.25
a7,3,3,6,5,0.8571428571428571,0.4285714285714285,0.4285714285714285,0.5833333333333334,0.2976190476190476,1.6666666666666667,0.1559896645910288,2.25
