argument,predecessors,successors,predecessors_neighbors,successors_neighbors,degree_centrality,in_degree_centrality,out_degree_centrality,closeness_centrality,betweenness_centrality,average_neighbor_degree,pagerank,edge_node_ratio
a0,2,2,4,5,0.5714285714285714,0.2857142857142857,0.2857142857142857,0.3968253968253968,0.238095238095238,2.5,0.10443189723154,1.625
a1,3,4,5,6,1.0,0.4285714285714285,0.5714285714285714,0.5102040816326531,0.6190476190476191,1.5,0.1506710945053455,1.625
a2,2,2,4,5,0.5714285714285714,0.2857142857142857,0.2857142857142857,0.3968253968253968,0.238095238095238,2.5,0.10443189723154,1.625
a3,2,1,4,1,0.4285714285714285,0.2857142857142857,0.1428571428571428,0.5,0.1428571428571428,1.0,0.2403684537235897,1.625
a4,1,1,2,2,0.2857142857142857,0.1428571428571428,0.1428571428571428,0.2747252747252747,0.0,2.0,0.0631340487586501,1.625
a5,1,1,2,2,0.2857142857142857,0.1428571428571428,0.1428571428571428,0.2747252747252747,0.0,2.0,0.0631340487586501,1.625
a6,1,1,3,4,0.2857142857142857,0.1428571428571428,0.1428571428571428,0.3246753246753247,0.0,4.0,0.05076775181333,1.625
a7,1,1,2,1,0.2857142857142857,0.1428571428571428,0.1428571428571428,0.35,0.0,1.0,0.2230608079773541,1.625
