argument,predecessors,successors,predecessors_neighbors,successors_neighbors,degree_centrality,in_degree_centrality,out_degree_centrality,closeness_centrality,betweenness_centrality,average_neighbor_degree,pagerank,edge_node_ratio
a0,2,2,1,3,0.6666666666666666,0.3333333333333333,0.3333333333333333,0.3333333333333333,0.2,1.5,0.154029714783806,1.1428571428571428
a1,0,2,0,2,0.3333333333333333,0.0,0.3333333333333333,0.0,0.0,1.0,0.0682206669148345,1.1428571428571428
a2,2,0,1,0,0.3333333333333333,0.3333333333333333,0.0,0.3809523809523809,0.0,0.0,0.2108449836162713,1.1428571428571428
a3,1,1,2,0,0.3333333333333333,0.1666666666666666,0.1666666666666666,0.3,0.0666666666666666,0.0,0.1336835221388087,1.1428571428571428
a4,1,0,1,0,0.1666666666666666,0.1666666666666666,0.0,0.2666666666666666,0.0,0.0,0.1745016546601704,1.1428571428571428
a5,1,1,1,0,0.3333333333333333,0.1666666666666666,0.1666666666666666,0.25,0.1,0.0,0.1250359357472999,1.1428571428571428
a6,1,2,2,3,0.5,0.1666666666666666,0.3333333333333333,0.2222222222222222,0.1333333333333333,1.5,0.1336835221388087,1.1428571428571428
