argument,predecessors,successors,predecessors_neighbors,successors_neighbors,degree_centrality,in_degree_centrality,out_degree_centrality,closeness_centrality,betweenness_centrality,average_neighbor_degree,pagerank,edge_node_ratio
a0,3,5,3,4,1.1428571428571428,0.4285714285714285,0.7142857142857142,0.4285714285714285,0.4285714285714285,0.8,0.1505300354093207,1.5
a1,1,1,3,5,0.2857142857142857,0.1428571428571428,0.1428571428571428,0.2571428571428571,0.0,5.0,0.0496113074406518,1.5
a2,1,1,3,5,0.2857142857142857,0.1428571428571428,0.1428571428571428,0.2571428571428571,0.0,5.0,0.0496113074406518,1.5
a3,2,1,5,2,0.4285714285714285,0.2857142857142857,0.1428571428571428,0.5142857142857142,0.1904761904761904,2.0,0.1822546097938533,1.5
a4,2,2,3,2,0.5714285714285714,0.2857142857142857,0.2857142857142857,0.3956043956043956,0.1428571428571428,1.0,0.3121056212646443,1.5
a5,1,1,3,5,0.2857142857142857,0.1428571428571428,0.1428571428571428,0.2571428571428571,0.0,5.0,0.0496113074406518,1.5
a6,1,1,2,2,0.2857142857142857,0.1428571428571428,0.1428571428571428,0.2857142857142857,0.0,2.0,0.1566645037695743,1.5
a7,1,0,3,0,0.1428571428571428,0.1428571428571428,0.0,0.3265306122448979,0.0,0.0,0.0496113074406518,1.5
