argument,predecessors,successors,predecessors_neighbors,successors_neighbors,degree_centrality,in_degree_centrality,out_degree_centrality,closeness_centrality,betweenness_centrality,average_neighbor_degree,pagerank,edge_node_ratio
a0,2,2,3,4,0.6666666666666666,0.3333333333333333,0.3333333333333333,0.3787878787878788,0.1666666666666666,2.0,0.1443873397577633,1.7142857142857142
a1,1,2,2,4,0.5,0.1666666666666666,0.3333333333333333,0.2777777777777778,0.1,2.0,0.0926144345161163,1.7142857142857142
a2,1,0,1,0,0.1666666666666666,0.1666666666666666,0.0,0.3529411764705882,0.0,0.0,0.0808748157238432,1.7142857142857142
a3,1,2,3,2,0.5,0.1666666666666666,0.3333333333333333,0.3787878787878788,0.1666666666666666,1.0,0.1167662642903972,1.7142857142857142
a4,3,2,4,4,0.8333333333333333,0.5,0.3333333333333333,0.5952380952380952,0.4333333333333333,2.0,0.2012171918120174,1.7142857142857142
a5,2,2,5,4,0.6666666666666666,0.3333333333333333,0.3333333333333333,0.5208333333333334,0.3,2.0,0.190543837555211,1.7142857142857142
a6,2,2,4,4,0.6666666666666666,0.3333333333333333,0.3333333333333333,0.462962962962963,0.2333333333333333,2.0,0.1735961163446514,1.7142857142857142
