argument,predecessors,successors,predecessors_neighbors,successors_neighbors,degree_centrality,in_degree_centrality,out_degree_centrality,closeness_centrality,betweenness_centrality,average_neighbor_degree,pagerank,edge_node_ratio
a0,0,2,0,4,0.3333333333333333,0.0,0.3333333333333333,0.0,0.0,2.0,0.0687320100621522,1.1428571428571428
a1,0,1,0,0,0.1666666666666666,0.0,0.1666666666666666,0.0,0.0,0.0,0.0687320100621522,1.1428571428571428
a2,2,0,2,0,0.3333333333333333,0.3333333333333333,0.0,0.4444444444444444,0.0,0.0,0.1947797349626326,1.1428571428571428
a3,0,1,0,0,0.1666666666666666,0.0,0.1666666666666666,0.0,0.0,0.0,0.0687320100621522,1.1428571428571428
a4,2,0,2,0,0.3333333333333333,0.3333333333333333,0.0,0.4444444444444444,0.0,0.0,0.1947797349626326,1.1428571428571428
a5,2,3,2,1,0.8333333333333333,0.3333333333333333,0.5,0.3333333333333333,0.1333333333333333,0.3333333333333333,0.2386760523485691,1.1428571428571428
a6,2,1,2,3,0.5,0.3333333333333333,0.1666666666666666,0.3333333333333333,0.0,3.0,0.1655684475397088,1.1428571428571428
