argument,predecessors,successors,predecessors_neighbors,successors_neighbors,degree_centrality,in_degree_centrality,out_degree_centrality,closeness_centrality,betweenness_centrality,average_neighbor_degree,pagerank,edge_node_ratio
a0,1,1,1,0,0.2857142857142857,0.1428571428571428,0.1428571428571428,0.1904761904761904,0.0476190476190476,0.0,0.1657494195329802,0.875
a1,0,2,0,1,0.2857142857142857,0.0,0.2857142857142857,0.0,0.0,0.5,0.0644312371673705,0.875
a2,0,1,0,1,0.1428571428571428,0.0,0.1428571428571428,0.0,0.0,1.0,0.0644312371673705,0.875
a3,1,1,0,1,0.2857142857142857,0.1428571428571428,0.1428571428571428,0.1428571428571428,0.0476190476190476,1.0,0.1191982834907186,0.875
a4,0,1,0,0,0.1428571428571428,0.0,0.1428571428571428,0.0,0.0,0.0,0.0644312371673705,0.875
a5,1,1,0,0,0.2857142857142857,0.1428571428571428,0.1428571428571428,0.1428571428571428,0.0238095238095238,0.0,0.0918147603290445,0.875
a6,2,0,1,0,0.2857142857142857,0.2857142857142857,0.0,0.3265306122448979,0.0,0.0,0.2327029273099471,0.875
a7,2,0,1,0,0.2857142857142857,0.2857142857142857,0.0,0.3214285714285714,0.0,0.0,0.1972408978351976,0.875
