argument,predecessors,successors,predecessors_neighbors,successors_neighbors,degree_centrality,in_degree_centrality,out_degree_centrality,closeness_centrality,betweenness_centrality,average_neighbor_degree,pagerank,edge_node_ratio
a0,4,2,9,6,0.75,0.5,0.25,0.6124999999999999,0.0446428571428571,3.0,0.1098959111523043,3.0
a1,4,4,11,9,1.0,0.5,0.5,0.6124999999999999,0.2202380952380952,2.25,0.1475273351496371,3.0
a2,2,4,5,9,0.75,0.25,0.5,0.4375,0.0416666666666666,2.25,0.0924036248750106,3.0
a3,1,5,2,15,0.75,0.125,0.625,0.3602941176470588,0.0208333333333333,3.0,0.0503513552984776,3.0
a4,4,0,12,0,0.5,0.5,0.0,0.6666666666666666,0.0,0.0,0.1479041850748331,3.0
a5,2,4,6,12,0.75,0.25,0.5,0.5104166666666667,0.1726190476190476,3.0,0.0927804748002066,3.0
a6,4,3,9,6,0.875,0.5,0.375,0.6124999999999999,0.0922619047619047,2.0,0.1252519636651721,3.0
a7,4,2,9,8,0.75,0.5,0.25,0.6124999999999999,0.0982142857142857,4.0,0.1251950344189573,3.0
a8,2,3,8,6,0.625,0.25,0.375,0.5104166666666667,0.0773809523809523,2.0,0.1086901155654009,3.0
