argument,predecessors,successors,predecessors_neighbors,successors_neighbors,degree_centrality,in_degree_centrality,out_degree_centrality,closeness_centrality,betweenness_centrality,average_neighbor_degree,pagerank,edge_node_ratio
a0,5,0,7,0,0.7142857142857142,0.7142857142857142,0.0,0.7777777777777778,0.0,0.0,0.2406345203265058,2.0
a1,3,2,3,3,0.7142857142857142,0.4285714285714285,0.2857142857142857,0.5142857142857142,0.3095238095238095,1.5,0.144589216612167,2.0
a2,1,3,3,4,0.5714285714285714,0.1428571428571428,0.4285714285714285,0.3673469387755101,0.2857142857142857,1.3333333333333333,0.1057683274071733,2.0
a3,1,3,1,3,0.5714285714285714,0.1428571428571428,0.4285714285714285,0.2857142857142857,0.0238095238095238,1.0,0.074285117336667,2.0
a4,3,1,3,2,0.5714285714285714,0.4285714285714285,0.1428571428571428,0.5142857142857142,0.2857142857142857,2.0,0.1177947389791889,2.0
a5,1,1,1,2,0.2857142857142857,0.1428571428571428,0.1428571428571428,0.2706766917293233,0.0,2.0,0.066779777242491,2.0
a6,1,2,3,4,0.4285714285714285,0.1428571428571428,0.2857142857142857,0.3673469387755101,0.3095238095238095,2.0,0.144442148959598,2.0
a7,1,4,1,4,0.7142857142857142,0.1428571428571428,0.5714285714285714,0.2857142857142857,0.2857142857142857,1.0,0.1057061531362086,2.0
