argument,predecessors,successors,predecessors_neighbors,successors_neighbors,degree_centrality,in_degree_centrality,out_degree_centrality,closeness_centrality,betweenness_centrality,average_neighbor_degree,pagerank,edge_node_ratio
a0,3,0,3,0,0.375,0.375,0.0,0.4,0.0,0.0,0.1506733831444267,1.5555555555555556
a1,3,2,2,1,0.625,0.375,0.25,0.375,0.125,0.5,0.1115617829915134,1.5555555555555556
a2,2,1,3,1,0.375,0.25,0.125,0.3333333333333333,0.0714285714285714,1.0,0.1145812479022198,1.5555555555555556
a3,1,1,0,0,0.25,0.125,0.125,0.125,0.0,0.0,0.0634600835937823,1.5555555555555556
a4,2,2,0,2,0.5,0.25,0.25,0.25,0.0178571428571428,1.0,0.0782890789097755,1.5555555555555556
a5,0,4,0,5,0.5,0.0,0.5,0.0,0.0,1.25,0.0523383371067873,1.5555555555555556
a6,1,1,2,0,0.25,0.125,0.125,0.284090909090909,0.0178571428571428,0.0,0.1497324591190235,1.5555555555555556
a7,2,0,4,0,0.25,0.25,0.0,0.4499999999999999,0.0,0.0,0.2270252901256837,1.5555555555555556
a8,0,3,0,5,0.375,0.0,0.375,0.0,0.0,1.6666666666666667,0.0523383371067873,1.5555555555555556
