argument,predecessors,successors,predecessors_neighbors,successors_neighbors,degree_centrality,in_degree_centrality,out_degree_centrality,closeness_centrality,betweenness_centrality,average_neighbor_degree,pagerank,edge_node_ratio
a0,5,2,12,5,0.875,0.625,0.25,0.7272727272727273,0.0907738095238095,2.5,0.1506965614253889,2.7777777777777777
a1,1,3,3,9,0.5,0.125,0.375,0.4210526315789473,0.0401785714285714,3.0,0.0425568531339626,2.7777777777777777
a2,3,2,11,5,0.625,0.375,0.25,0.5714285714285714,0.0431547619047619,2.5,0.1300690380652205,2.7777777777777777
a3,1,2,3,5,0.375,0.125,0.25,0.4210526315789473,0.0148809523809523,2.5,0.0425568531339626,2.7777777777777777
a4,3,4,9,9,0.875,0.375,0.5,0.6153846153846154,0.28125,2.25,0.1218352371672676,2.7777777777777777
a5,4,3,12,11,0.875,0.5,0.375,0.6666666666666666,0.3645833333333332,3.6666666666666665,0.2023140782418684,2.7777777777777777
a6,3,2,7,5,0.625,0.375,0.25,0.6153846153846154,0.0520833333333333,2.5,0.113497857064911,2.7777777777777777
a7,3,4,7,10,0.875,0.375,0.5,0.6153846153846154,0.1071428571428571,2.5,0.1104268731000627,2.7777777777777777
a8,2,3,5,10,0.625,0.25,0.375,0.5333333333333333,0.0238095238095238,3.333333333333333,0.0860466486673552,2.7777777777777777
