argument,predecessors,successors,predecessors_neighbors,successors_neighbors,degree_centrality,in_degree_centrality,out_degree_centrality,closeness_centrality,betweenness_centrality,average_neighbor_degree,pagerank,edge_node_ratio
a0,2,3,2,7,0.7142857142857142,0.2857142857142857,0.4285714285714285,0.2857142857142857,0.0952380952380952,2.333333333333333,0.0354368558683279,2.375
a1,4,2,7,5,0.8571428571428571,0.5714285714285714,0.2857142857142857,0.6363636363636364,0.2023809523809523,2.5,0.1834927674155751,2.375
a2,4,1,10,2,0.7142857142857142,0.5714285714285714,0.1428571428571428,0.7,0.0476190476190476,2.0,0.2325302522150215,2.375
a3,1,4,4,6,0.7142857142857142,0.1428571428571428,0.5714285714285714,0.4117647058823529,0.0476190476190476,1.5,0.0967350693470669,2.375
a4,3,2,6,2,0.7142857142857142,0.4285714285714285,0.2857142857142857,0.5833333333333334,0.1071428571428571,1.0,0.2475239342252426,2.375
a5,3,1,5,2,0.5714285714285714,0.4285714285714285,0.1428571428571428,0.6363636363636364,0.0952380952380952,2.0,0.1506227094023338,2.375
a6,1,2,1,5,0.4285714285714285,0.1428571428571428,0.2857142857142857,0.1904761904761904,0.0238095238095238,2.5,0.0248679690304055,2.375
a7,1,4,2,8,0.7142857142857142,0.1428571428571428,0.5714285714285714,0.1904761904761904,0.0476190476190476,2.0,0.0287904424960262,2.375
