argument,predecessors,successors,predecessors_neighbors,successors_neighbors,degree_centrality,in_degree_centrality,out_degree_centrality,closeness_centrality,betweenness_centrality,average_neighbor_degree,pagerank,edge_node_ratio
a0,1,1,2,0,0.25,0.125,0.125,0.2647058823529412,0.0892857142857142,0.0,0.1341062997720201,1.0
a1,1,1,1,2,0.25,0.125,0.125,0.1875,0.1607142857142857,2.0,0.1386478148137845,1.0
a2,1,1,1,1,0.25,0.125,0.125,0.1875,0.0535714285714285,1.0,0.1007899213647177,1.0
a3,2,1,1,1,0.375,0.25,0.125,0.284090909090909,0.1607142857142857,1.0,0.1159121101308967,1.0
a4,1,2,1,2,0.375,0.125,0.25,0.1875,0.2142857142857142,1.0,0.1534320173388317,1.0
a5,1,1,1,1,0.25,0.125,0.125,0.1875,0.1071428571428571,1.0,0.1212524881676145,1.0
a6,2,0,1,0,0.25,0.25,0.0,0.2784090909090909,0.0,0.0,0.1646959163503649,1.0
a7,0,0,0,0,0.0,0.0,0.0,0.0,0.0,0.0,0.0355817160308848,1.0
a8,0,2,0,1,0.25,0.0,0.25,0.0,0.0,0.5,0.0355817160308848,1.0
