argument,predecessors,successors,predecessors_neighbors,successors_neighbors,degree_centrality,in_degree_centrality,out_degree_centrality,closeness_centrality,betweenness_centrality,average_neighbor_degree,pagerank,edge_node_ratio
a0,3,4,4,6,0.875,0.375,0.5,0.4,0.4285714285714285,1.5,0.127060416357803,1.4444444444444444
a1,1,1,3,1,0.25,0.125,0.125,0.3125,0.1785714285714285,1.0,0.0479659550485724,1.4444444444444444
a2,2,1,2,1,0.375,0.25,0.125,0.3602941176470588,0.1071428571428571,1.0,0.2866955672265871,1.4444444444444444
a3,1,1,3,4,0.25,0.125,0.125,0.25,0.0,4.0,0.0479659550485724,1.4444444444444444
a4,2,3,4,5,0.625,0.25,0.375,0.3333333333333333,0.2321428571428571,1.6666666666666667,0.0866565038550338,1.4444444444444444
a5,1,1,2,1,0.25,0.125,0.125,0.266304347826087,0.0,1.0,0.264653062088839,1.4444444444444444
a6,1,1,3,4,0.25,0.125,0.125,0.25,0.0,4.0,0.0479659550485724,1.4444444444444444
a7,1,0,2,0,0.125,0.125,0.0,0.284090909090909,0.0,0.0,0.0455182926630098,1.4444444444444444
a8,1,1,2,3,0.25,0.125,0.125,0.2222222222222222,0.0,3.0,0.0455182926630098,1.4444444444444444
