argument,predecessors,successors,predecessors_neighbors,successors_neighbors,degree_centrality,in_degree_centrality,out_degree_centrality,closeness_centrality,betweenness_centrality,average_neighbor_degree,pagerank,edge_node_ratio
a0,2,0,2,0,0.25,0.25,0.0,0.3333333333333333,0.0,0.0,0.1415822701333345,1.1111111111111112
a1,3,1,2,0,0.5,0.375,0.125,0.390625,0.0892857142857142,0.0,0.2051744494418368,1.1111111111111112
a2,0,1,0,2,0.125,0.0,0.125,0.0,0.0,2.0,0.0513597044679035,1.1111111111111112
a3,1,0,3,0,0.125,0.125,0.0,0.3214285714285714,0.0,0.0,0.2257582911063443,1.1111111111111112
a4,1,1,0,1,0.25,0.125,0.125,0.125,0.0,1.0,0.0659118028907194,1.1111111111111112
a5,2,2,0,1,0.5,0.25,0.25,0.25,0.1071428571428571,0.5,0.1095680981591672,1.1111111111111112
a6,0,3,0,4,0.375,0.0,0.375,0.0,0.0,1.3333333333333333,0.0513597044679035,1.1111111111111112
a7,1,1,2,1,0.25,0.125,0.125,0.2249999999999999,0.0714285714285714,1.0,0.0979259748648867,1.1111111111111112
a8,0,1,0,0,0.125,0.0,0.125,0.0,0.0,0.0,0.0513597044679035,1.1111111111111112
