argument,predecessors,successors,predecessors_neighbors,successors_neighbors,degree_centrality,in_degree_centrality,out_degree_centrality,closeness_centrality,betweenness_centrality,average_neighbor_degree,pagerank,edge_node_ratio
a0,3,1,4,4,0.5714285714285714,0.4285714285714285,0.1428571428571428,0.5,0.4047619047619047,4.0,0.1210768264806277,2.0
a1,1,4,3,5,0.7142857142857142,0.1428571428571428,0.5714285714285714,0.3684210526315789,0.4047619047619047,1.25,0.121666453662156,2.0
a2,1,3,1,3,0.5714285714285714,0.1428571428571428,0.4285714285714285,0.3333333333333333,0.115079365079365,1.0,0.0754249961127794,2.0
a3,4,1,7,3,0.7142857142857142,0.5714285714285714,0.1428571428571428,0.6363636363636364,0.3809523809523809,3.0,0.2132691984295059,2.0
a4,1,3,4,6,0.5714285714285714,0.1428571428571428,0.4285714285714285,0.4375,0.3809523809523809,2.0,0.2000303763065187,2.0
a5,3,1,3,1,0.5714285714285714,0.4285714285714285,0.1428571428571428,0.5384615384615384,0.0079365079365079,1.0,0.122649254804025,2.0
a6,2,2,2,2,0.5714285714285714,0.2857142857142857,0.2857142857142857,0.4666666666666667,0.1269841269841269,1.0,0.1012789451585832,2.0
a7,1,1,1,1,0.2857142857142857,0.1428571428571428,0.1428571428571428,0.2916666666666667,0.0119047619047619,1.0,0.0446039490458037,2.0
