argument,predecessors,successors,predecessors_neighbors,successors_neighbors,degree_centrality,in_degree_centrality,out_degree_centrality,closeness_centrality,betweenness_centrality,average_neighbor_degree,pagerank,edge_node_ratio
a0,0,4,0,4,0.5714285714285714,0.0,0.5714285714285714,0.0,0.0,1.0,0.0374217811044396,2.0
a1,2,1,3,4,0.4285714285714285,0.2857142857142857,0.1428571428571428,0.4675324675324674,0.2619047619047618,4.0,0.1323418905423076,2.0
a2,3,1,3,2,0.5714285714285714,0.4285714285714285,0.1428571428571428,0.5142857142857142,0.1071428571428571,2.0,0.1206240100813578,2.0
a3,1,4,2,7,0.7142857142857142,0.1428571428571428,0.5714285714285714,0.3428571428571428,0.2619047619047618,1.75,0.1499126889569746,2.0
a4,3,0,5,0,0.4285714285714285,0.4285714285714285,0.0,0.5833333333333334,0.0,0.0,0.1757349400736204,2.0
a5,3,2,6,1,0.7142857142857142,0.4285714285714285,0.2857142857142857,0.5714285714285714,0.2976190476190476,0.5,0.2046317550631688,2.0
a6,2,2,3,1,0.5714285714285714,0.2857142857142857,0.2857142857142857,0.3956043956043956,0.0595238095238095,0.5,0.1021019736280859,2.0
a7,2,2,1,4,0.5714285714285714,0.2857142857142857,0.2857142857142857,0.3214285714285714,0.0357142857142857,2.0,0.077230960550045,2.0
