argument,predecessors,successors,predecessors_neighbors,successors_neighbors,degree_centrality,in_degree_centrality,out_degree_centrality,closeness_centrality,betweenness_centrality,average_neighbor_degree,pagerank,edge_node_ratio
a0,1,2,3,2,0.375,0.125,0.25,0.3809523809523809,0.0535714285714285,1.0,0.0682040985828033,2.3333333333333335
a1,3,1,4,2,0.5,0.375,0.125,0.5333333333333333,0.0476190476190476,2.0,0.0879927417461965,2.3333333333333335
a2,0,6,0,11,0.75,0.0,0.75,0.0,0.0,1.8333333333333333,0.0166666666666666,2.3333333333333335
a3,3,3,5,4,0.75,0.375,0.375,0.5333333333333333,0.1636904761904761,1.3333333333333333,0.1411016855384897,2.3333333333333335
a4,4,1,6,2,0.625,0.5,0.125,0.6153846153846154,0.0654761904761904,2.0,0.144523535781392,2.3333333333333335
a5,4,2,10,5,0.75,0.5,0.25,0.6666666666666666,0.3214285714285714,2.5,0.2682058900687839,2.3333333333333335
a6,3,2,6,4,0.625,0.375,0.25,0.4705882352941176,0.2083333333333333,2.0,0.1212627238549554,2.3333333333333335
a7,2,2,4,3,0.5,0.25,0.25,0.4705882352941176,0.0922619047619047,1.5,0.1330148799829341,2.3333333333333335
a8,1,2,0,5,0.375,0.125,0.25,0.125,0.0119047619047619,2.5,0.0190277777777777,2.3333333333333335
