argument,predecessors,successors,predecessors_neighbors,successors_neighbors,degree_centrality,in_degree_centrality,out_degree_centrality,closeness_centrality,betweenness_centrality,average_neighbor_degree,pagerank,edge_node_ratio
a0,2,2,5,3,0.5714285714285714,0.2857142857142857,0.2857142857142857,0.5384615384615384,0.1865079365079364,1.5,0.1400494901293717,2.0
a1,2,2,4,3,0.5714285714285714,0.2857142857142857,0.2857142857142857,0.4666666666666667,0.2301587301587301,1.5,0.1621117074480709,2.0
a2,1,3,2,5,0.5714285714285714,0.1428571428571428,0.4285714285714285,0.3684210526315789,0.0952380952380952,1.6666666666666667,0.0718746750100166,2.0
a3,2,2,4,4,0.5714285714285714,0.2857142857142857,0.2857142857142857,0.5,0.1865079365079365,2.0,0.1249973669615703,2.0
a4,0,3,0,5,0.4285714285714285,0.0,0.4285714285714285,0.0,0.0,1.6666666666666667,0.01875,2.0
a5,3,1,4,2,0.5714285714285714,0.4285714285714285,0.1428571428571428,0.5833333333333334,0.0119047619047619,2.0,0.1460843189697857,2.0
a6,4,2,6,4,0.8571428571428571,0.5714285714285714,0.2857142857142857,0.7,0.4246031746031745,2.0,0.2374964702161136,2.0
a7,2,1,3,2,0.4285714285714285,0.2857142857142857,0.1428571428571428,0.4666666666666667,0.0317460317460317,2.0,0.098635971265071,2.0
