argument,predecessors,successors,predecessors_neighbors,successors_neighbors,degree_centrality,in_degree_centrality,out_degree_centrality,closeness_centrality,betweenness_centrality,average_neighbor_degree,pagerank,edge_node_ratio
a0,2,3,4,9,0.7142857142857142,0.2857142857142857,0.4285714285714285,0.4285714285714285,0.1825396825396825,3.0,0.1273858313324173,2.375
a1,3,5,7,10,1.1428571428571428,0.4285714285714285,0.7142857142857142,0.5142857142857142,0.2738095238095238,2.0,0.1945921040121045,2.375
a2,3,0,7,0,0.4285714285714285,0.4285714285714285,0.0,0.5833333333333334,0.0,0.0,0.122613372861119,2.375
a3,2,1,5,4,0.4285714285714285,0.2857142857142857,0.1428571428571428,0.4675324675324674,0.0357142857142857,4.0,0.0865201226589394,2.375
a4,1,1,3,3,0.2857142857142857,0.1428571428571428,0.1428571428571428,0.3956043956043956,0.0,3.0,0.0688571266100886,2.375
a5,3,4,7,9,1.0,0.4285714285714285,0.5714285714285714,0.5714285714285714,0.3571428571428571,2.25,0.1744936410908446,2.375
a6,2,4,6,7,0.8571428571428571,0.2857142857142857,0.5714285714285714,0.4675324675324674,0.0634920634920634,1.75,0.1019380714556919,2.375
a7,3,1,8,5,0.5714285714285714,0.4285714285714285,0.1428571428571428,0.5142857142857142,0.0158730158730158,5.0,0.1235997299787941,2.375
