argument,predecessors,successors,predecessors_neighbors,successors_neighbors,degree_centrality,in_degree_centrality,out_degree_centrality,closeness_centrality,betweenness_centrality,average_neighbor_degree,pagerank,edge_node_ratio
a0,1,2,2,3,0.4285714285714285,0.1428571428571428,0.2857142857142857,0.3684210526315789,0.1507936507936507,1.5,0.10940664672786,2.125
a1,4,1,7,5,0.7142857142857142,0.5714285714285714,0.1428571428571428,0.6363636363636364,0.365079365079365,5.0,0.1827461958949873,2.125
a2,3,2,4,2,0.7142857142857142,0.4285714285714285,0.2857142857142857,0.5833333333333334,0.1666666666666666,1.0,0.1426996525660703,2.125
a3,2,1,5,2,0.4285714285714285,0.2857142857142857,0.1428571428571428,0.5,0.1507936507936507,2.0,0.1066540324172827,2.125
a4,2,1,3,2,0.4285714285714285,0.2857142857142857,0.1428571428571428,0.4375,0.0317460317460317,2.0,0.0756016084225622,2.125
a5,2,2,3,5,0.5714285714285714,0.2857142857142857,0.2857142857142857,0.4375,0.1507936507936507,2.5,0.1126055421380356,2.125
a6,2,3,3,3,0.7142857142857142,0.2857142857142857,0.4285714285714285,0.4375,0.1666666666666666,1.0,0.0962020339071441,2.125
a7,1,5,4,9,0.8571428571428571,0.1428571428571428,0.7142857142857142,0.4117647058823529,0.365079365079365,1.8,0.1740842879260575,2.125
