argument,predecessors,successors,predecessors_neighbors,successors_neighbors,degree_centrality,in_degree_centrality,out_degree_centrality,closeness_centrality,betweenness_centrality,average_neighbor_degree,pagerank,edge_node_ratio
a0,4,1,6,1,0.7142857142857142,0.5714285714285714,0.1428571428571428,0.7,0.0674603174603174,1.0,0.2126276856182225,2.0
a1,1,3,1,3,0.5714285714285714,0.1428571428571428,0.4285714285714285,0.3684210526315789,0.1706349206349206,1.0,0.0746680692316242,2.0
a2,1,2,4,4,0.4285714285714285,0.1428571428571428,0.2857142857142857,0.4666666666666667,0.2619047619047618,2.0,0.1315694386280277,2.0
a3,1,1,1,2,0.2857142857142857,0.1428571428571428,0.1428571428571428,0.3043478260869565,0.0317460317460317,2.0,0.0399058027585705,2.0
a4,4,2,6,3,0.8571428571428571,0.5714285714285714,0.2857142857142857,0.6363636363636364,0.4523809523809523,1.5,0.2654576069265316,2.0
a5,1,2,0,3,0.4285714285714285,0.1428571428571428,0.2857142857142857,0.1428571428571428,0.0,1.5,0.022734375,2.0
a6,4,1,6,2,0.7142857142857142,0.5714285714285714,0.1428571428571428,0.6363636363636364,0.1349206349206349,2.0,0.2342870218370234,2.0
a7,0,4,0,6,0.5714285714285714,0.0,0.5714285714285714,0.0,0.0,1.5,0.01875,2.0
