argument,predecessors,successors,predecessors_neighbors,successors_neighbors,degree_centrality,in_degree_centrality,out_degree_centrality,closeness_centrality,betweenness_centrality,average_neighbor_degree,pagerank,edge_node_ratio
a0,1,3,2,4,0.5714285714285714,0.1428571428571428,0.4285714285714285,0.3428571428571428,0.1547619047619047,1.3333333333333333,0.0701128763017155,2.0
a1,4,0,5,0,0.5714285714285714,0.5714285714285714,0.0,0.5384615384615384,0.0,0.0,0.1245331825013054,2.0
a2,2,3,3,6,0.7142857142857142,0.2857142857142857,0.4285714285714285,0.4675324675324674,0.4206349206349205,2.0,0.1345806609065674,2.0
a3,1,3,1,4,0.5714285714285714,0.1428571428571428,0.4285714285714285,0.2706766917293233,0.0793650793650793,1.3333333333333333,0.0518467824132518,2.0
a4,1,3,2,3,0.5714285714285714,0.1428571428571428,0.4285714285714285,0.3428571428571428,0.0515873015873015,1.0,0.0701128763017155,2.0
a5,2,1,4,2,0.4285714285714285,0.2857142857142857,0.1428571428571428,0.4675324675324674,0.1984126984126983,2.0,0.1823501144426681,2.0
a6,3,1,4,1,0.5714285714285714,0.4285714285714285,0.1428571428571428,0.5142857142857142,0.0873015873015873,1.0,0.1596209311912907,2.0
a7,2,2,3,4,0.5714285714285714,0.2857142857142857,0.2857142857142857,0.4675324675324674,0.3412698412698413,2.0,0.2068425759414851,2.0
