argument,predecessors,successors,predecessors_neighbors,successors_neighbors,degree_centrality,in_degree_centrality,out_degree_centrality,closeness_centrality,betweenness_centrality,average_neighbor_degree,pagerank,edge_node_ratio
a0,2,3,5,6,0.7142857142857142,0.2857142857142857,0.4285714285714285,0.5142857142857142,0.1666666666666666,2.0,0.1373668334233601,2.25
a1,2,2,3,3,0.5714285714285714,0.2857142857142857,0.2857142857142857,0.4675324675324674,0.0595238095238095,1.5,0.0817220884569204,2.25
a2,2,2,3,3,0.5714285714285714,0.2857142857142857,0.2857142857142857,0.4675324675324674,0.0833333333333333,1.5,0.0929048591546209,2.25
a3,3,0,4,0,0.4285714285714285,0.4285714285714285,0.0,0.5384615384615384,0.0,0.0,0.1100192807337708,2.25
a4,1,3,3,6,0.5714285714285714,0.1428571428571428,0.4285714285714285,0.3956043956043956,0.2261904761904761,2.0,0.0978823389937204,2.25
a5,1,4,1,6,0.7142857142857142,0.1428571428571428,0.5714285714285714,0.3025210084033613,0.0714285714285714,1.5,0.0581730861729853,2.25
a6,3,3,7,7,0.8571428571428571,0.4285714285714285,0.4285714285714285,0.5714285714285714,0.3452380952380952,2.333333333333333,0.2380348474575347,2.25
a7,4,1,8,3,0.7142857142857142,0.5714285714285714,0.1428571428571428,0.6428571428571428,0.0714285714285714,3.0,0.1838966656070867,2.25
