argument,predecessors,successors,predecessors_neighbors,successors_neighbors,degree_centrality,in_degree_centrality,out_degree_centrality,closeness_centrality,betweenness_centrality,average_neighbor_degree,pagerank,edge_node_ratio
a0,3,2,4,4,0.7142857142857142,0.4285714285714285,0.2857142857142857,0.5833333333333334,0.2023809523809523,2.0,0.1702086339441255,2.0
a1,2,1,4,2,0.4285714285714285,0.2857142857142857,0.1428571428571428,0.5,0.0714285714285714,2.0,0.1393204598634422,2.0
a2,2,2,5,3,0.5714285714285714,0.2857142857142857,0.2857142857142857,0.5,0.1547619047619047,1.5,0.1188143590459316,2.0
a3,2,1,4,2,0.4285714285714285,0.2857142857142857,0.1428571428571428,0.5,0.0595238095238095,2.0,0.1165496861729537,2.0
a4,2,2,6,2,0.5714285714285714,0.2857142857142857,0.2857142857142857,0.5833333333333334,0.1428571428571428,1.0,0.1648796173207733,2.0
a5,3,2,4,5,0.7142857142857142,0.4285714285714285,0.2857142857142857,0.5833333333333334,0.2797619047619047,2.5,0.1736241991995526,2.0
a6,0,3,0,7,0.4285714285714285,0.0,0.4285714285714285,0.0,0.0,2.333333333333333,0.01875,2.0
a7,2,3,3,5,0.7142857142857142,0.2857142857142857,0.4285714285714285,0.4375,0.1607142857142857,1.6666666666666667,0.097853044453221,2.0
