argument,predecessors,successors,predecessors_neighbors,successors_neighbors,degree_centrality,in_degree_centrality,out_degree_centrality,closeness_centrality,betweenness_centrality,average_neighbor_degree,pagerank,edge_node_ratio
a0,2,3,2,7,0.7142857142857142,0.2857142857142857,0.4285714285714285,0.3888888888888889,0.0714285714285714,2.333333333333333,0.0556887233160964,2.625
a1,4,2,13,5,0.8571428571428571,0.5714285714285714,0.2857142857142857,0.7,0.238095238095238,2.5,0.2640642087217769,2.625
a2,2,3,6,7,0.7142857142857142,0.2857142857142857,0.4285714285714285,0.5,0.1626984126984126,2.333333333333333,0.1191217597957127,2.625
a3,4,2,8,5,0.8571428571428571,0.5714285714285714,0.2857142857142857,0.7,0.2222222222222221,2.5,0.1990441593376674,2.625
a4,3,1,6,2,0.5714285714285714,0.4285714285714285,0.1428571428571428,0.5833333333333334,0.0158730158730158,2.0,0.0890191064035877,2.625
a5,2,2,4,5,0.5714285714285714,0.2857142857142857,0.2857142857142857,0.4666666666666667,0.0357142857142857,2.5,0.0732405632049805,2.625
a6,0,5,0,11,0.7142857142857142,0.0,0.7142857142857142,0.0,0.0,2.2,0.01875,2.625
a7,4,3,8,5,1.0,0.5714285714285714,0.4285714285714285,0.7,0.2063492063492063,1.6666666666666667,0.1810714792201782,2.625
