argument,predecessors,successors,predecessors_neighbors,successors_neighbors,degree_centrality,in_degree_centrality,out_degree_centrality,closeness_centrality,betweenness_centrality,average_neighbor_degree,pagerank,edge_node_ratio
a0,2,0,1,0,0.25,0.25,0.0,0.2857142857142857,0.0,0.0,0.2396212038351523,0.6666666666666666
a1,1,1,0,1,0.25,0.125,0.125,0.125,0.0357142857142857,1.0,0.103329624116999,0.6666666666666666
a2,1,0,0,0,0.125,0.125,0.0,0.125,0.0,0.0,0.103329624116999,0.6666666666666666
a3,0,2,0,1,0.25,0.0,0.25,0.0,0.0,0.5,0.0725120247536055,0.6666666666666666
a4,1,0,0,0,0.125,0.125,0.0,0.125,0.0,0.0,0.103329624116999,0.6666666666666666
a5,0,0,0,0,0.0,0.0,0.0,0.0,0.0,0.0,0.0725120247536055,0.6666666666666666
a6,1,1,1,0,0.25,0.125,0.125,0.1666666666666666,0.0357142857142857,0.0,0.1603418247994282,0.6666666666666666
a7,0,2,0,0,0.25,0.0,0.25,0.0,0.0,0.0,0.0725120247536055,0.6666666666666666
a8,0,0,0,0,0.0,0.0,0.0,0.0,0.0,0.0,0.0725120247536055,0.6666666666666666
