argument,predecessors,successors,predecessors_neighbors,successors_neighbors,degree_centrality,in_degree_centrality,out_degree_centrality,closeness_centrality,betweenness_centrality,average_neighbor_degree,pagerank,edge_node_ratio
a0,2,1,1,4,0.4285714285714285,0.2857142857142857,0.1428571428571428,0.3181818181818182,0.0476190476190476,4.0,0.0348883758681441,2.25
a1,2,1,7,2,0.4285714285714285,0.2857142857142857,0.1428571428571428,0.5833333333333334,0.119047619047619,2.0,0.2214703869016217,2.25
a2,0,3,0,5,0.4285714285714285,0.0,0.4285714285714285,0.0,0.0,1.6666666666666667,0.01875,2.25
a3,5,1,9,1,0.8571428571428571,0.7142857142857142,0.1428571428571428,0.7777777777777778,0.0833333333333333,1.0,0.1987436818088109,2.25
a4,3,2,7,5,0.7142857142857142,0.4285714285714285,0.2857142857142857,0.6363636363636364,0.238095238095238,2.5,0.2602488256652901,2.25
a5,2,4,5,7,0.8571428571428571,0.2857142857142857,0.5714285714285714,0.5384615384615384,0.3452380952380952,1.75,0.1590119333571442,2.25
a6,3,3,3,6,0.8571428571428571,0.4285714285714285,0.4285714285714285,0.5,0.2857142857142857,2.0,0.0686780214244924,2.25
a7,1,3,3,5,0.5714285714285714,0.1428571428571428,0.4285714285714285,0.35,0.119047619047619,1.6666666666666667,0.0382087749744964,2.25
