argument,predecessors,successors,predecessors_neighbors,successors_neighbors,degree_centrality,in_degree_centrality,out_degree_centrality,closeness_centrality,betweenness_centrality,average_neighbor_degree,pagerank,edge_node_ratio
a0,2,2,2,1,0.5714285714285714,0.2857142857142857,0.2857142857142857,0.3809523809523809,0.0119047619047619,0.5,0.1019086618596541,2.125
a1,2,4,5,7,0.8571428571428571,0.2857142857142857,0.5714285714285714,0.3809523809523809,0.238095238095238,1.75,0.1839603929612633,2.125
a2,3,1,4,4,0.5714285714285714,0.4285714285714285,0.1428571428571428,0.4571428571428571,0.1071428571428571,4.0,0.1277829056993239,2.125
a3,2,0,4,0,0.2857142857142857,0.2857142857142857,0.0,0.3956043956043956,0.0,0.0,0.1619664521079556,2.125
a4,2,4,2,5,0.8571428571428571,0.2857142857142857,0.5714285714285714,0.3265306122448979,0.0714285714285714,1.25,0.1019086618596541,2.125
a5,2,1,2,0,0.4285714285714285,0.2857142857142857,0.1428571428571428,0.3968253968253968,0.0476190476190476,0.0,0.1019086618596541,2.125
a6,4,0,6,0,0.5714285714285714,0.5714285714285714,0.0,0.5952380952380952,0.0,0.0,0.1668749373323264,2.125
a7,0,5,0,8,0.7142857142857142,0.0,0.7142857142857142,0.0,0.0,1.6,0.0536893263201684,2.125
