argument,predecessors,successors,predecessors_neighbors,successors_neighbors,degree_centrality,in_degree_centrality,out_degree_centrality,closeness_centrality,betweenness_centrality,average_neighbor_degree,pagerank,edge_node_ratio
a0,3,1,4,2,0.5714285714285714,0.4285714285714285,0.1428571428571428,0.5833333333333334,0.3928571428571428,2.0,0.2043613348151057,2.0
a1,1,3,1,6,0.5714285714285714,0.1428571428571428,0.4285714285714285,0.3043478260869565,0.0674603174603174,2.0,0.0494008201388794,2.0
a2,2,1,5,1,0.4285714285714285,0.2857142857142857,0.1428571428571428,0.5,0.2777777777777777,1.0,0.1658409756954783,2.0
a3,2,2,3,2,0.5714285714285714,0.2857142857142857,0.2857142857142857,0.3181818181818182,0.0714285714285714,1.0,0.0507092458814689,2.0
a4,3,1,6,1,0.5714285714285714,0.4285714285714285,0.1428571428571428,0.5833333333333334,0.0753968253968253,1.0,0.1476926252496784,2.0
a5,2,3,2,5,0.7142857142857142,0.2857142857142857,0.4285714285714285,0.3333333333333333,0.1468253968253968,1.6666666666666667,0.0633975709660428,2.0
a6,2,2,5,4,0.5714285714285714,0.2857142857142857,0.2857142857142857,0.5,0.5079365079365079,2.0,0.2104187481579273,2.0
a7,1,3,2,7,0.5714285714285714,0.1428571428571428,0.4285714285714285,0.3684210526315789,0.3888888888888889,2.333333333333333,0.1081786790954187,2.0
