argument,predecessors,successors,predecessors_neighbors,successors_neighbors,degree_centrality,in_degree_centrality,out_degree_centrality,closeness_centrality,betweenness_centrality,average_neighbor_degree,pagerank,edge_node_ratio
a0,0,4,0,7,0.5714285714285714,0.0,0.5714285714285714,0.0,0.0,1.75,0.01875,2.0
a1,3,1,5,1,0.5714285714285714,0.4285714285714285,0.1428571428571428,0.5,0.0476190476190476,1.0,0.1073011556028807,2.0
a2,3,2,3,3,0.7142857142857142,0.4285714285714285,0.2857142857142857,0.4666666666666667,0.1904761904761904,1.5,0.1219583423908454,2.0
a3,2,2,4,2,0.5714285714285714,0.2857142857142857,0.2857142857142857,0.3888888888888889,0.0833333333333333,1.0,0.0770230671043106,2.0
a4,1,3,0,6,0.5714285714285714,0.1428571428571428,0.4285714285714285,0.1428571428571428,0.0357142857142857,2.0,0.022734375,2.0
a5,2,1,5,2,0.4285714285714285,0.2857142857142857,0.1428571428571428,0.5833333333333334,0.238095238095238,2.0,0.227198466440956,2.0
a6,2,2,3,3,0.5714285714285714,0.2857142857142857,0.2857142857142857,0.5,0.2619047619047618,1.5,0.2183109946507426,2.0
a7,3,1,5,1,0.5714285714285714,0.4285714285714285,0.1428571428571428,0.6363636363636364,0.1428571428571428,1.0,0.2067235988102644,2.0
