argument,predecessors,successors,predecessors_neighbors,successors_neighbors,degree_centrality,in_degree_centrality,out_degree_centrality,closeness_centrality,betweenness_centrality,average_neighbor_degree,pagerank,edge_node_ratio
a0,3,1,6,2,0.5714285714285714,0.4285714285714285,0.1428571428571428,0.5384615384615384,0.0873015873015873,2.0,0.1356821840061113,2.0
a1,3,1,5,2,0.5714285714285714,0.4285714285714285,0.1428571428571428,0.5833333333333334,0.0753968253968253,2.0,0.1383667098805027,2.0
a2,2,2,6,3,0.5714285714285714,0.2857142857142857,0.2857142857142857,0.5384615384615384,0.2222222222222221,1.5,0.1743055637275066,2.0
a3,2,2,5,5,0.5714285714285714,0.2857142857142857,0.2857142857142857,0.5,0.3571428571428571,2.5,0.2104402608104364,2.0
a4,3,3,3,4,0.8571428571428571,0.4285714285714285,0.4285714285714285,0.5833333333333334,0.2222222222222221,1.3333333333333333,0.1419689551851956,2.0
a5,0,3,0,6,0.4285714285714285,0.0,0.4285714285714285,0.0,0.0,2.0,0.01875,2.0
a6,1,2,2,4,0.4285714285714285,0.1428571428571428,0.2857142857142857,0.3684210526315789,0.0357142857142857,2.0,0.0669874042974055,2.0
a7,2,2,2,3,0.5714285714285714,0.2857142857142857,0.2857142857142857,0.4375,0.1904761904761904,1.5,0.1134989220928417,2.0
