argument,predecessors,successors,predecessors_neighbors,successors_neighbors,degree_centrality,in_degree_centrality,out_degree_centrality,closeness_centrality,betweenness_centrality,average_neighbor_degree,pagerank,edge_node_ratio
a0,1,3,1,4,0.5714285714285714,0.1428571428571428,0.4285714285714285,0.1904761904761904,0.0476190476190476,1.3333333333333333,0.0590736827952226,2.0
a1,1,3,1,6,0.5714285714285714,0.1428571428571428,0.4285714285714285,0.1904761904761904,0.0714285714285714,2.0,0.0590736827952226,2.0
a2,4,1,5,2,0.7142857142857142,0.5714285714285714,0.1428571428571428,0.5714285714285714,0.119047619047619,2.0,0.1415493087853931,2.0
a3,1,3,1,4,0.5714285714285714,0.1428571428571428,0.4285714285714285,0.1904761904761904,0.0476190476190476,1.3333333333333333,0.0590736827952226,2.0
a4,2,2,2,3,0.5714285714285714,0.2857142857142857,0.2857142857142857,0.4285714285714285,0.0952380952380952,1.5,0.1152970462175929,2.0
a5,2,2,6,2,0.5714285714285714,0.2857142857142857,0.2857142857142857,0.5142857142857142,0.1904761904761904,1.0,0.2116539980036807,2.0
a6,4,0,5,0,0.5714285714285714,0.5714285714285714,0.0,0.7,0.0,0.0,0.2219884796396897,2.0
a7,1,2,2,2,0.4285714285714285,0.1428571428571428,0.2857142857142857,0.3673469387755101,0.0714285714285714,1.0,0.1322901189679754,2.0
