argument,predecessors,successors,predecessors_neighbors,successors_neighbors,degree_centrality,in_degree_centrality,out_degree_centrality,closeness_centrality,betweenness_centrality,average_neighbor_degree,pagerank,edge_node_ratio
a0,2,1,4,2,0.4285714285714285,0.2857142857142857,0.1428571428571428,0.4675324675324674,0.0357142857142857,2.0,0.1019123151963616,2.0
a1,2,3,4,3,0.7142857142857142,0.2857142857142857,0.4285714285714285,0.4285714285714285,0.1349206349206349,1.0,0.1088033891319106,2.0
a2,2,1,4,3,0.4285714285714285,0.2857142857142857,0.1428571428571428,0.4285714285714285,0.1388888888888888,3.0,0.1088033891319106,2.0
a3,2,3,3,4,0.7142857142857142,0.2857142857142857,0.4285714285714285,0.4675324675324674,0.1944444444444444,1.3333333333333333,0.1331221028980319,2.0
a4,2,2,4,6,0.5714285714285714,0.2857142857142857,0.2857142857142857,0.3956043956043956,0.2658730158730158,3.0,0.150818859449527,2.0
a5,2,3,3,5,0.7142857142857142,0.2857142857142857,0.4285714285714285,0.4675324675324674,0.234126984126984,1.6666666666666667,0.1331221028980319,2.0
a6,3,0,5,0,0.4285714285714285,0.4285714285714285,0.0,0.5833333333333334,0.0,0.0,0.1375693554433125,2.0
a7,1,3,2,6,0.5714285714285714,0.1428571428571428,0.4285714285714285,0.3214285714285714,0.1626984126984126,2.0,0.1258484858509135,2.0
