argument,predecessors,successors,predecessors_neighbors,successors_neighbors,degree_centrality,in_degree_centrality,out_degree_centrality,closeness_centrality,betweenness_centrality,average_neighbor_degree,pagerank,edge_node_ratio
a0,1,3,1,3,0.5714285714285714,0.1428571428571428,0.4285714285714285,0.2539682539682539,0.0555555555555555,1.0,0.0771982097474244,2.0
a1,2,2,2,4,0.5714285714285714,0.2857142857142857,0.2857142857142857,0.3265306122448979,0.119047619047619,2.0,0.0966532281857446,2.0
a2,1,3,2,7,0.5714285714285714,0.1428571428571428,0.4285714285714285,0.2857142857142857,0.1904761904761904,2.333333333333333,0.0857330162732089,2.0
a3,2,1,3,0,0.4285714285714285,0.2857142857142857,0.1428571428571428,0.4464285714285714,0.0198412698412698,0.0,0.1182756083093791,2.0
a4,2,3,3,4,0.7142857142857142,0.2857142857142857,0.4285714285714285,0.3809523809523809,0.2261904761904761,1.3333333333333333,0.1158575654569778,2.0
a5,1,3,1,5,0.5714285714285714,0.1428571428571428,0.4285714285714285,0.2285714285714285,0.0555555555555555,1.6666666666666667,0.0771982097474244,2.0
a6,2,1,3,0,0.4285714285714285,0.2857142857142857,0.1428571428571428,0.4464285714285714,0.0,0.0,0.1076060775639304,2.0
a7,5,0,8,0,0.7142857142857142,0.7142857142857142,0.0,0.7777777777777778,0.0,0.0,0.32147808471591,2.0
