argument,predecessors,successors,predecessors_neighbors,successors_neighbors,degree_centrality,in_degree_centrality,out_degree_centrality,closeness_centrality,betweenness_centrality,average_neighbor_degree,pagerank,edge_node_ratio
a0,1,1,1,0,0.25,0.125,0.125,0.2222222222222222,0.0714285714285714,0.0,0.1843919334598595,0.7777777777777778
a1,0,1,0,0,0.125,0.0,0.125,0.0,0.0,0.0,0.0527788089229604,0.7777777777777778
a2,2,1,0,1,0.375,0.25,0.125,0.25,0.1071428571428571,1.0,0.1200715122473624,0.7777777777777778
a3,0,0,0,0,0.0,0.0,0.0,0.0,0.0,0.0,0.0527788089229604,0.7777777777777778
a4,2,0,0,0,0.25,0.25,0.0,0.25,0.0,0.0,0.1200715122473624,0.7777777777777778
a5,1,0,1,0,0.125,0.125,0.0,0.2232142857142857,0.0,0.0,0.2095112859800449,0.7777777777777778
a6,0,2,0,1,0.25,0.0,0.25,0.0,0.0,0.5,0.0527788089229604,0.7777777777777778
a7,1,1,2,1,0.25,0.125,0.125,0.2249999999999999,0.1071428571428571,1.0,0.1548385203735285,0.7777777777777778
a8,0,1,0,1,0.125,0.0,0.125,0.0,0.0,1.0,0.0527788089229604,0.7777777777777778
