argument,predecessors,successors,predecessors_neighbors,successors_neighbors,degree_centrality,in_degree_centrality,out_degree_centrality,closeness_centrality,betweenness_centrality,average_neighbor_degree,pagerank,edge_node_ratio
a0,0,1,0,2,0.125,0.0,0.125,0.0,0.0,2.0,0.0725120247536055,0.5555555555555556
a1,1,0,1,0,0.125,0.125,0.0,0.1666666666666666,0.0,0.0,0.1295242254360348,0.5555555555555556
a2,1,2,0,1,0.375,0.125,0.25,0.125,0.0535714285714285,0.5,0.1341472234803924,0.5555555555555556
a3,1,0,1,0,0.125,0.125,0.0,0.1875,0.0,0.0,0.1826090031527231,0.5555555555555556
a4,0,1,0,0,0.125,0.0,0.125,0.0,0.0,0.0,0.0725120247536055,0.5555555555555556
a5,1,1,1,0,0.25,0.125,0.125,0.1666666666666666,0.0357142857142857,0.0,0.1295242254360348,0.5555555555555556
a6,0,0,0,0,0.0,0.0,0.0,0.0,0.0,0.0,0.0725120247536055,0.5555555555555556
a7,0,0,0,0,0.0,0.0,0.0,0.0,0.0,0.0,0.0725120247536055,0.5555555555555556
a8,1,0,0,0,0.125,0.125,0.0,0.125,0.0,0.0,0.1341472234803924,0.5555555555555556
