argument,predecessors,successors,predecessors_neighbors,successors_neighbors,degree_centrality,in_degree_centrality,out_degree_centrality,closeness_centrality,betweenness_centrality,average_neighbor_degree,pagerank,edge_node_ratio
a0,3,1,3,1,0.5714285714285714,0.4285714285714285,0.1428571428571428,0.5833333333333334,0.0714285714285714,1.0,0.169757019720897,2.0
a1,2,2,5,2,0.5714285714285714,0.2857142857142857,0.2857142857142857,0.5384615384615384,0.25,1.0,0.2013985066569699,2.0
a2,1,2,3,4,0.4285714285714285,0.1428571428571428,0.2857142857142857,0.4117647058823529,0.2976190476190476,2.0,0.1445393433283652,2.0
a3,3,1,6,2,0.5714285714285714,0.4285714285714285,0.1428571428571428,0.5833333333333334,0.3214285714285714,2.0,0.1479863768970664,2.0
a4,2,3,1,5,0.7142857142857142,0.2857142857142857,0.4285714285714285,0.3684210526315789,0.2261904761904761,1.6666666666666667,0.0841636499727839,2.0
a5,2,2,2,2,0.5714285714285714,0.2857142857142857,0.2857142857142857,0.3181818181818182,0.0476190476190476,1.0,0.0465804864184069,2.0
a6,0,4,0,7,0.5714285714285714,0.0,0.5714285714285714,0.0,0.0,1.75,0.01875,2.0
a7,3,1,5,2,0.5714285714285714,0.4285714285714285,0.1428571428571428,0.5833333333333334,0.1666666666666666,2.0,0.1868246170055104,2.0
