argument,predecessors,successors,predecessors_neighbors,successors_neighbors,degree_centrality,in_degree_centrality,out_degree_centrality,closeness_centrality,betweenness_centrality,average_neighbor_degree,pagerank,edge_node_ratio
a0,1,1,2,1,0.25,0.125,0.125,0.3809523809523809,0.0089285714285714,1.0,0.1290959394318174,2.0
a1,0,3,0,7,0.375,0.0,0.375,0.0,0.0,2.333333333333333,0.0166666666666666,2.0
a2,3,1,6,1,0.5,0.375,0.125,0.5,0.0089285714285714,1.0,0.0942192067372078,2.0
a3,1,2,0,4,0.375,0.125,0.25,0.125,0.0267857142857142,2.0,0.0213888888888888,2.0
a4,1,3,0,6,0.5,0.125,0.375,0.125,0.0357142857142857,2.0,0.0213888888888888,2.0
a5,3,2,3,2,0.625,0.375,0.25,0.5,0.0982142857142857,1.0,0.1398783468392248,2.0
a6,5,1,10,2,0.75,0.625,0.125,0.7272727272727273,0.1785714285714285,2.0,0.2810058737390906,2.0
a7,2,2,7,3,0.5,0.25,0.25,0.5333333333333333,0.25,1.5,0.264539059178585,2.0
a8,2,3,2,4,0.625,0.25,0.375,0.28125,0.1071428571428571,1.3333333333333333,0.0318171296296296,2.0
