argument,predecessors,successors,predecessors_neighbors,successors_neighbors,degree_centrality,in_degree_centrality,out_degree_centrality,closeness_centrality,betweenness_centrality,average_neighbor_degree,pagerank,edge_node_ratio
a0,3,2,7,1,0.625,0.375,0.25,0.4711538461538461,0.0178571428571428,0.5,0.0819359155339041,2.888888888888889
a1,5,1,13,4,0.75,0.625,0.125,0.6805555555555556,0.181547619047619,4.0,0.1645206915138782,2.888888888888889
a2,1,6,2,12,0.875,0.125,0.75,0.3223684210526316,0.0238095238095238,2.0,0.0396096289517877,2.888888888888889
a3,3,2,8,3,0.625,0.375,0.25,0.5104166666666667,0.050595238095238,1.5,0.1123821071765565,2.888888888888889
a4,3,2,6,9,0.625,0.375,0.25,0.5104166666666667,0.1160714285714285,4.5,0.1136574388426023,2.888888888888889
a5,2,4,6,13,0.75,0.25,0.5,0.4711538461538461,0.25,3.25,0.1696798497892529,2.888888888888889
a6,3,0,6,0,0.375,0.375,0.0,0.5333333333333333,0.0,0.0,0.0800435603068995,2.888888888888889
a7,4,3,8,5,0.875,0.5,0.375,0.5568181818181818,0.0744047619047618,1.6666666666666667,0.1295827071038645,2.888888888888889
a8,2,6,5,14,1.0,0.25,0.75,0.4375,0.25,2.333333333333333,0.1085881007812538,2.888888888888889
