argument,predecessors,successors,predecessors_neighbors,successors_neighbors,degree_centrality,in_degree_centrality,out_degree_centrality,closeness_centrality,betweenness_centrality,average_neighbor_degree,pagerank,edge_node_ratio
a0,2,2,5,2,0.5714285714285714,0.2857142857142857,0.2857142857142857,0.4675324675324674,0.1666666666666666,1.0,0.2046847593279054,2.0
a1,2,3,3,5,0.7142857142857142,0.2857142857142857,0.4285714285714285,0.3956043956043956,0.123015873015873,1.6666666666666667,0.1404926678476507,2.0
a2,3,1,6,2,0.5714285714285714,0.4285714285714285,0.1428571428571428,0.5714285714285714,0.0674603174603174,2.0,0.1545185508287583,2.0
a3,1,4,0,6,0.7142857142857142,0.1428571428571428,0.5714285714285714,0.1428571428571428,0.0753968253968253,1.5,0.0430397997858689,2.0
a4,0,3,0,5,0.4285714285714285,0.0,0.4285714285714285,0.0,0.0,1.6666666666666667,0.033537496748312,2.0
a5,2,1,3,3,0.4285714285714285,0.2857142857142857,0.1428571428571428,0.4675324675324674,0.0912698412698412,3.0,0.1150686748247208,2.0
a6,3,0,3,0,0.4285714285714285,0.4285714285714285,0.0,0.5384615384615384,0.0,0.0,0.1391770731005397,2.0
a7,3,2,5,2,0.7142857142857142,0.4285714285714285,0.2857142857142857,0.5714285714285714,0.1666666666666666,1.0,0.169480977536244,2.0
