argument,predecessors,successors,predecessors_neighbors,successors_neighbors,degree_centrality,in_degree_centrality,out_degree_centrality,closeness_centrality,betweenness_centrality,average_neighbor_degree,pagerank,edge_node_ratio
a0,1,3,1,8,0.5714285714285714,0.1428571428571428,0.4285714285714285,0.2747252747252747,0.2142857142857142,2.6666666666666665,0.047261783862687,2.125
a1,1,1,3,3,0.2857142857142857,0.1428571428571428,0.1428571428571428,0.3571428571428571,0.1666666666666666,3.0,0.0335432751325729,2.125
a2,1,3,2,5,0.5714285714285714,0.1428571428571428,0.4285714285714285,0.3246753246753247,0.1071428571428571,1.6666666666666667,0.0386969984048087,2.125
a3,5,1,10,1,0.8571428571428571,0.7142857142857142,0.1428571428571428,0.7,0.0357142857142857,1.0,0.3839931445267932,2.125
a4,3,3,3,4,0.8571428571428571,0.4285714285714285,0.4285714285714285,0.5102040816326531,0.3015873015873015,1.3333333333333333,0.0522115592914339,2.125
a5,1,3,1,5,0.5714285714285714,0.1428571428571428,0.4285714285714285,0.238095238095238,0.0634920634920634,1.6666666666666667,0.0321408387610946,2.125
a6,2,2,4,4,0.5714285714285714,0.2857142857142857,0.2857142857142857,0.4464285714285714,0.111111111111111,2.0,0.0469341138936676,2.125
a7,3,1,7,1,0.5714285714285714,0.4285714285714285,0.1428571428571428,0.5833333333333334,0.0,1.0,0.3652182861269414,2.125
