argument,predecessors,successors,predecessors_neighbors,successors_neighbors,degree_centrality,in_degree_centrality,out_degree_centrality,closeness_centrality,betweenness_centrality,average_neighbor_degree,pagerank,edge_node_ratio
a0,2,3,3,6,0.625,0.25,0.375,0.2857142857142857,0.3214285714285714,2.0,0.073646431959796,1.4444444444444444
a1,1,2,2,3,0.375,0.125,0.25,0.2,0.0714285714285714,1.5,0.046952523039693,1.4444444444444444
a2,2,3,4,5,0.625,0.25,0.375,0.3333333333333333,0.3214285714285714,1.6666666666666667,0.0974309572172556,1.4444444444444444
a3,2,1,3,1,0.375,0.25,0.125,0.3461538461538461,0.0892857142857142,1.0,0.2490904916690063,1.4444444444444444
a4,1,1,2,1,0.25,0.125,0.125,0.25,0.0,1.0,0.2378113142852403,1.4444444444444444
a5,1,0,1,0,0.125,0.125,0.0,0.2083333333333333,0.0,0.0,0.0460407986107609,1.4444444444444444
a6,2,2,3,4,0.5,0.25,0.25,0.2857142857142857,0.1785714285714285,2.0,0.118771645263872,1.4444444444444444
a7,1,0,2,0,0.125,0.125,0.0,0.284090909090909,0.0,0.0,0.0536915185629239,1.4444444444444444
a8,1,1,2,2,0.25,0.125,0.125,0.2,0.0,2.0,0.0765643193914514,1.4444444444444444
