argument,predecessors,successors,predecessors_neighbors,successors_neighbors,degree_centrality,in_degree_centrality,out_degree_centrality,closeness_centrality,betweenness_centrality,average_neighbor_degree,pagerank,edge_node_ratio
a0,1,2,3,5,0.4285714285714285,0.1428571428571428,0.2857142857142857,0.3428571428571428,0.0119047619047619,2.5,0.0986542394020419,2.125
a1,3,2,6,7,0.7142857142857142,0.4285714285714285,0.2857142857142857,0.5142857142857142,0.2738095238095238,3.5,0.1614581501780263,2.125
a2,3,3,5,5,0.8571428571428571,0.4285714285714285,0.4285714285714285,0.5714285714285714,0.369047619047619,1.6666666666666667,0.2096557581340237,2.125
a3,2,3,4,4,0.7142857142857142,0.2857142857142857,0.4285714285714285,0.4675324675324674,0.119047619047619,1.3333333333333333,0.1062089800650204,2.125
a4,2,1,3,1,0.4285714285714285,0.2857142857142857,0.1428571428571428,0.4285714285714285,0.0,1.0,0.0768983197565159,2.125
a5,3,1,5,3,0.5714285714285714,0.4285714285714285,0.1428571428571428,0.5142857142857142,0.1785714285714285,3.0,0.1422613329973092,2.125
a6,2,0,4,0,0.2857142857142857,0.2857142857142857,0.0,0.5,0.0,0.0,0.1062089800650204,2.125
a7,1,5,3,8,0.8571428571428571,0.1428571428571428,0.7142857142857142,0.3673469387755101,0.1428571428571428,1.6,0.0986542394020419,2.125
