argument,predecessors,successors,predecessors_neighbors,successors_neighbors,degree_centrality,in_degree_centrality,out_degree_centrality,closeness_centrality,betweenness_centrality,average_neighbor_degree,pagerank,edge_node_ratio
a0,1,0,2,0,0.125,0.125,0.0,0.3333333333333333,0.0,0.0,0.0524980747618511,1.6666666666666667
a1,2,2,2,4,0.5,0.25,0.25,0.3828125,0.125,2.0,0.107781860987892,1.6666666666666667
a2,2,3,3,2,0.625,0.25,0.375,0.3828125,0.2321428571428571,0.6666666666666666,0.1089652901788769,1.6666666666666667
a3,1,2,1,2,0.375,0.125,0.25,0.2784090909090909,0.1071428571428571,1.0,0.0631582251863867,1.6666666666666667
a4,2,1,5,4,0.375,0.25,0.125,0.4711538461538461,0.5,4.0,0.2044997020450118,1.6666666666666667
a5,1,1,1,1,0.25,0.125,0.125,0.235576923076923,0.0535714285714285,1.0,0.0484667270816672,1.6666666666666667
a6,1,1,2,2,0.25,0.125,0.125,0.2916666666666666,0.0178571428571428,2.0,0.0524980747618511,1.6666666666666667
a7,4,1,6,1,0.625,0.5,0.125,0.5568181818181818,0.2857142857142857,1.0,0.1666803951776164,1.6666666666666667
a8,1,4,2,8,0.625,0.125,0.5,0.3402777777777778,0.5178571428571428,2.0,0.1954516498188463,1.6666666666666667
