argument,predecessors,successors,predecessors_neighbors,successors_neighbors,degree_centrality,in_degree_centrality,out_degree_centrality,closeness_centrality,betweenness_centrality,average_neighbor_degree,pagerank,edge_node_ratio
a0,0,4,0,6,0.5714285714285714,0.0,0.5714285714285714,0.0,0.0,1.5,0.0351272314893995,2.0
a1,3,2,6,3,0.7142857142857142,0.4285714285714285,0.2857142857142857,0.5714285714285714,0.2738095238095238,1.5,0.2390470724419706,2.0
a2,3,1,5,2,0.5714285714285714,0.4285714285714285,0.1428571428571428,0.5142857142857142,0.0357142857142857,2.0,0.1499518102841135,2.0
a3,3,2,4,3,0.7142857142857142,0.4285714285714285,0.2857142857142857,0.5142857142857142,0.1428571428571428,1.5,0.1564867839435049,2.0
a4,2,1,2,2,0.4285714285714285,0.2857142857142857,0.1428571428571428,0.4285714285714285,0.0357142857142857,2.0,0.0859325669591194,2.0
a5,2,3,3,4,0.7142857142857142,0.2857142857142857,0.4285714285714285,0.4675324675324674,0.1785714285714285,1.3333333333333333,0.1441873110616072,2.0
a6,3,0,3,0,0.4285714285714285,0.4285714285714285,0.0,0.5384615384615384,0.0,0.0,0.1541399923308851,2.0
a7,0,3,0,3,0.4285714285714285,0.0,0.4285714285714285,0.0,0.0,1.0,0.0351272314893995,2.0
