argument,predecessors,successors,predecessors_neighbors,successors_neighbors,degree_centrality,in_degree_centrality,out_degree_centrality,closeness_centrality,betweenness_centrality,average_neighbor_degree,pagerank,edge_node_ratio
a0,3,1,3,2,0.5714285714285714,0.4285714285714285,0.1428571428571428,0.5,0.0714285714285714,2.0,0.159385592085978,2.0
a1,0,3,0,6,0.4285714285714285,0.0,0.4285714285714285,0.0,0.0,2.0,0.01875,2.0
a2,4,2,7,2,0.8571428571428571,0.5714285714285714,0.2857142857142857,0.7,0.3333333333333333,1.0,0.3038288361228888,2.0
a3,3,1,4,2,0.5714285714285714,0.4285714285714285,0.1428571428571428,0.4666666666666667,0.0952380952380952,2.0,0.163731881148478,2.0
a4,3,1,5,1,0.5714285714285714,0.4285714285714285,0.1428571428571428,0.5833333333333334,0.0952380952380952,1.0,0.1583022359463274,2.0
a5,1,4,0,5,0.7142857142857142,0.1428571428571428,0.5714285714285714,0.1428571428571428,0.0476190476190476,1.25,0.0240625,2.0
a6,0,3,0,4,0.4285714285714285,0.0,0.4285714285714285,0.0,0.0,1.3333333333333333,0.01875,2.0
a7,2,1,4,1,0.4285714285714285,0.2857142857142857,0.1428571428571428,0.5,0.0714285714285714,1.0,0.1531889546963274,2.0
