argument,predecessors,successors,predecessors_neighbors,successors_neighbors,degree_centrality,in_degree_centrality,out_degree_centrality,closeness_centrality,betweenness_centrality,average_neighbor_degree,pagerank,edge_node_ratio
a0,1,0,1,0,0.125,0.125,0.0,0.1666666666666666,0.0,0.0,0.1042464017685529,0.7777777777777778
a1,0,0,0,0,0.0,0.0,0.0,0.0,0.0,0.0,0.074262983486652,0.7777777777777778
a2,2,1,1,0,0.375,0.25,0.125,0.25,0.0357142857142857,0.0,0.1358077626625369,0.7777777777777778
a3,1,0,0,0,0.125,0.125,0.0,0.125,0.0,0.0,0.13738570527462,0.7777777777777778
a4,1,0,1,0,0.125,0.125,0.0,0.1666666666666666,0.0,0.0,0.1042464017685529,0.7777777777777778
a5,1,0,2,0,0.125,0.125,0.0,0.2249999999999999,0.0,0.0,0.1897004336851446,0.7777777777777778
a6,0,1,0,0,0.125,0.0,0.125,0.0,0.0,0.0,0.074262983486652,0.7777777777777778
a7,1,3,0,1,0.5,0.125,0.375,0.125,0.0357142857142857,0.3333333333333333,0.105824344380636,0.7777777777777778
a8,0,2,0,4,0.25,0.0,0.25,0.0,0.0,2.0,0.074262983486652,0.7777777777777778
