argument,predecessors,successors,predecessors_neighbors,successors_neighbors,degree_centrality,in_degree_centrality,out_degree_centrality,closeness_centrality,betweenness_centrality,average_neighbor_degree,pagerank,edge_node_ratio
a0,1,1,5,5,0.25,0.125,0.125,0.4083333333333333,0.0,5.0,0.0807285815373069,1.4444444444444444
a1,5,5,6,5,1.25,0.625,0.625,0.6805555555555556,0.5892857142857143,1.0,0.3319879032191054,1.4444444444444444
a2,0,1,0,5,0.125,0.0,0.125,0.0,0.0,5.0,0.0242910810858443,1.4444444444444444
a3,3,2,6,6,0.625,0.375,0.25,0.5568181818181818,0.2857142857142857,3.0,0.191034260100615,1.4444444444444444
a4,1,0,5,0,0.125,0.125,0.0,0.4705882352941176,0.0,0.0,0.0807285815373069,1.4444444444444444
a5,0,1,0,2,0.125,0.0,0.125,0.0,0.0,2.0,0.0242910810858443,1.4444444444444444
a6,1,1,3,2,0.25,0.125,0.125,0.3602941176470588,0.0,2.0,0.1054813483593631,1.4444444444444444
a7,1,1,5,5,0.25,0.125,0.125,0.4083333333333333,0.0,5.0,0.0807285815373069,1.4444444444444444
a8,1,1,5,5,0.25,0.125,0.125,0.4083333333333333,0.0,5.0,0.0807285815373069,1.4444444444444444
