argument,predecessors,successors,predecessors_neighbors,successors_neighbors,degree_centrality,in_degree_centrality,out_degree_centrality,closeness_centrality,betweenness_centrality,average_neighbor_degree,pagerank,edge_node_ratio
a0,4,1,5,1,0.625,0.5,0.125,0.6153846153846154,0.0267857142857142,1.0,0.1156612818859904,2.3333333333333335
a1,0,4,0,5,0.5,0.0,0.5,0.0,0.0,1.25,0.0166666666666666,2.3333333333333335
a2,2,3,3,4,0.625,0.25,0.375,0.3809523809523809,0.0803571428571428,1.3333333333333333,0.0878858514355224,2.3333333333333335
a3,1,3,4,4,0.5,0.125,0.375,0.4210526315789473,0.1964285714285714,1.3333333333333333,0.1701179794446737,2.3333333333333335
a4,2,4,4,6,0.75,0.25,0.5,0.4705882352941176,0.2053571428571428,1.5,0.105189519701955,2.3333333333333335
a5,1,2,4,7,0.375,0.125,0.25,0.4210526315789473,0.1428571428571428,3.5,0.1149790606326629,2.3333333333333335
a6,3,2,3,5,0.625,0.375,0.25,0.5333333333333333,0.1517857142857142,2.5,0.0933086009912048,2.3333333333333335
a7,4,1,5,2,0.625,0.5,0.125,0.6153846153846154,0.1607142857142857,2.0,0.1156612818859904,2.3333333333333335
a8,4,1,9,3,0.625,0.5,0.125,0.6153846153846154,0.2142857142857142,3.0,0.1805297573553335,2.3333333333333335
