argument,predecessors,successors,predecessors_neighbors,successors_neighbors,degree_centrality,in_degree_centrality,out_degree_centrality,closeness_centrality,betweenness_centrality,average_neighbor_degree,pagerank,edge_node_ratio
a0,0,2,0,3,0.2857142857142857,0.0,0.2857142857142857,0.0,0.0,1.5,0.0466310852384748,2.0
a1,3,2,3,2,0.7142857142857142,0.4285714285714285,0.2857142857142857,0.5102040816326531,0.0833333333333333,1.0,0.1262879116330384,2.0
a2,3,1,3,3,0.5714285714285714,0.4285714285714285,0.1428571428571428,0.4464285714285714,0.0595238095238095,3.0,0.1280485117644788,2.0
a3,0,2,0,3,0.2857142857142857,0.0,0.2857142857142857,0.0,0.0,1.5,0.0466310852384748,2.0
a4,3,3,3,3,0.8571428571428571,0.4285714285714285,0.4285714285714285,0.5102040816326531,0.1547619047619047,1.0,0.1832192314509547,2.0
a5,4,0,6,0,0.5714285714285714,0.5714285714285714,0.0,0.6363636363636364,0.0,0.0,0.2624092357402586,2.0
a6,3,1,6,0,0.5714285714285714,0.4285714285714285,0.1428571428571428,0.5714285714285714,0.0357142857142857,0.0,0.160141853695845,2.0
a7,0,5,0,7,0.7142857142857142,0.0,0.7142857142857142,0.0,0.0,1.4,0.0466310852384748,2.0
