argument,predecessors,successors,predecessors_neighbors,successors_neighbors,degree_centrality,in_degree_centrality,out_degree_centrality,closeness_centrality,betweenness_centrality,average_neighbor_degree,pagerank,edge_node_ratio
a0,1,3,2,4,0.5714285714285714,0.1428571428571428,0.4285714285714285,0.3025210084033613,0.0714285714285714,1.3333333333333333,0.0830754089467091,2.0
a1,3,0,6,0,0.4285714285714285,0.4285714285714285,0.0,0.5833333333333334,0.0,0.0,0.153954435739962,2.0
a2,3,3,4,4,0.8571428571428571,0.4285714285714285,0.4285714285714285,0.5142857142857142,0.2023809523809523,1.3333333333333333,0.1457685579947164,2.0
a3,1,2,2,5,0.4285714285714285,0.1428571428571428,0.2857142857142857,0.3673469387755101,0.0714285714285714,2.5,0.0857763830920592,2.0
a4,2,3,4,7,0.7142857142857142,0.2857142857142857,0.4285714285714285,0.5142857142857142,0.3452380952380952,2.333333333333333,0.1788308352038862,2.0
a5,2,2,4,6,0.5714285714285714,0.2857142857142857,0.2857142857142857,0.3956043956043956,0.2023809523809523,3.0,0.1128635601906455,2.0
a6,2,2,5,1,0.5714285714285714,0.2857142857142857,0.2857142857142857,0.5142857142857142,0.0833333333333333,0.5,0.127077600029918,2.0
a7,2,1,3,3,0.4285714285714285,0.2857142857142857,0.1428571428571428,0.4675324675324674,0.1666666666666666,3.0,0.1126532188021032,2.0
