argument,predecessors,successors,predecessors_neighbors,successors_neighbors,degree_centrality,in_degree_centrality,out_degree_centrality,closeness_centrality,betweenness_centrality,average_neighbor_degree,pagerank,edge_node_ratio
a0,3,1,5,1,0.5714285714285714,0.4285714285714285,0.1428571428571428,0.5833333333333334,0.0238095238095238,1.0,0.1108805863793809,2.0
a1,3,1,6,2,0.5714285714285714,0.4285714285714285,0.1428571428571428,0.6363636363636364,0.2261904761904761,2.0,0.182970528312505,2.0
a2,1,1,3,3,0.2857142857142857,0.1428571428571428,0.1428571428571428,0.4375,0.0,3.0,0.1115312576638699,2.0
a3,2,3,4,5,0.7142857142857142,0.2857142857142857,0.4285714285714285,0.5,0.5,1.6666666666666667,0.2063339026940007,2.0
a4,3,2,6,4,0.7142857142857142,0.4285714285714285,0.2857142857142857,0.5833333333333334,0.5,2.0,0.2183086334253357,2.0
a5,1,3,2,7,0.5714285714285714,0.1428571428571428,0.4285714285714285,0.3684210526315789,0.2976190476190476,2.333333333333333,0.0772115793847135,2.0
a6,2,2,2,3,0.5714285714285714,0.2857142857142857,0.2857142857142857,0.3684210526315789,0.0595238095238095,1.5,0.0521371300709786,2.0
a7,1,3,1,4,0.5714285714285714,0.1428571428571428,0.4285714285714285,0.3181818181818182,0.0357142857142857,1.3333333333333333,0.0406263820692154,2.0
