argument,predecessors,successors,predecessors_neighbors,successors_neighbors,degree_centrality,in_degree_centrality,out_degree_centrality,closeness_centrality,betweenness_centrality,average_neighbor_degree,pagerank,edge_node_ratio
a0,2,3,2,4,0.7142857142857142,0.2857142857142857,0.4285714285714285,0.4117647058823529,0.2301587301587301,1.3333333333333333,0.0782933814826798,2.0
a1,4,1,9,2,0.7142857142857142,0.5714285714285714,0.1428571428571428,0.7,0.3214285714285714,2.0,0.2311013549453217,2.0
a2,2,2,2,5,0.5714285714285714,0.2857142857142857,0.2857142857142857,0.4666666666666667,0.2738095238095238,2.5,0.1276009200219031,2.0
a3,1,2,4,4,0.4285714285714285,0.1428571428571428,0.2857142857142857,0.4666666666666667,0.2976190476190476,2.0,0.2151849965112682,2.0
a4,3,2,3,2,0.7142857142857142,0.4285714285714285,0.2857142857142857,0.5384615384615384,0.1349206349206349,1.0,0.1697479184441856,2.0
a5,3,1,5,1,0.5714285714285714,0.4285714285714285,0.1428571428571428,0.5384615384615384,0.0158730158730158,1.0,0.1183884804359982,2.0
a6,1,2,2,3,0.4285714285714285,0.1428571428571428,0.2857142857142857,0.3181818181818182,0.0595238095238095,1.5,0.0409329481586432,2.0
a7,0,3,0,6,0.4285714285714285,0.0,0.4285714285714285,0.0,0.0,2.0,0.01875,2.0
