argument,predecessors,successors,predecessors_neighbors,successors_neighbors,degree_centrality,in_degree_centrality,out_degree_centrality,closeness_centrality,betweenness_centrality,average_neighbor_degree,pagerank,edge_node_ratio
a0,2,0,6,0,0.2857142857142857,0.2857142857142857,0.0,0.4666666666666667,0.0,0.0,0.1776383477239921,2.0
a1,1,1,4,3,0.2857142857142857,0.1428571428571428,0.1428571428571428,0.3968253968253968,0.1428571428571428,3.0,0.1706382171545037,2.0
a2,4,1,6,1,0.7142857142857142,0.5714285714285714,0.1428571428571428,0.5952380952380952,0.1428571428571428,1.0,0.1564868595385926,2.0
a3,0,4,0,8,0.5714285714285714,0.0,0.5714285714285714,0.0,0.0,2.0,0.0376242808004904,2.0
a4,3,1,3,0,0.5714285714285714,0.4285714285714285,0.1428571428571428,0.4285714285714285,0.0595238095238095,0.0,0.1098155038974254,2.0
a5,3,2,3,1,0.7142857142857142,0.4285714285714285,0.2857142857142857,0.4464285714285714,0.0595238095238095,0.5,0.1098155038974254,2.0
a6,2,3,2,4,0.7142857142857142,0.2857142857142857,0.4285714285714285,0.3968253968253968,0.1904761904761904,1.3333333333333333,0.1923618633898579,2.0
a7,1,4,0,7,0.7142857142857142,0.1428571428571428,0.5714285714285714,0.1428571428571428,0.0238095238095238,1.75,0.0456194235977121,2.0
