argument,predecessors,successors,predecessors_neighbors,successors_neighbors,degree_centrality,in_degree_centrality,out_degree_centrality,closeness_centrality,betweenness_centrality,average_neighbor_degree,pagerank,edge_node_ratio
a0,2,2,7,6,0.5,0.25,0.25,0.5104166666666667,0.1964285714285714,3.0,0.1651905796393954,1.4444444444444444
a1,6,5,5,5,1.375,0.75,0.625,0.765625,0.625,1.0,0.3524009053872354,1.4444444444444444
a2,1,1,2,2,0.25,0.125,0.125,0.3402777777777778,0.0,2.0,0.0948597395256421,1.4444444444444444
a3,0,1,0,5,0.125,0.0,0.125,0.0,0.0,5.0,0.024653006402693,1.4444444444444444
a4,1,1,6,5,0.25,0.125,0.125,0.4375,0.0,5.0,0.0845606906605852,1.4444444444444444
a5,1,1,6,5,0.25,0.125,0.125,0.4375,0.0,5.0,0.0845606906605852,1.4444444444444444
a6,0,1,0,5,0.125,0.0,0.125,0.0,0.0,5.0,0.024653006402693,1.4444444444444444
a7,1,0,6,0,0.125,0.125,0.0,0.5,0.0,0.0,0.0845606906605852,1.4444444444444444
a8,1,1,6,5,0.25,0.125,0.125,0.4375,0.0,5.0,0.0845606906605852,1.4444444444444444
