argument,predecessors,successors,predecessors_neighbors,successors_neighbors,degree_centrality,in_degree_centrality,out_degree_centrality,closeness_centrality,betweenness_centrality,average_neighbor_degree,pagerank,edge_node_ratio
a0,2,1,4,2,0.4285714285714285,0.2857142857142857,0.1428571428571428,0.5,0.1825396825396825,2.0,0.1197849348248362,2.0
a1,1,3,1,5,0.5714285714285714,0.1428571428571428,0.4285714285714285,0.3181818181818182,0.0992063492063491,1.6666666666666667,0.0430323945045237,2.0
a2,2,2,3,4,0.5714285714285714,0.2857142857142857,0.2857142857142857,0.4375,0.1428571428571428,2.0,0.0869892523419903,2.0
a3,3,2,6,3,0.7142857142857142,0.4285714285714285,0.2857142857142857,0.5833333333333334,0.2579365079365079,1.5,0.2090418607965669,2.0
a4,2,2,4,3,0.5714285714285714,0.2857142857142857,0.2857142857142857,0.5384615384615384,0.123015873015873,1.5,0.1318748256409771,2.0
a5,3,1,5,2,0.5714285714285714,0.4285714285714285,0.1428571428571428,0.5833333333333334,0.0952380952380952,2.0,0.1660336801649055,2.0
a6,1,3,2,6,0.5714285714285714,0.1428571428571428,0.4285714285714285,0.3888888888888889,0.25,2.0,0.0857045370067743,2.0
a7,2,2,4,4,0.5714285714285714,0.2857142857142857,0.2857142857142857,0.5,0.3968253968253967,2.0,0.1575385147194256,2.0
