argument,predecessors,successors,predecessors_neighbors,successors_neighbors,degree_centrality,in_degree_centrality,out_degree_centrality,closeness_centrality,betweenness_centrality,average_neighbor_degree,pagerank,edge_node_ratio
a0,2,1,6,3,0.4285714285714285,0.2857142857142857,0.1428571428571428,0.5384615384615384,0.4285714285714285,3.0,0.2039903430516986,2.0
a1,1,3,2,5,0.5714285714285714,0.1428571428571428,0.4285714285714285,0.3684210526315789,0.1666666666666666,1.6666666666666667,0.0781132698378234,2.0
a2,2,3,3,8,0.7142857142857142,0.2857142857142857,0.4285714285714285,0.5,0.5833333333333333,2.6666666666666665,0.2095179768621484,2.0
a3,1,2,1,4,0.4285714285714285,0.1428571428571428,0.2857142857142857,0.2916666666666667,0.0595238095238095,2.0,0.0408818067745578,2.0
a4,3,2,4,2,0.7142857142857142,0.4285714285714285,0.2857142857142857,0.5,0.1428571428571428,1.0,0.122376883386939,2.0
a5,3,1,5,1,0.5714285714285714,0.4285714285714285,0.1428571428571428,0.5,0.0595238095238095,1.0,0.1102661840808562,2.0
a6,1,3,2,4,0.5714285714285714,0.1428571428571428,0.4285714285714285,0.3888888888888889,0.0595238095238095,1.3333333333333333,0.0781132698378234,2.0
a7,3,1,5,1,0.5714285714285714,0.4285714285714285,0.1428571428571428,0.5833333333333334,0.2142857142857142,1.0,0.1567402661681528,2.0
