argument,predecessors,successors,predecessors_neighbors,successors_neighbors,degree_centrality,in_degree_centrality,out_degree_centrality,closeness_centrality,betweenness_centrality,average_neighbor_degree,pagerank,edge_node_ratio
a0,3,2,5,4,0.7142857142857142,0.4285714285714285,0.2857142857142857,0.5833333333333334,0.2261904761904761,2.0,0.1749819650289671,2.0
a1,3,1,3,2,0.5714285714285714,0.4285714285714285,0.1428571428571428,0.5833333333333334,0.0714285714285714,2.0,0.12105939460749,2.0
a2,0,2,0,3,0.2857142857142857,0.0,0.2857142857142857,0.0,0.0,1.5,0.01875,2.0
a3,1,2,2,4,0.4285714285714285,0.1428571428571428,0.2857142857142857,0.3888888888888889,0.0714285714285714,2.0,0.0821684879129855,2.0
a4,1,3,3,5,0.5714285714285714,0.1428571428571428,0.4285714285714285,0.4375,0.0595238095238095,1.6666666666666667,0.1091378463695857,2.0
a5,3,2,4,4,0.7142857142857142,0.4285714285714285,0.2857142857142857,0.5384615384615384,0.1666666666666666,2.0,0.1320075827296583,2.0
a6,2,2,6,3,0.5714285714285714,0.2857142857142857,0.2857142857142857,0.5384615384615384,0.2023809523809523,1.5,0.1492193726106417,2.0
a7,3,2,7,5,0.7142857142857142,0.4285714285714285,0.2857142857142857,0.6363636363636364,0.2976190476190476,2.5,0.2126753507406713,2.0
