argument,predecessors,successors,predecessors_neighbors,successors_neighbors,degree_centrality,in_degree_centrality,out_degree_centrality,closeness_centrality,betweenness_centrality,average_neighbor_degree,pagerank,edge_node_ratio
a0,1,2,2,1,0.4285714285714285,0.1428571428571428,0.2857142857142857,0.3428571428571428,0.0396825396825396,0.5,0.0680731595131705,2.0
a1,2,2,4,4,0.5714285714285714,0.2857142857142857,0.2857142857142857,0.4675324675324674,0.2857142857142857,2.0,0.147103026267734,2.0
a2,4,1,5,2,0.7142857142857142,0.5714285714285714,0.1428571428571428,0.6428571428571428,0.1587301587301587,2.0,0.1621398164598999,2.0
a3,1,3,1,6,0.5714285714285714,0.1428571428571428,0.4285714285714285,0.2448979591836734,0.0595238095238095,2.0,0.0550828221111218,2.0
a4,1,3,2,6,0.5714285714285714,0.1428571428571428,0.4285714285714285,0.3025210084033613,0.1309523809523809,2.0,0.0680731595131705,2.0
a5,2,3,3,7,0.7142857142857142,0.2857142857142857,0.4285714285714285,0.3956043956043956,0.3888888888888888,2.333333333333333,0.1139216415322172,2.0
a6,2,0,4,0,0.2857142857142857,0.2857142857142857,0.0,0.5,0.0,0.0,0.1604270914391167,2.0
a7,3,2,7,2,0.7142857142857142,0.4285714285714285,0.2857142857142857,0.5714285714285714,0.3412698412698413,1.0,0.225179283163569,2.0
