argument,predecessors,successors,predecessors_neighbors,successors_neighbors,degree_centrality,in_degree_centrality,out_degree_centrality,closeness_centrality,betweenness_centrality,average_neighbor_degree,pagerank,edge_node_ratio
a0,4,4,1,2,1.0,0.5,0.5,0.5,0.3392857142857142,0.5,0.1502753626627424,1.1111111111111112
a1,2,1,5,1,0.375,0.25,0.125,0.4499999999999999,0.0892857142857142,1.0,0.3016412330902578,1.1111111111111112
a2,1,0,4,0,0.125,0.125,0.0,0.3472222222222222,0.0,0.0,0.0599180316769602,1.1111111111111112
a3,0,1,0,4,0.125,0.0,0.125,0.0,0.0,4.0,0.0279845170989728,1.1111111111111112
a4,0,1,0,4,0.125,0.0,0.125,0.0,0.0,4.0,0.0279845170989728,1.1111111111111112
a5,1,1,4,4,0.25,0.125,0.125,0.2857142857142857,0.0,4.0,0.0599180316769602,1.1111111111111112
a6,0,1,0,4,0.125,0.0,0.125,0.0,0.0,4.0,0.0279845170989728,1.1111111111111112
a7,1,1,2,1,0.25,0.125,0.125,0.3,0.0,1.0,0.2843757579192003,1.1111111111111112
a8,1,0,4,0,0.125,0.125,0.0,0.3472222222222222,0.0,0.0,0.0599180316769602,1.1111111111111112
