argument,predecessors,successors,predecessors_neighbors,successors_neighbors,degree_centrality,in_degree_centrality,out_degree_centrality,closeness_centrality,betweenness_centrality,average_neighbor_degree,pagerank,edge_node_ratio
a0,0,1,0,1,0.125,0.0,0.125,0.0,0.0,1.0,0.0537625938068248,1.5555555555555556
a1,3,1,2,0,0.5,0.375,0.125,0.4,0.0178571428571428,0.0,0.1333289405829996,1.5555555555555556
a2,0,5,0,7,0.625,0.0,0.625,0.0,0.0,1.4,0.0537625938068248,1.5555555555555556
a3,3,1,2,0,0.5,0.375,0.125,0.4,0.0178571428571428,0.0,0.1333289405829996,1.5555555555555556
a4,1,1,0,4,0.25,0.125,0.125,0.125,0.0,4.0,0.0629022117526175,1.5555555555555556
a5,4,0,8,0,0.5,0.5,0.0,0.6124999999999999,0.0,0.0,0.3142917260470595,1.5555555555555556
a6,0,1,0,1,0.125,0.0,0.125,0.0,0.0,1.0,0.0537625938068248,1.5555555555555556
a7,1,0,2,0,0.125,0.125,0.0,0.2249999999999999,0.0,0.0,0.0784912329082436,1.5555555555555556
a8,2,4,1,2,0.75,0.25,0.5,0.25,0.0892857142857142,0.5,0.1163691667056055,1.5555555555555556
