argument,predecessors,successors,predecessors_neighbors,successors_neighbors,degree_centrality,in_degree_centrality,out_degree_centrality,closeness_centrality,betweenness_centrality,average_neighbor_degree,pagerank,edge_node_ratio
a0,1,3,0,5,0.5714285714285714,0.1428571428571428,0.4285714285714285,0.1428571428571428,0.0476190476190476,1.6666666666666667,0.0374620097853736,2.125
a1,3,0,4,0,0.4285714285714285,0.4285714285714285,0.0,0.5,0.0,0.0,0.1143195175096232,2.125
a2,2,2,4,1,0.5714285714285714,0.2857142857142857,0.2857142857142857,0.4675324675324674,0.1428571428571428,0.5,0.1505607229294228,2.125
a3,1,4,1,5,0.7142857142857142,0.1428571428571428,0.5714285714285714,0.1904761904761904,0.0595238095238095,1.25,0.0415107363236341,2.125
a4,3,2,5,3,0.7142857142857142,0.4285714285714285,0.2857142857142857,0.5142857142857142,0.1428571428571428,1.5,0.2608053291429127,2.125
a5,4,1,7,2,0.7142857142857142,0.5714285714285714,0.1428571428571428,0.6428571428571428,0.0952380952380952,2.0,0.2523811741838287,2.125
a6,0,4,0,7,0.5714285714285714,0.0,0.5714285714285714,0.0,0.0,1.75,0.0308965190151183,2.125
a7,3,1,3,1,0.5714285714285714,0.4285714285714285,0.1428571428571428,0.5142857142857142,0.0595238095238095,1.0,0.1120639911100862,2.125
