argument,predecessors,successors,predecessors_neighbors,successors_neighbors,degree_centrality,in_degree_centrality,out_degree_centrality,closeness_centrality,betweenness_centrality,average_neighbor_degree,pagerank,edge_node_ratio
a0,1,1,0,1,0.25,0.125,0.125,0.125,0.0357142857142857,1.0,0.0503404957777397,1.1111111111111112
a1,3,1,3,1,0.5,0.375,0.125,0.4464285714285714,0.0714285714285714,1.0,0.3716416043703152,1.1111111111111112
a2,1,1,3,1,0.25,0.125,0.125,0.284090909090909,0.0,1.0,0.3431047556593631,1.1111111111111112
a3,1,5,1,2,0.75,0.125,0.625,0.125,0.0892857142857142,0.4,0.0588438328991824,1.1111111111111112
a4,1,1,1,5,0.25,0.125,0.125,0.125,0.0,5.0,0.0372145882671509,1.1111111111111112
a5,1,0,1,0,0.125,0.125,0.0,0.1666666666666666,0.0,0.0,0.0372145882671509,1.1111111111111112
a6,1,0,1,0,0.125,0.125,0.0,0.1666666666666666,0.0,0.0,0.0372145882671509,1.1111111111111112
a7,0,1,0,1,0.125,0.0,0.125,0.0,0.0,1.0,0.0272109582247956,1.1111111111111112
a8,1,0,1,0,0.125,0.125,0.0,0.1666666666666666,0.0,0.0,0.0372145882671509,1.1111111111111112
