argument,predecessors,successors,predecessors_neighbors,successors_neighbors,degree_centrality,in_degree_centrality,out_degree_centrality,closeness_centrality,betweenness_centrality,average_neighbor_degree,pagerank,edge_node_ratio
a0,1,2,3,4,0.4285714285714285,0.1428571428571428,0.2857142857142857,0.3571428571428571,0.1428571428571428,2.0,0.1140775868648317,2.0
a1,3,2,4,4,0.7142857142857142,0.4285714285714285,0.2857142857142857,0.5102040816326531,0.3095238095238095,2.0,0.1689521915846195,2.0
a2,3,3,3,3,0.8571428571428571,0.4285714285714285,0.4285714285714285,0.4464285714285714,0.2142857142857142,1.0,0.1494796610889079,2.0
a3,0,5,0,8,0.7142857142857142,0.0,0.7142857142857142,0.0,0.0,1.6,0.0422724519069934,2.0
a4,4,0,7,0,0.5714285714285714,0.5714285714285714,0.0,0.6363636363636364,0.0,0.0,0.2213876930555635,2.0
a5,2,2,3,3,0.5714285714285714,0.2857142857142857,0.2857142857142857,0.3968253968253968,0.0952380952380952,1.5,0.1212638965349097,2.0
a6,2,1,3,0,0.4285714285714285,0.2857142857142857,0.1428571428571428,0.3956043956043956,0.0,0.0,0.091810709630603,2.0
a7,1,1,1,2,0.2857142857142857,0.1428571428571428,0.1428571428571428,0.2747252747252747,0.0238095238095238,2.0,0.090755809333571,2.0
