argument,predecessors,successors,predecessors_neighbors,successors_neighbors,degree_centrality,in_degree_centrality,out_degree_centrality,closeness_centrality,betweenness_centrality,average_neighbor_degree,pagerank,edge_node_ratio
a0,1,3,2,4,0.5714285714285714,0.1428571428571428,0.4285714285714285,0.4117647058823529,0.1904761904761904,1.3333333333333333,0.1217296926960166,2.0
a1,2,2,7,5,0.5714285714285714,0.2857142857142857,0.2857142857142857,0.5833333333333334,0.5,2.5,0.2423059150090168,2.0
a2,1,2,2,3,0.4285714285714285,0.1428571428571428,0.2857142857142857,0.4117647058823529,0.119047619047619,1.5,0.1217296926960166,2.0
a3,3,2,2,3,0.7142857142857142,0.4285714285714285,0.2857142857142857,0.4375,0.1547619047619047,1.5,0.1089584919126191,2.0
a4,3,1,4,1,0.5714285714285714,0.4285714285714285,0.1428571428571428,0.5,0.0476190476190476,1.0,0.1207764463676297,2.0
a5,0,4,0,5,0.5714285714285714,0.0,0.5714285714285714,0.0,0.0,1.25,0.01875,2.0
a6,4,1,6,2,0.7142857142857142,0.5714285714285714,0.1428571428571428,0.7,0.2976190476190476,2.0,0.208525739553653,2.0
a7,2,1,1,1,0.4285714285714285,0.2857142857142857,0.1428571428571428,0.3888888888888889,0.0,1.0,0.0572240217650476,2.0
