argument,predecessors,successors,predecessors_neighbors,successors_neighbors,degree_centrality,in_degree_centrality,out_degree_centrality,closeness_centrality,betweenness_centrality,average_neighbor_degree,pagerank,edge_node_ratio
a0,3,2,4,2,0.7142857142857142,0.4285714285714285,0.2857142857142857,0.5142857142857142,0.1507936507936507,1.0,0.1486749294559595,2.0
a1,1,2,3,2,0.4285714285714285,0.1428571428571428,0.2857142857142857,0.3673469387755101,0.0317460317460317,1.0,0.1086243770667471,2.0
a2,4,0,8,0,0.5714285714285714,0.5714285714285714,0.0,0.7,0.0,0.0,0.2511807374905562,2.0
a3,2,2,3,2,0.5714285714285714,0.2857142857142857,0.2857142857142857,0.4675324675324674,0.0952380952380952,1.0,0.1358715718249761,2.0
a4,2,2,2,2,0.5714285714285714,0.2857142857142857,0.2857142857142857,0.3214285714285714,0.0436507936507936,1.0,0.0909298715198839,2.0
a5,2,2,3,5,0.5714285714285714,0.2857142857142857,0.2857142857142857,0.3214285714285714,0.1825396825396825,2.5,0.1041585767320016,2.0
a6,1,3,1,6,0.5714285714285714,0.1428571428571428,0.4285714285714285,0.2142857142857142,0.0198412698412698,2.0,0.0708544676126317,2.0
a7,1,3,2,7,0.5714285714285714,0.1428571428571428,0.4285714285714285,0.2571428571428571,0.119047619047619,2.333333333333333,0.0897054682972435,2.0
