argument,predecessors,successors,predecessors_neighbors,successors_neighbors,degree_centrality,in_degree_centrality,out_degree_centrality,closeness_centrality,betweenness_centrality,average_neighbor_degree,pagerank,edge_node_ratio
a0,1,2,2,4,0.4285714285714285,0.1428571428571428,0.2857142857142857,0.35,0.0357142857142857,2.0,0.0442976103221504,2.0
a1,2,4,3,6,0.8571428571428571,0.2857142857142857,0.5714285714285714,0.4666666666666667,0.3333333333333333,1.5,0.1202237475011298,2.0
a2,2,2,4,5,0.5714285714285714,0.2857142857142857,0.2857142857142857,0.4375,0.2142857142857142,2.5,0.0925740504801212,2.0
a3,1,2,3,5,0.4285714285714285,0.1428571428571428,0.2857142857142857,0.4375,0.1904761904761904,2.5,0.146185804884301,2.0
a4,3,1,5,2,0.5714285714285714,0.4285714285714285,0.1428571428571428,0.6363636363636364,0.1904761904761904,2.0,0.1499253022267732,2.0
a5,1,2,3,3,0.4285714285714285,0.1428571428571428,0.2857142857142857,0.4375,0.1428571428571428,1.5,0.1559617180243632,2.0
a6,3,1,6,2,0.5714285714285714,0.4285714285714285,0.1428571428571428,0.6363636363636364,0.1428571428571428,2.0,0.1614246701249965,2.0
a7,3,2,4,3,0.7142857142857142,0.4285714285714285,0.2857142857142857,0.5833333333333334,0.2023809523809523,1.5,0.1294070964361645,2.0
