argument,predecessors,successors,predecessors_neighbors,successors_neighbors,degree_centrality,in_degree_centrality,out_degree_centrality,closeness_centrality,betweenness_centrality,average_neighbor_degree,pagerank,edge_node_ratio
a0,0,2,0,1,0.25,0.0,0.25,0.0,0.0,0.5,0.0537413525651343,1.1111111111111112
a1,1,1,0,1,0.25,0.125,0.125,0.125,0.0357142857142857,1.0,0.0994211191252746,1.1111111111111112
a2,0,0,0,0,0.0,0.0,0.0,0.0,0.0,0.0,0.0537413525651343,1.1111111111111112
a3,1,1,1,0,0.25,0.125,0.125,0.1666666666666666,0.0357142857142857,0.0,0.138249520684328,1.1111111111111112
a4,0,1,0,1,0.125,0.0,0.125,0.0,0.0,1.0,0.0537413525651343,1.1111111111111112
a5,3,1,1,0,0.5,0.375,0.125,0.375,0.0089285714285714,0.0,0.1319681027951081,1.1111111111111112
a6,4,0,5,0,0.5,0.5,0.0,0.5568181818181818,0.0,0.0,0.3388146112895472,1.1111111111111112
a7,1,2,0,1,0.375,0.125,0.25,0.125,0.0089285714285714,0.5,0.0765812358452044,1.1111111111111112
a8,0,2,0,3,0.25,0.0,0.25,0.0,0.0,1.5,0.0537413525651343,1.1111111111111112
