argument,predecessors,successors,predecessors_neighbors,successors_neighbors,degree_centrality,in_degree_centrality,out_degree_centrality,closeness_centrality,betweenness_centrality,average_neighbor_degree,pagerank,edge_node_ratio
a0,1,4,0,6,0.7142857142857142,0.1428571428571428,0.5714285714285714,0.1428571428571428,0.0738095238095238,1.5,0.02671875,2.0
a1,3,1,7,3,0.5714285714285714,0.4285714285714285,0.1428571428571428,0.5833333333333334,0.2023809523809523,3.0,0.2467756281546956,2.0
a2,3,1,6,1,0.5714285714285714,0.4285714285714285,0.1428571428571428,0.5833333333333334,0.0373015873015873,1.0,0.1670669597719402,2.0
a3,1,2,1,2,0.4285714285714285,0.1428571428571428,0.2857142857142857,0.1904761904761904,0.0206349206349206,1.0,0.024427734375,2.0
a4,3,1,4,2,0.5714285714285714,0.4285714285714285,0.1428571428571428,0.5384615384615384,0.0357142857142857,2.0,0.1018119351384041,2.0
a5,3,2,6,2,0.7142857142857142,0.4285714285714285,0.2857142857142857,0.5833333333333334,0.1206349206349206,1.0,0.1779693713747969,2.0
a6,0,2,0,7,0.2857142857142857,0.0,0.2857142857142857,0.0,0.0,3.5,0.01875,2.0
a7,2,3,3,4,0.7142857142857142,0.2857142857142857,0.4285714285714285,0.5,0.2,1.3333333333333333,0.2364796211851632,2.0
