argument,predecessors,successors,predecessors_neighbors,successors_neighbors,degree_centrality,in_degree_centrality,out_degree_centrality,closeness_centrality,betweenness_centrality,average_neighbor_degree,pagerank,edge_node_ratio
a0,4,4,6,5,1.0,0.5,0.5,0.6124999999999999,0.5535714285714285,1.25,0.2573140702843181,1.4444444444444444
a1,1,1,4,4,0.25,0.125,0.125,0.3828125,0.0,4.0,0.0787873056853551,1.4444444444444444
a2,3,2,5,5,0.625,0.375,0.25,0.5104166666666667,0.2857142857142857,2.5,0.1875076933231036,1.4444444444444444
a3,1,1,3,2,0.25,0.125,0.125,0.3402777777777778,0.0,2.0,0.103797804046458,1.4444444444444444
a4,2,2,5,5,0.5,0.25,0.25,0.4375,0.1964285714285714,2.5,0.1554269711367618,1.4444444444444444
a5,1,0,4,0,0.125,0.125,0.0,0.4444444444444444,0.0,0.0,0.0787873056853551,1.4444444444444444
a6,1,1,2,2,0.25,0.125,0.125,0.3062499999999999,0.0,2.0,0.0901635599712895,1.4444444444444444
a7,0,1,0,4,0.125,0.0,0.125,0.0,0.0,4.0,0.0241076449336791,1.4444444444444444
a8,0,1,0,2,0.125,0.0,0.125,0.0,0.0,2.0,0.0241076449336791,1.4444444444444444
