argument,predecessors,successors,predecessors_neighbors,successors_neighbors,degree_centrality,in_degree_centrality,out_degree_centrality,closeness_centrality,betweenness_centrality,average_neighbor_degree,pagerank,edge_node_ratio
a0,2,1,4,3,0.4285714285714285,0.2857142857142857,0.1428571428571428,0.5,0.0,3.0,0.1236790479039452,2.0
a1,2,2,4,4,0.5714285714285714,0.2857142857142857,0.2857142857142857,0.4666666666666667,0.2976190476190476,2.0,0.1673131982645923,2.0
a2,1,4,3,7,0.7142857142857142,0.1428571428571428,0.5714285714285714,0.4117647058823529,0.1071428571428571,1.75,0.0835786306371688,2.0
a3,3,3,6,7,0.8571428571428571,0.4285714285714285,0.4285714285714285,0.5833333333333334,0.5714285714285714,2.333333333333333,0.2288058243197107,2.0
a4,2,2,3,4,0.5714285714285714,0.2857142857142857,0.2857142857142857,0.3684210526315789,0.1071428571428571,2.0,0.0795798195802619,2.0
a5,1,1,2,1,0.2857142857142857,0.1428571428571428,0.1428571428571428,0.3888888888888889,0.0476190476190476,1.0,0.0618192520328611,2.0
a6,2,2,4,3,0.5714285714285714,0.2857142857142857,0.2857142857142857,0.4666666666666667,0.2083333333333333,1.5,0.1013391981845696,2.0
a7,3,1,5,2,0.5714285714285714,0.4285714285714285,0.1428571428571428,0.6363636363636364,0.2083333333333333,2.0,0.15388502907689,2.0
