argument,predecessors,successors,predecessors_neighbors,successors_neighbors,degree_centrality,in_degree_centrality,out_degree_centrality,closeness_centrality,betweenness_centrality,average_neighbor_degree,pagerank,edge_node_ratio
a0,1,1,0,0,0.25,0.125,0.125,0.125,0.0178571428571428,0.0,0.094575429766096,1.0
a1,2,0,2,0,0.25,0.25,0.0,0.2857142857142857,0.0,0.0,0.1591125774612108,1.0
a2,2,0,2,0,0.25,0.25,0.0,0.3333333333333333,0.0,0.0,0.1540177827377544,1.0
a3,1,0,1,0,0.125,0.125,0.0,0.1666666666666666,0.0,0.0,0.1467584094484919,1.0
a4,1,2,0,2,0.375,0.125,0.25,0.125,0.0714285714285714,1.0,0.094575429766096,1.0
a5,1,2,1,0,0.375,0.125,0.25,0.1875,0.0178571428571428,0.0,0.111658527222436,1.0
a6,0,0,0,0,0.0,0.0,0.0,0.0,0.0,0.0,0.0663690555494672,1.0
a7,1,2,1,2,0.375,0.125,0.25,0.1666666666666666,0.0714285714285714,1.0,0.1065637324989796,1.0
a8,0,2,0,3,0.25,0.0,0.25,0.0,0.0,1.5,0.0663690555494672,1.0
