argument,predecessors,successors,predecessors_neighbors,successors_neighbors,degree_centrality,in_degree_centrality,out_degree_centrality,closeness_centrality,betweenness_centrality,average_neighbor_degree,pagerank,edge_node_ratio
a0,3,2,5,3,0.7142857142857142,0.4285714285714285,0.2857142857142857,0.5102040816326531,0.2619047619047618,1.5,0.2039584740482054,2.125
a1,1,4,1,7,0.7142857142857142,0.1428571428571428,0.5714285714285714,0.2551020408163265,0.1071428571428571,1.75,0.0640243919604817,2.125
a2,3,0,5,0,0.4285714285714285,0.4285714285714285,0.0,0.5714285714285714,0.0,0.0,0.1643105324587589,2.125
a3,2,0,4,0,0.2857142857142857,0.2857142857142857,0.0,0.4285714285714285,0.0,0.0,0.1105790684131579,2.125
a4,1,5,3,8,0.8571428571428571,0.1428571428571428,0.7142857142857142,0.3246753246753247,0.1904761904761904,1.6,0.094511804631093,2.125
a5,3,3,5,6,0.8571428571428571,0.4285714285714285,0.4285714285714285,0.5102040816326531,0.3452380952380952,2.0,0.1643105324587589,2.125
a6,3,1,5,2,0.5714285714285714,0.4285714285714285,0.1428571428571428,0.5102040816326531,0.0357142857142857,2.0,0.1367429806115558,2.125
a7,1,2,1,3,0.4285714285714285,0.1428571428571428,0.2857142857142857,0.238095238095238,0.0119047619047619,1.5,0.0615622154179878,2.125
