argument,predecessors,successors,predecessors_neighbors,successors_neighbors,degree_centrality,in_degree_centrality,out_degree_centrality,closeness_centrality,betweenness_centrality,average_neighbor_degree,pagerank,edge_node_ratio
a0,3,3,4,4,0.75,0.375,0.375,0.4464285714285714,0.3214285714285714,1.3333333333333333,0.2037046035766563,1.3333333333333333
a1,2,3,4,4,0.625,0.25,0.375,0.3472222222222222,0.2142857142857142,1.3333333333333333,0.1764209191644163,1.3333333333333333
a2,1,3,1,4,0.5,0.125,0.375,0.125,0.125,1.3333333333333333,0.1003939577788712,1.3333333333333333
a3,1,0,2,0,0.125,0.125,0.0,0.3,0.0,0.0,0.0911830224783793,1.3333333333333333
a4,1,1,3,3,0.25,0.125,0.125,0.284090909090909,0.0,3.0,0.0989145913599657,1.3333333333333333
a5,1,1,1,3,0.25,0.125,0.125,0.125,0.0,3.0,0.0696426459016828,1.3333333333333333
a6,1,1,2,3,0.25,0.125,0.125,0.2403846153846154,0.0,3.0,0.0911830224783793,1.3333333333333333
a7,1,0,3,0,0.125,0.125,0.0,0.3461538461538461,0.0,0.0,0.0989145913599657,1.3333333333333333
a8,1,0,1,0,0.125,0.125,0.0,0.1666666666666666,0.0,0.0,0.0696426459016828,1.3333333333333333
