argument,predecessors,successors,predecessors_neighbors,successors_neighbors,degree_centrality,in_degree_centrality,out_degree_centrality,closeness_centrality,betweenness_centrality,average_neighbor_degree,pagerank,edge_node_ratio
a0,2,5,5,12,0.875,0.25,0.625,0.5333333333333333,0.1339285714285714,2.4,0.0838278026955456,3.0
a1,4,1,10,3,0.625,0.5,0.125,0.6666666666666666,0.0357142857142857,3.0,0.1179962470396406,3.0
a2,2,4,5,11,0.75,0.25,0.5,0.5,0.0863095238095238,2.75,0.0578600068753204,3.0
a3,3,3,8,8,0.75,0.375,0.375,0.5714285714285714,0.0952380952380952,2.6666666666666665,0.0950915413751625,3.0
a4,3,3,10,10,0.75,0.375,0.375,0.5714285714285714,0.1934523809523809,3.333333333333333,0.1676142009383492,3.0
a5,3,3,7,7,0.75,0.375,0.375,0.5714285714285714,0.0535714285714285,2.333333333333333,0.0836779254411366,3.0
a6,2,3,5,7,0.625,0.25,0.375,0.5,0.0714285714285714,2.333333333333333,0.0694270993116767,3.0
a7,3,4,10,10,0.875,0.375,0.5,0.6153846153846154,0.2351190476190476,2.5,0.1904225436909282,3.0
a8,5,1,12,4,0.75,0.625,0.125,0.7272727272727273,0.0416666666666666,4.0,0.1340826326322398,3.0
