argument,predecessors,successors,predecessors_neighbors,successors_neighbors,degree_centrality,in_degree_centrality,out_degree_centrality,closeness_centrality,betweenness_centrality,average_neighbor_degree,pagerank,edge_node_ratio
a0,2,2,1,3,0.5,0.25,0.25,0.3125,0.2321428571428571,1.5,0.1210123408943181,1.3333333333333333
a1,1,3,2,3,0.5,0.125,0.375,0.2604166666666667,0.2142857142857142,1.0,0.1009776959803628,1.3333333333333333
a2,1,0,1,0,0.125,0.125,0.0,0.2647058823529412,0.0,0.0,0.0999546355746462,1.3333333333333333
a3,2,1,1,2,0.375,0.25,0.125,0.284090909090909,0.0535714285714285,2.0,0.0992156930709314,1.3333333333333333
a4,2,0,4,0,0.25,0.25,0.0,0.4499999999999999,0.0,0.0,0.1700364278621502,1.3333333333333333
a5,1,0,1,0,0.125,0.125,0.0,0.25,0.0,0.0,0.0781579877512595,1.3333333333333333
a6,2,2,3,2,0.5,0.25,0.25,0.3472222222222222,0.25,1.0,0.1624916503152976,1.3333333333333333
a7,0,2,0,3,0.25,0.0,0.25,0.0,0.0,1.5,0.0495474183346232,1.3333333333333333
a8,1,2,2,2,0.375,0.125,0.25,0.284090909090909,0.2321428571428571,1.0,0.1186061502164105,1.3333333333333333
