argument,predecessors,successors,predecessors_neighbors,successors_neighbors,degree_centrality,in_degree_centrality,out_degree_centrality,closeness_centrality,betweenness_centrality,average_neighbor_degree,pagerank,edge_node_ratio
a0,1,3,2,3,0.5714285714285714,0.1428571428571428,0.4285714285714285,0.3025210084033613,0.1071428571428571,1.0,0.0856007538696452,2.0
a1,3,1,4,2,0.5714285714285714,0.4285714285714285,0.1428571428571428,0.5142857142857142,0.1547619047619047,2.0,0.1310272521602378,2.0
a2,2,2,3,4,0.5714285714285714,0.2857142857142857,0.2857142857142857,0.3428571428571428,0.2142857142857142,2.0,0.1035313963009478,2.0
a3,1,3,1,5,0.5714285714285714,0.1428571428571428,0.4285714285714285,0.2857142857142857,0.1547619047619047,1.6666666666666667,0.0747285820541407,2.0
a4,2,2,2,2,0.5714285714285714,0.2857142857142857,0.2857142857142857,0.3673469387755101,0.1071428571428571,1.0,0.0959016347944112,2.0
a5,1,3,2,5,0.5714285714285714,0.1428571428571428,0.4285714285714285,0.3428571428571428,0.3571428571428571,1.6666666666666667,0.1169220906490139,2.0
a6,4,0,6,0,0.5714285714285714,0.5714285714285714,0.0,0.7,0.0,0.0,0.215061731645241,2.0
a7,2,2,4,3,0.5714285714285714,0.2857142857142857,0.2857142857142857,0.4285714285714285,0.3809523809523809,1.5,0.1772265585263621,2.0
