argument,predecessors,successors,predecessors_neighbors,successors_neighbors,degree_centrality,in_degree_centrality,out_degree_centrality,closeness_centrality,betweenness_centrality,average_neighbor_degree,pagerank,edge_node_ratio
a0,3,1,5,3,0.5714285714285714,0.4285714285714285,0.1428571428571428,0.5833333333333334,0.1071428571428571,3.0,0.1338821812795463,2.0
a1,2,2,3,5,0.5714285714285714,0.2857142857142857,0.2857142857142857,0.4666666666666667,0.1904761904761904,2.5,0.1188353781394452,2.0
a2,1,2,2,2,0.4285714285714285,0.1428571428571428,0.2857142857142857,0.3888888888888889,0.0714285714285714,1.0,0.065102528784862,2.0
a3,1,1,2,2,0.2857142857142857,0.1428571428571428,0.1428571428571428,0.3684210526315789,0.0238095238095238,2.0,0.0598609116966802,2.0
a4,2,4,5,7,0.8571428571428571,0.2857142857142857,0.5714285714285714,0.5,0.4642857142857142,1.75,0.1934650627415715,2.0
a5,3,1,5,4,0.5714285714285714,0.4285714285714285,0.1428571428571428,0.6363636363636364,0.1547619047619047,4.0,0.1461283352587029,2.0
a6,2,3,5,5,0.7142857142857142,0.2857142857142857,0.4285714285714285,0.5384615384615384,0.25,1.6666666666666667,0.1736607316261636,2.0
a7,2,2,4,3,0.5714285714285714,0.2857142857142857,0.2857142857142857,0.5,0.1666666666666666,1.5,0.1090648704730277,2.0
