argument,predecessors,successors,predecessors_neighbors,successors_neighbors,degree_centrality,in_degree_centrality,out_degree_centrality,closeness_centrality,betweenness_centrality,average_neighbor_degree,pagerank,edge_node_ratio
a0,1,2,2,3,0.4285714285714285,0.1428571428571428,0.2857142857142857,0.3888888888888889,0.0,1.5,0.0391808317409543,2.5
a1,4,1,8,2,0.7142857142857142,0.5714285714285714,0.1428571428571428,0.6363636363636364,0.0,2.0,0.167619494859856,2.5
a2,2,4,5,8,0.8571428571428571,0.2857142857142857,0.5714285714285714,0.5,0.238095238095238,2.0,0.0961459532249075,2.5
a3,4,2,8,4,0.8571428571428571,0.5714285714285714,0.2857142857142857,0.6363636363636364,0.2142857142857142,2.0,0.2176121623910362,2.5
a4,0,3,0,8,0.4285714285714285,0.0,0.4285714285714285,0.0,0.0,2.6666666666666665,0.01875,2.5
a5,3,1,6,3,0.5714285714285714,0.4285714285714285,0.1428571428571428,0.5384615384615384,0.0,3.0,0.1154478787158618,2.5
a6,5,3,10,9,1.1428571428571428,0.7142857142857142,0.4285714285714285,0.7777777777777778,0.5,3.0,0.2544102258424764,2.5
a7,1,4,5,7,0.7142857142857142,0.1428571428571428,0.5714285714285714,0.4666666666666667,0.0476190476190476,1.75,0.0908334532249075,2.5
