argument,predecessors,successors,predecessors_neighbors,successors_neighbors,degree_centrality,in_degree_centrality,out_degree_centrality,closeness_centrality,betweenness_centrality,average_neighbor_degree,pagerank,edge_node_ratio
a0,2,1,4,3,0.4285714285714285,0.2857142857142857,0.1428571428571428,0.5,0.0476190476190476,3.0,0.0991138531752085,2.0
a1,3,3,4,6,0.8571428571428571,0.4285714285714285,0.4285714285714285,0.5833333333333334,0.25,2.0,0.1715640476939214,2.0
a2,2,1,5,2,0.4285714285714285,0.2857142857142857,0.1428571428571428,0.5384615384615384,0.0238095238095238,2.0,0.1279584218537713,2.0
a3,3,2,8,4,0.7142857142857142,0.4285714285714285,0.2857142857142857,0.6363636363636364,0.2619047619047618,2.0,0.2104990357921047,2.0
a4,3,3,4,5,0.8571428571428571,0.4285714285714285,0.4285714285714285,0.5833333333333334,0.2023809523809523,1.6666666666666667,0.1213185796523435,2.0
a5,0,2,0,6,0.2857142857142857,0.0,0.2857142857142857,0.0,0.0,3.0,0.01875,2.0
a6,1,2,3,4,0.4285714285714285,0.1428571428571428,0.2857142857142857,0.4375,0.0952380952380952,2.0,0.1082111395511121,2.0
a7,2,2,6,4,0.5714285714285714,0.2857142857142857,0.2857142857142857,0.5384615384615384,0.119047619047619,2.0,0.1425849222815381,2.0
