argument,predecessors,successors,predecessors_neighbors,successors_neighbors,degree_centrality,in_degree_centrality,out_degree_centrality,closeness_centrality,betweenness_centrality,average_neighbor_degree,pagerank,edge_node_ratio
a0,1,3,2,4,0.5714285714285714,0.1428571428571428,0.4285714285714285,0.3428571428571428,0.2261904761904761,1.3333333333333333,0.086536209407893,2.0
a1,1,2,1,1,0.4285714285714285,0.1428571428571428,0.2857142857142857,0.2706766917293233,0.0476190476190476,0.5,0.0594277532719767,2.0
a2,1,3,1,4,0.5714285714285714,0.1428571428571428,0.4285714285714285,0.2857142857142857,0.1666666666666666,1.3333333333333333,0.0654130147907242,2.0
a3,2,2,2,3,0.5714285714285714,0.2857142857142857,0.2857142857142857,0.4285714285714285,0.0833333333333333,1.5,0.1260494283969331,2.0
a4,5,0,7,0,0.7142857142857142,0.7142857142857142,0.0,0.7,0.0,0.0,0.2084160004787946,2.0
a5,1,2,3,5,0.4285714285714285,0.1428571428571428,0.2857142857142857,0.3956043956043956,0.2619047619047618,2.5,0.1567589842899712,2.0
a6,2,3,3,4,0.7142857142857142,0.2857142857142857,0.4285714285714285,0.4285714285714285,0.3809523809523809,1.3333333333333333,0.1610870739409274,2.0
a7,3,1,4,2,0.5714285714285714,0.4285714285714285,0.1428571428571428,0.5714285714285714,0.238095238095238,2.0,0.1363115354227793,2.0
