argument,predecessors,successors,predecessors_neighbors,successors_neighbors,degree_centrality,in_degree_centrality,out_degree_centrality,closeness_centrality,betweenness_centrality,average_neighbor_degree,pagerank,edge_node_ratio
a0,2,2,2,3,0.5714285714285714,0.2857142857142857,0.2857142857142857,0.3214285714285714,0.0595238095238095,1.5,0.035982421875,2.0
a1,4,2,6,2,0.8571428571428571,0.5714285714285714,0.2857142857142857,0.7,0.2023809523809523,1.0,0.294959812394076,2.0
a2,3,1,6,1,0.5714285714285714,0.4285714285714285,0.1428571428571428,0.5833333333333334,0.0357142857142857,1.0,0.1633837093650676,2.0
a3,0,4,0,6,0.5714285714285714,0.0,0.5714285714285714,0.0,0.0,1.5,0.01875,2.0
a4,4,1,6,2,0.7142857142857142,0.5714285714285714,0.1428571428571428,0.7,0.119047619047619,2.0,0.2960203762976637,2.0
a5,2,2,0,3,0.5714285714285714,0.2857142857142857,0.2857142857142857,0.2857142857142857,0.0476190476190476,1.5,0.028046875,2.0
a6,1,1,4,1,0.2857142857142857,0.1428571428571428,0.1428571428571428,0.4666666666666667,0.0119047619047619,1.0,0.1441068050681926,2.0
a7,0,3,0,6,0.4285714285714285,0.0,0.4285714285714285,0.0,0.0,2.0,0.01875,2.0
