argument,predecessors,successors,predecessors_neighbors,successors_neighbors,degree_centrality,in_degree_centrality,out_degree_centrality,closeness_centrality,betweenness_centrality,average_neighbor_degree,pagerank,edge_node_ratio
a0,2,2,6,6,0.5,0.25,0.25,0.5333333333333333,0.1116071428571428,3.0,0.1053858160712454,2.5555555555555554
a1,4,2,9,5,0.75,0.5,0.25,0.6666666666666666,0.144345238095238,2.5,0.1498905913336069,2.5555555555555554
a2,3,2,8,5,0.625,0.375,0.25,0.5714285714285714,0.0744047619047618,2.5,0.1176288847601218,2.5555555555555554
a3,3,3,6,8,0.75,0.375,0.375,0.5714285714285714,0.144345238095238,2.6666666666666665,0.1042219938001854,2.5555555555555554
a4,2,3,5,7,0.625,0.25,0.375,0.5,0.1919642857142857,2.333333333333333,0.1035494285708795,2.5555555555555554
a5,3,3,7,8,0.75,0.375,0.375,0.5714285714285714,0.1488095238095237,2.6666666666666665,0.1364630395514346,2.5555555555555554
a6,1,2,2,5,0.375,0.125,0.25,0.3809523809523809,0.0148809523809523,2.5,0.046005356121249,2.5555555555555554
a7,2,3,6,7,0.625,0.25,0.375,0.5,0.0833333333333333,2.333333333333333,0.0882901953055395,2.5555555555555554
a8,3,3,10,8,0.75,0.375,0.375,0.6153846153846154,0.2113095238095237,2.6666666666666665,0.1485646944857372,2.5555555555555554
