argument,predecessors,successors,predecessors_neighbors,successors_neighbors,degree_centrality,in_degree_centrality,out_degree_centrality,closeness_centrality,betweenness_centrality,average_neighbor_degree,pagerank,edge_node_ratio
a0,5,1,6,1,0.8571428571428571,0.7142857142857142,0.1428571428571428,0.7,0.1428571428571428,1.0,0.2569121438882222,2.0
a1,3,1,3,1,0.5714285714285714,0.4285714285714285,0.1428571428571428,0.5384615384615384,0.0,1.0,0.1367166095872641,2.0
a2,0,3,0,5,0.4285714285714285,0.0,0.4285714285714285,0.0,0.0,1.6666666666666667,0.01875,2.0
a3,1,3,0,3,0.5714285714285714,0.1428571428571428,0.4285714285714285,0.1428571428571428,0.0238095238095238,1.0,0.0240625,2.0
a4,2,1,1,1,0.4285714285714285,0.2857142857142857,0.1428571428571428,0.3214285714285714,0.0238095238095238,1.0,0.0295520833333333,2.0
a5,3,1,7,2,0.5714285714285714,0.4285714285714285,0.1428571428571428,0.6363636363636364,0.1904761904761904,2.0,0.2662299922395193,2.0
a6,0,4,0,5,0.5714285714285714,0.0,0.5714285714285714,0.0,0.0,1.25,0.01875,2.0
a7,2,2,3,2,0.5714285714285714,0.2857142857142857,0.2857142857142857,0.4666666666666667,0.1428571428571428,1.0,0.2490266709516611,2.0
