argument,predecessors,successors,predecessors_neighbors,successors_neighbors,degree_centrality,in_degree_centrality,out_degree_centrality,closeness_centrality,betweenness_centrality,average_neighbor_degree,pagerank,edge_node_ratio
a0,2,2,2,4,0.5714285714285714,0.2857142857142857,0.2857142857142857,0.2857142857142857,0.0,2.0,0.0989329788932601,2.125
a1,1,2,2,4,0.4285714285714285,0.1428571428571428,0.2857142857142857,0.2571428571428571,0.119047619047619,2.0,0.0881482365151075,2.125
a2,5,0,7,0,0.7142857142857142,0.7142857142857142,0.0,0.7346938775510203,0.0,0.0,0.2313310340794822,2.125
a3,2,2,1,0,0.5714285714285714,0.2857142857142857,0.2857142857142857,0.3265306122448979,0.0238095238095238,0.0,0.1116878929159429,2.125
a4,0,5,0,8,0.7142857142857142,0.0,0.7142857142857142,0.0,0.0,1.6,0.0634404653003909,2.125
a5,2,4,2,4,0.8571428571428571,0.2857142857142857,0.5714285714285714,0.2857142857142857,0.1428571428571428,1.0,0.1162716335490533,2.125
a6,1,2,1,0,0.4285714285714285,0.1428571428571428,0.2857142857142857,0.2539682539682539,0.0238095238095238,0.0,0.1009031505377902,2.125
a7,4,0,5,0,0.5714285714285714,0.5714285714285714,0.0,0.6428571428571428,0.0,0.0,0.1892846082089725,2.125
