argument,predecessors,successors,predecessors_neighbors,successors_neighbors,degree_centrality,in_degree_centrality,out_degree_centrality,closeness_centrality,betweenness_centrality,average_neighbor_degree,pagerank,edge_node_ratio
a0,2,0,4,0,0.2857142857142857,0.2857142857142857,0.0,0.5384615384615384,0.0,0.0,0.1165799459086328,2.0
a1,1,2,3,3,0.4285714285714285,0.1428571428571428,0.2857142857142857,0.3956043956043956,0.0952380952380952,1.5,0.1008550858812819,2.0
a2,3,3,8,4,0.8571428571428571,0.4285714285714285,0.4285714285714285,0.5714285714285714,0.5,1.3333333333333333,0.2460639682604696,2.0
a3,2,2,2,5,0.5714285714285714,0.2857142857142857,0.2857142857142857,0.4285714285714285,0.0952380952380952,2.5,0.0897245656162069,2.0
a4,1,2,3,6,0.4285714285714285,0.1428571428571428,0.2857142857142857,0.3956043956043956,0.1666666666666666,3.0,0.1008550858812819,2.0
a5,1,4,1,5,0.7142857142857142,0.1428571428571428,0.5714285714285714,0.3214285714285714,0.0595238095238095,1.25,0.0739997055888559,2.0
a6,3,2,4,4,0.7142857142857142,0.4285714285714285,0.2857142857142857,0.5142857142857142,0.1071428571428571,2.0,0.1278574616536709,2.0
a7,3,1,5,3,0.5714285714285714,0.4285714285714285,0.1428571428571428,0.5714285714285714,0.0714285714285714,3.0,0.1440641812095996,2.0
