argument,predecessors,successors,predecessors_neighbors,successors_neighbors,degree_centrality,in_degree_centrality,out_degree_centrality,closeness_centrality,betweenness_centrality,average_neighbor_degree,pagerank,edge_node_ratio
a0,0,1,0,2,0.125,0.0,0.125,0.0,0.0,2.0,0.0166666666666666,1.3333333333333333
a1,3,2,1,2,0.625,0.375,0.25,0.375,0.25,1.0,0.0926288323548638,1.3333333333333333
a2,1,1,3,2,0.25,0.125,0.125,0.2249999999999999,0.0,2.0,0.0560339204174822,1.3333333333333333
a3,3,1,5,2,0.5,0.375,0.125,0.5714285714285714,0.2678571428571428,2.0,0.185833821788269,1.3333333333333333
a4,2,2,5,3,0.5,0.25,0.25,0.4705882352941176,0.25,1.5,0.272080848161045,1.3333333333333333
a5,0,1,0,2,0.125,0.0,0.125,0.0,0.0,2.0,0.0166666666666666,1.3333333333333333
a6,2,2,3,3,0.5,0.25,0.25,0.3636363636363636,0.1607142857142857,1.5,0.2293016034016512,1.3333333333333333
a7,0,1,0,1,0.125,0.0,0.125,0.0,0.0,1.0,0.0166666666666666,1.3333333333333333
a8,1,1,2,2,0.25,0.125,0.125,0.2758620689655172,0.0,2.0,0.1141209738766884,1.3333333333333333
