argument,predecessors,successors,predecessors_neighbors,successors_neighbors,degree_centrality,in_degree_centrality,out_degree_centrality,closeness_centrality,betweenness_centrality,average_neighbor_degree,pagerank,edge_node_ratio
a0,1,2,0,4,0.375,0.125,0.25,0.125,0.0267857142857142,2.0,0.0595741289534971,1.7777777777777777
a1,2,3,1,2,0.625,0.25,0.375,0.28125,0.050595238095238,0.6666666666666666,0.0799006509241209,1.7777777777777777
a2,4,0,7,0,0.5,0.5,0.0,0.6153846153846154,0.0,0.0,0.3150480509467239,1.7777777777777777
a3,0,3,0,6,0.375,0.0,0.375,0.0,0.0,2.0,0.0464212176753394,1.7777777777777777
a4,1,3,1,5,0.5,0.125,0.375,0.1666666666666666,0.0386904761904761,1.6666666666666667,0.0717404751569714,1.7777777777777777
a5,3,1,4,1,0.5,0.375,0.125,0.4,0.0148809523809523,1.0,0.1147055208621328,1.7777777777777777
a6,2,1,0,0,0.375,0.25,0.125,0.25,0.0089285714285714,0.0,0.0793034958707337,1.7777777777777777
a7,0,2,0,1,0.25,0.0,0.25,0.0,0.0,0.5,0.0464212176753394,1.7777777777777777
a8,3,1,6,0,0.5,0.375,0.125,0.4464285714285714,0.0386904761904761,0.0,0.1868852419351406,1.7777777777777777
