argument,predecessors,successors,predecessors_neighbors,successors_neighbors,degree_centrality,in_degree_centrality,out_degree_centrality,closeness_centrality,betweenness_centrality,average_neighbor_degree,pagerank,edge_node_ratio
a0,1,2,3,4,0.4285714285714285,0.1428571428571428,0.2857142857142857,0.4375,0.0595238095238095,2.0,0.1112027351935862,2.0
a1,3,2,5,4,0.7142857142857142,0.4285714285714285,0.2857142857142857,0.5833333333333334,0.1309523809523809,2.0,0.1615199463027514,2.0
a2,0,3,0,6,0.4285714285714285,0.0,0.4285714285714285,0.0,0.0,2.0,0.01875,2.0
a3,2,2,4,4,0.5714285714285714,0.2857142857142857,0.2857142857142857,0.5,0.0833333333333333,2.0,0.1082117346106221,2.0
a4,4,2,5,4,0.8571428571428571,0.5714285714285714,0.2857142857142857,0.7,0.2738095238095238,2.0,0.197996682444455,2.0
a5,3,2,9,4,0.7142857142857142,0.4285714285714285,0.2857142857142857,0.6363636363636364,0.3571428571428571,2.0,0.2175350626845429,2.0
a6,1,1,2,2,0.2857142857142857,0.1428571428571428,0.1428571428571428,0.3888888888888889,0.0238095238095238,2.0,0.0682686035704559,2.0
a7,2,2,3,3,0.5714285714285714,0.2857142857142857,0.2857142857142857,0.5,0.1666666666666666,1.5,0.1165152351935862,2.0
