argument,predecessors,successors,predecessors_neighbors,successors_neighbors,degree_centrality,in_degree_centrality,out_degree_centrality,closeness_centrality,betweenness_centrality,average_neighbor_degree,pagerank,edge_node_ratio
a0,0,1,0,0,0.125,0.0,0.125,0.0,0.0,0.0,0.0505126324018418,0.8888888888888888
a1,0,1,0,1,0.125,0.0,0.125,0.0,0.0,1.0,0.0505126324018418,0.8888888888888888
a2,1,1,1,0,0.25,0.125,0.125,0.2222222222222222,0.0714285714285714,0.0,0.1764741947058601,0.8888888888888888
a3,0,2,0,1,0.25,0.0,0.25,0.0,0.0,0.5,0.0505126324018418,0.8888888888888888
a4,3,0,1,0,0.375,0.375,0.0,0.3828125,0.0,0.0,0.2863874060331243,0.8888888888888888
a5,0,1,0,0,0.125,0.0,0.125,0.0,0.0,0.0,0.0505126324018418,0.8888888888888888
a6,1,0,0,0,0.125,0.125,0.0,0.125,0.0,0.0,0.0719803505124687,0.8888888888888888
a7,1,1,2,1,0.25,0.125,0.125,0.2249999999999999,0.1071428571428571,1.0,0.1481917324074566,0.8888888888888888
a8,2,1,0,1,0.375,0.25,0.125,0.25,0.1071428571428571,1.0,0.1149157867337224,0.8888888888888888
