argument,predecessors,successors,predecessors_neighbors,successors_neighbors,degree_centrality,in_degree_centrality,out_degree_centrality,closeness_centrality,betweenness_centrality,average_neighbor_degree,pagerank,edge_node_ratio
a0,2,2,4,5,0.5714285714285714,0.2857142857142857,0.2857142857142857,0.5384615384615384,0.3730158730158729,2.5,0.2006365911089691,2.0
a1,3,2,4,3,0.7142857142857142,0.4285714285714285,0.2857142857142857,0.5384615384615384,0.0833333333333333,1.5,0.1400913664959956,2.0
a2,4,1,9,2,0.7142857142857142,0.5714285714285714,0.1428571428571428,0.7,0.3095238095238095,2.0,0.2046074235405129,2.0
a3,1,2,2,4,0.4285714285714285,0.1428571428571428,0.2857142857142857,0.4117647058823529,0.0793650793650793,2.0,0.104020727382432,2.0
a4,3,2,4,3,0.7142857142857142,0.4285714285714285,0.2857142857142857,0.5833333333333334,0.1031746031746031,1.5,0.1157296012643577,2.0
a5,1,3,2,5,0.5714285714285714,0.1428571428571428,0.4285714285714285,0.3888888888888889,0.1031746031746031,1.6666666666666667,0.104020727382432,2.0
a6,2,2,4,3,0.5714285714285714,0.2857142857142857,0.2857142857142857,0.5384615384615384,0.0674603174603174,1.5,0.1121435628253002,2.0
a7,0,2,0,4,0.2857142857142857,0.0,0.2857142857142857,0.0,0.0,2.0,0.01875,2.0
