argument,predecessors,successors,predecessors_neighbors,successors_neighbors,degree_centrality,in_degree_centrality,out_degree_centrality,closeness_centrality,betweenness_centrality,average_neighbor_degree,pagerank,edge_node_ratio
a0,4,3,11,10,1.0,0.5714285714285714,0.4285714285714285,0.6428571428571428,0.3333333333333333,3.333333333333333,0.2799562555117827,2.625
a1,2,4,6,13,0.8571428571428571,0.2857142857142857,0.5714285714285714,0.3956043956043956,0.0535714285714285,3.25,0.0836185761367373,2.625
a2,3,3,9,8,0.8571428571428571,0.4285714285714285,0.4285714285714285,0.5142857142857142,0.0416666666666666,2.6666666666666665,0.1408113659934124,2.625
a3,1,1,3,1,0.2857142857142857,0.1428571428571428,0.1428571428571428,0.3956043956043956,0.0,1.0,0.0437218708982147,2.625
a4,5,1,13,3,0.8571428571428571,0.7142857142857142,0.1428571428571428,0.7346938775510203,0.1488095238095238,3.0,0.217871460593899,2.625
a5,2,0,4,0,0.2857142857142857,0.2857142857142857,0.0,0.4375,0.0,0.0,0.0561096673522027,2.625
a6,1,3,3,9,0.5714285714285714,0.1428571428571428,0.4285714285714285,0.3428571428571428,0.0059523809523809,3.0,0.0437218708982147,2.625
a7,3,6,7,12,1.2857142857142856,0.4285714285714285,0.8571428571428571,0.5142857142857142,0.4404761904761904,2.0,0.1341889326155362,2.625
