argument,predecessors,successors,predecessors_neighbors,successors_neighbors,degree_centrality,in_degree_centrality,out_degree_centrality,closeness_centrality,betweenness_centrality,average_neighbor_degree,pagerank,edge_node_ratio
a0,4,0,2,0,0.5,0.5,0.0,0.5714285714285714,0.0,0.0,0.3002490396094349,1.1111111111111112
a1,1,1,1,1,0.25,0.125,0.125,0.1666666666666666,0.0357142857142857,1.0,0.0686236984326063,1.1111111111111112
a2,1,1,2,0,0.25,0.125,0.125,0.2604166666666667,0.0535714285714285,0.0,0.1824553053176373,1.1111111111111112
a3,1,3,0,2,0.5,0.125,0.375,0.125,0.0892857142857142,0.6666666666666666,0.0832936489475678,1.1111111111111112
a4,0,1,0,0,0.125,0.0,0.125,0.0,0.0,0.0,0.0450237897148689,1.1111111111111112
a5,0,1,0,0,0.125,0.0,0.125,0.0,0.0,0.0,0.0450237897148689,1.1111111111111112
a6,1,1,1,1,0.25,0.125,0.125,0.1666666666666666,0.0357142857142857,1.0,0.0686236984326063,1.1111111111111112
a7,2,1,2,1,0.375,0.25,0.125,0.2857142857142857,0.1071428571428571,1.0,0.1616832401155401,1.1111111111111112
a8,0,1,0,3,0.125,0.0,0.125,0.0,0.0,3.0,0.0450237897148689,1.1111111111111112
