argument,predecessors,successors,predecessors_neighbors,successors_neighbors,degree_centrality,in_degree_centrality,out_degree_centrality,closeness_centrality,betweenness_centrality,average_neighbor_degree,pagerank,edge_node_ratio
a0,1,2,2,2,0.4285714285714285,0.1428571428571428,0.2857142857142857,0.35,0.0,1.0,0.0581382218913086,2.125
a1,2,5,4,7,1.0,0.2857142857142857,0.7142857142857142,0.4666666666666667,0.4642857142857142,1.4,0.2316974644527347,2.125
a2,3,1,3,1,0.5714285714285714,0.4285714285714285,0.1428571428571428,0.4666666666666667,0.0476190476190476,1.0,0.0868311847064707,2.125
a3,3,1,5,1,0.5714285714285714,0.4285714285714285,0.1428571428571428,0.5384615384615384,0.1785714285714285,1.0,0.1359291188087962,2.125
a4,0,4,0,9,0.5714285714285714,0.0,0.5714285714285714,0.0,0.0,2.25,0.01875,2.125
a5,2,1,5,1,0.4285714285714285,0.2857142857142857,0.1428571428571428,0.5,0.2142857142857142,1.0,0.1606924622114668,2.125
a6,2,2,2,2,0.5714285714285714,0.2857142857142857,0.2857142857142857,0.3684210526315789,0.0476190476190476,1.0,0.0621225968913086,2.125
a7,4,1,7,5,0.7142857142857142,0.5714285714285714,0.1428571428571428,0.6363636363636364,0.4285714285714285,5.0,0.2458389510379143,2.125
