argument,predecessors,successors,predecessors_neighbors,successors_neighbors,degree_centrality,in_degree_centrality,out_degree_centrality,closeness_centrality,betweenness_centrality,average_neighbor_degree,pagerank,edge_node_ratio
a0,1,2,1,6,0.375,0.125,0.25,0.125,0.125,3.0,0.0482713633398565,1.6666666666666667
a1,6,5,7,6,1.375,0.75,0.625,0.8,0.7142857142857142,1.2,0.3702453826591297,1.6666666666666667
a2,1,1,1,2,0.25,0.125,0.125,0.125,0.0,2.0,0.0371819960861057,1.6666666666666667
a3,1,1,6,5,0.25,0.125,0.125,0.4705882352941176,0.0,5.0,0.0796077448465144,1.6666666666666667
a4,2,2,7,6,0.5,0.25,0.25,0.5333333333333333,0.2142857142857142,3.0,0.1468091052561259,1.6666666666666667
a5,1,1,2,2,0.25,0.125,0.125,0.3636363636363636,0.0,2.0,0.0790611732727244,1.6666666666666667
a6,1,1,6,5,0.25,0.125,0.125,0.4705882352941176,0.0,5.0,0.0796077448465144,1.6666666666666667
a7,1,1,6,5,0.25,0.125,0.125,0.4705882352941176,0.0,5.0,0.0796077448465144,1.6666666666666667
a8,1,1,6,5,0.25,0.125,0.125,0.4705882352941176,0.0,5.0,0.0796077448465144,1.6666666666666667
