argument,predecessors,successors,predecessors_neighbors,successors_neighbors,degree_centrality,in_degree_centrality,out_degree_centrality,closeness_centrality,betweenness_centrality,average_neighbor_degree,pagerank,edge_node_ratio
a0,3,4,6,6,0.875,0.375,0.5,0.5104166666666667,0.5178571428571428,1.5,0.1787639664358577,1.6666666666666667
a1,4,4,7,8,1.0,0.5,0.5,0.6124999999999999,0.6785714285714285,2.0,0.2531565566067486,1.6666666666666667
a2,2,2,5,5,0.5,0.25,0.25,0.4375,0.2321428571428571,2.5,0.1489999012631901,1.6666666666666667
a3,1,0,3,0,0.125,0.125,0.0,0.4,0.0,0.0,0.0603544027892171,1.6666666666666667
a4,1,1,3,4,0.25,0.125,0.125,0.3402777777777778,0.0,4.0,0.0603544027892171,1.6666666666666667
a5,1,1,3,4,0.25,0.125,0.125,0.3402777777777778,0.0,4.0,0.0603544027892171,1.6666666666666667
a6,1,1,2,2,0.25,0.125,0.125,0.3062499999999999,0.0,2.0,0.0856923382226032,1.6666666666666667
a7,1,1,4,4,0.25,0.125,0.125,0.3828125,0.0,4.0,0.0761620145519743,1.6666666666666667
a8,1,1,4,4,0.25,0.125,0.125,0.3828125,0.0,4.0,0.0761620145519743,1.6666666666666667
