argument,predecessors,successors,predecessors_neighbors,successors_neighbors,degree_centrality,in_degree_centrality,out_degree_centrality,closeness_centrality,betweenness_centrality,average_neighbor_degree,pagerank,edge_node_ratio
a0,1,3,2,8,0.5,0.125,0.375,0.4,0.0119047619047619,2.6666666666666665,0.034590255590444,3.2222222222222223
a1,2,5,8,16,0.875,0.25,0.625,0.5714285714285714,0.1916666666666666,3.2,0.1054325528191305,3.2222222222222223
a2,4,3,11,12,0.875,0.5,0.375,0.6666666666666666,0.1589285714285714,4.0,0.1309199512951429,3.2222222222222223
a3,3,3,12,9,0.75,0.375,0.375,0.6153846153846154,0.0714285714285714,3.0,0.1235506781489622,3.2222222222222223
a4,4,2,12,8,0.75,0.5,0.25,0.6666666666666666,0.1232142857142857,4.0,0.121581544570592,3.2222222222222223
a5,3,4,9,11,0.875,0.375,0.5,0.6153846153846154,0.069047619047619,2.75,0.106689309886293,3.2222222222222223
a6,5,3,13,8,1.0,0.625,0.375,0.7272727272727273,0.1077380952380952,2.6666666666666665,0.1321302679333168,3.2222222222222223
a7,3,3,9,9,0.75,0.375,0.375,0.5714285714285714,0.0357142857142857,3.0,0.0987340814384306,3.2222222222222223
a8,4,3,14,9,0.875,0.5,0.375,0.6666666666666666,0.1053571428571428,3.0,0.1463713583176872,3.2222222222222223
