argument,predecessors,successors,predecessors_neighbors,successors_neighbors,degree_centrality,in_degree_centrality,out_degree_centrality,closeness_centrality,betweenness_centrality,average_neighbor_degree,pagerank,edge_node_ratio
a0,1,4,1,11,0.7142857142857142,0.1428571428571428,0.5714285714285714,0.3043478260869565,0.2261904761904761,2.75,0.0470435838450312,2.375
a1,1,2,3,5,0.4285714285714285,0.1428571428571428,0.2857142857142857,0.3888888888888889,0.2619047619047618,2.5,0.0665725277747034,2.375
a2,3,4,7,8,1.0,0.4285714285714285,0.5714285714285714,0.5384615384615384,0.5198412698412698,2.0,0.2250481008140062,2.375
a3,4,1,10,4,0.7142857142857142,0.5714285714285714,0.1428571428571428,0.7,0.3452380952380952,4.0,0.2054197540247346,2.375
a4,2,3,4,6,0.7142857142857142,0.2857142857142857,0.4285714285714285,0.4117647058823529,0.0476190476190476,2.0,0.0765691761945626,2.375
a5,3,1,7,2,0.5714285714285714,0.4285714285714285,0.1428571428571428,0.5384615384615384,0.0119047619047619,2.0,0.1415210427049031,2.375
a6,4,2,8,2,0.8571428571428571,0.5714285714285714,0.2857142857142857,0.7,0.3095238095238095,1.0,0.2090791662221994,2.375
a7,1,2,1,3,0.4285714285714285,0.1428571428571428,0.2857142857142857,0.28,0.0158730158730158,1.5,0.0287466484198592,2.375
