argument,predecessors,successors,predecessors_neighbors,successors_neighbors,degree_centrality,in_degree_centrality,out_degree_centrality,closeness_centrality,betweenness_centrality,average_neighbor_degree,pagerank,edge_node_ratio
a0,3,1,2,0,0.5714285714285714,0.4285714285714285,0.1428571428571428,0.4285714285714285,0.0952380952380952,0.0,0.0865295975786621,2.125
a1,1,2,2,3,0.4285714285714285,0.1428571428571428,0.2857142857142857,0.3246753246753247,0.1547619047619047,1.5,0.095134903760905,2.125
a2,3,1,6,2,0.5714285714285714,0.4285714285714285,0.1428571428571428,0.5102040816326531,0.0119047619047619,2.0,0.2134908824611078,2.125
a3,2,2,4,3,0.5714285714285714,0.2857142857142857,0.2857142857142857,0.4464285714285714,0.1904761904761904,1.5,0.1498184956779659,2.125
a4,4,2,5,3,0.8571428571428571,0.5714285714285714,0.2857142857142857,0.5952380952380952,0.2142857142857142,1.5,0.2679957576469411,2.125
a5,1,3,0,3,0.5714285714285714,0.1428571428571428,0.4285714285714285,0.1428571428571428,0.0,1.0,0.0359197659020325,2.125
a6,3,0,4,0,0.4285714285714285,0.4285714285714285,0.0,0.4117647058823529,0.0,0.0,0.1196480799946224,2.125
a7,0,6,0,9,0.8571428571428571,0.0,0.8571428571428571,0.0,0.0,1.5,0.031462516977763,2.125
