argument,predecessors,successors,predecessors_neighbors,successors_neighbors,degree_centrality,in_degree_centrality,out_degree_centrality,closeness_centrality,betweenness_centrality,average_neighbor_degree,pagerank,edge_node_ratio
a0,2,3,2,4,0.7142857142857142,0.2857142857142857,0.4285714285714285,0.35,0.1166666666666666,1.3333333333333333,0.0831830158152591,2.0
a1,2,1,3,2,0.4285714285714285,0.2857142857142857,0.1428571428571428,0.4117647058823529,0.0,2.0,0.0637957265849982,2.0
a2,1,4,1,7,0.7142857142857142,0.1428571428571428,0.5714285714285714,0.35,0.2642857142857143,1.75,0.1010719646588086,2.0
a3,3,2,5,2,0.7142857142857142,0.4285714285714285,0.2857142857142857,0.5,0.1952380952380952,1.0,0.1180214743895961,2.0
a4,1,2,3,6,0.4285714285714285,0.1428571428571428,0.2857142857142857,0.4375,0.5238095238095237,3.0,0.1936959643223312,2.0
a5,3,1,8,2,0.5714285714285714,0.4285714285714285,0.1428571428571428,0.5833333333333334,0.5238095238095237,2.0,0.205817710404204,2.0
a6,1,2,1,4,0.4285714285714285,0.1428571428571428,0.2857142857142857,0.35,0.0928571428571428,2.0,0.1010719646588086,2.0
a7,3,1,5,1,0.5714285714285714,0.4285714285714285,0.1428571428571428,0.5833333333333334,0.069047619047619,1.0,0.133342179165994,2.0
