argument,predecessors,successors,predecessors_neighbors,successors_neighbors,degree_centrality,in_degree_centrality,out_degree_centrality,closeness_centrality,betweenness_centrality,average_neighbor_degree,pagerank,edge_node_ratio
a0,3,2,7,3,0.625,0.375,0.25,0.5333333333333333,0.25,1.5,0.1600726174194486,2.0
a1,2,1,2,2,0.375,0.25,0.125,0.4,0.0089285714285714,2.0,0.0629736966026636,2.0
a2,3,2,4,2,0.625,0.375,0.25,0.5714285714285714,0.1875,1.0,0.1223046930856542,2.0
a3,1,3,2,7,0.5,0.125,0.375,0.3636363636363636,0.125,2.333333333333333,0.1160663261953653,2.0
a4,2,2,4,3,0.5,0.25,0.25,0.4444444444444444,0.125,1.5,0.0978463218263977,2.0
a5,2,1,6,3,0.375,0.25,0.125,0.5,0.1428571428571428,3.0,0.1169414880148762,2.0
a6,3,3,3,5,0.75,0.375,0.375,0.5333333333333333,0.2678571428571428,1.6666666666666667,0.170450553137017,2.0
a7,0,3,0,6,0.375,0.0,0.375,0.0,0.0,2.0,0.0166666666666666,2.0
a8,2,1,6,3,0.375,0.25,0.125,0.5333333333333333,0.1607142857142857,3.0,0.1366776370519104,2.0
