argument,predecessors,successors,predecessors_neighbors,successors_neighbors,degree_centrality,in_degree_centrality,out_degree_centrality,closeness_centrality,betweenness_centrality,average_neighbor_degree,pagerank,edge_node_ratio
a0,3,1,7,2,0.5,0.375,0.125,0.5,0.0892857142857142,2.0,0.1411160574119517,2.0
a1,1,1,3,4,0.25,0.125,0.125,0.3809523809523809,0.3928571428571428,4.0,0.1192458900891163,2.0
a2,1,1,1,2,0.25,0.125,0.125,0.2352941176470588,0.0178571428571428,2.0,0.0255379886725005,2.0
a3,1,4,1,5,0.625,0.125,0.5,0.25,0.1517857142857142,1.25,0.0417474076894379,2.0
a4,3,1,6,1,0.5,0.375,0.125,0.5333333333333333,0.3928571428571428,1.0,0.1206818187749261,2.0
a5,4,2,6,2,0.75,0.5,0.25,0.6153846153846154,0.375,1.0,0.1648546673827869,2.0
a6,1,4,1,9,0.625,0.125,0.5,0.2962962962962963,0.3928571428571428,2.25,0.1180250224948162,2.0
a7,2,2,3,3,0.5,0.25,0.25,0.4444444444444444,0.1339285714285714,1.5,0.1070946499115863,2.0
a8,2,2,4,4,0.5,0.25,0.25,0.5,0.1964285714285714,2.0,0.1616964975728777,2.0
