argument,predecessors,successors,predecessors_neighbors,successors_neighbors,degree_centrality,in_degree_centrality,out_degree_centrality,closeness_centrality,betweenness_centrality,average_neighbor_degree,pagerank,edge_node_ratio
a0,1,2,3,4,0.375,0.125,0.25,0.4210526315789473,0.175595238095238,2.0,0.1023786616678592,2.0
a1,1,2,3,3,0.375,0.125,0.25,0.4210526315789473,0.0684523809523809,1.5,0.1023786616678592,2.0
a2,1,2,2,4,0.375,0.125,0.25,0.3478260869565217,0.0416666666666666,2.0,0.0506793918496769,2.0
a3,2,2,2,5,0.5,0.25,0.25,0.4210526315789473,0.1398809523809523,2.5,0.0817168850295999,2.0
a4,2,3,6,5,0.625,0.25,0.375,0.4705882352941176,0.2559523809523809,1.6666666666666667,0.1200441491643279,2.0
a5,2,2,4,4,0.5,0.25,0.25,0.4444444444444444,0.1071428571428571,2.0,0.0854086389135359,2.0
a6,4,2,5,5,0.75,0.5,0.25,0.6153846153846154,0.3095238095238095,2.5,0.1615271691913618,2.0
a7,3,2,8,4,0.625,0.375,0.25,0.6153846153846154,0.3869047619047618,2.0,0.2016756984300992,2.0
a8,2,1,3,2,0.375,0.25,0.125,0.4705882352941176,0.050595238095238,2.0,0.0941907440856796,2.0
