argument,predecessors,successors,predecessors_neighbors,successors_neighbors,degree_centrality,in_degree_centrality,out_degree_centrality,closeness_centrality,betweenness_centrality,average_neighbor_degree,pagerank,edge_node_ratio
a0,4,1,4,1,0.625,0.5,0.125,0.5714285714285714,0.0714285714285714,1.0,0.122862261768956,2.0
a1,0,3,0,7,0.375,0.0,0.375,0.0,0.0,2.333333333333333,0.0166666666666666,2.0
a2,2,2,2,2,0.5,0.25,0.25,0.4210526315789473,0.2767857142857142,1.0,0.1867242630800401,2.0
a3,2,1,5,2,0.375,0.25,0.125,0.4705882352941176,0.2857142857142857,2.0,0.1945143509568707,2.0
a4,2,1,3,2,0.375,0.25,0.125,0.4,0.1607142857142857,2.0,0.1005699587204828,2.0
a5,2,2,3,4,0.5,0.25,0.25,0.3636363636363636,0.1964285714285714,2.0,0.1066977091628201,2.0
a6,1,4,0,5,0.625,0.125,0.5,0.125,0.0625,1.25,0.0213888888888888,2.0
a7,1,3,2,3,0.5,0.125,0.375,0.3076923076923077,0.0803571428571428,1.0,0.0620132362182523,2.0
a8,4,1,8,1,0.625,0.5,0.125,0.6153846153846154,0.2053571428571428,1.0,0.1885626645370221,2.0
