argument,predecessors,successors,predecessors_neighbors,successors_neighbors,degree_centrality,in_degree_centrality,out_degree_centrality,closeness_centrality,betweenness_centrality,average_neighbor_degree,pagerank,edge_node_ratio
a0,4,0,6,0,0.5,0.5,0.0,0.5568181818181818,0.0,0.0,0.2352151381154583,2.0
a1,0,4,0,5,0.5,0.0,0.5,0.0,0.0,1.25,0.0491015185407394,2.0
a2,3,1,7,0,0.5,0.375,0.125,0.5,0.0386904761904761,0.0,0.1542406198915393,2.0
a3,2,2,1,4,0.5,0.25,0.25,0.3125,0.0416666666666666,2.0,0.093435278233676,2.0
a4,3,0,2,0,0.375,0.375,0.0,0.4499999999999999,0.0,0.0,0.1082162244261113,2.0
a5,2,3,3,4,0.625,0.25,0.375,0.3472222222222222,0.1279761904761904,1.3333333333333333,0.1227107685650634,2.0
a6,3,3,2,3,0.75,0.375,0.375,0.4464285714285714,0.1666666666666666,1.0,0.1082162244261113,2.0
a7,1,2,3,5,0.375,0.125,0.25,0.3125,0.1071428571428571,2.5,0.079762709260561,2.0
a8,0,3,0,3,0.375,0.0,0.375,0.0,0.0,1.0,0.0491015185407394,2.0
