argument,predecessors,successors,predecessors_neighbors,successors_neighbors,degree_centrality,in_degree_centrality,out_degree_centrality,closeness_centrality,betweenness_centrality,average_neighbor_degree,pagerank,edge_node_ratio
a0,2,1,6,2,0.375,0.25,0.125,0.5333333333333333,0.0535714285714285,2.0,0.106700017283981,2.0
a1,2,2,5,4,0.5,0.25,0.25,0.5,0.0803571428571428,2.0,0.0820475856414977,2.0
a2,1,3,2,7,0.5,0.125,0.375,0.3809523809523809,0.1964285714285714,2.333333333333333,0.0620140303841385,2.0
a3,3,2,6,5,0.625,0.375,0.25,0.5333333333333333,0.2857142857142856,2.5,0.1875793004472832,2.0
a4,1,1,1,4,0.25,0.125,0.125,0.3076923076923077,0.0,4.0,0.0342370902353353,2.0
a5,2,2,6,5,0.5,0.25,0.25,0.5333333333333333,0.3095238095238095,2.5,0.106700017283981,2.0
a6,4,4,6,7,1.0,0.5,0.5,0.6153846153846154,0.5208333333333334,1.75,0.2249875606376317,2.0
a7,2,2,6,3,0.5,0.25,0.25,0.5,0.0714285714285714,1.5,0.0993477047010299,2.0
a8,1,1,3,4,0.25,0.125,0.125,0.4,0.0,4.0,0.0963866933851214,2.0
