argument,predecessors,successors,predecessors_neighbors,successors_neighbors,degree_centrality,in_degree_centrality,out_degree_centrality,closeness_centrality,betweenness_centrality,average_neighbor_degree,pagerank,edge_node_ratio
a0,2,1,4,1,0.375,0.25,0.125,0.4705882352941176,0.0714285714285714,1.0,0.1034544184139965,2.0
a1,2,2,4,2,0.5,0.25,0.25,0.4,0.0625,1.0,0.0661064031135414,2.0
a2,2,1,3,1,0.375,0.25,0.125,0.4705882352941176,0.1339285714285714,1.0,0.1246166138036174,2.0
a3,1,2,2,4,0.375,0.125,0.25,0.3333333333333333,0.0357142857142857,2.0,0.047092545772494,2.0
a4,4,1,7,3,0.625,0.5,0.125,0.6666666666666666,0.3482142857142857,3.0,0.2017274932705065,2.0
a5,2,3,3,6,0.625,0.25,0.375,0.3636363636363636,0.1428571428571428,2.0,0.0671070781558616,2.0
a6,1,2,2,4,0.375,0.125,0.25,0.3809523809523809,0.0178571428571428,2.0,0.075359007925758,2.0
a7,2,3,3,7,0.625,0.25,0.375,0.4210526315789473,0.3482142857142857,2.333333333333333,0.1073861689872784,2.0
a8,2,3,6,6,0.625,0.25,0.375,0.5333333333333333,0.5357142857142857,2.0,0.2071502705569456,2.0
