argument,predecessors,successors,predecessors_neighbors,successors_neighbors,degree_centrality,in_degree_centrality,out_degree_centrality,closeness_centrality,betweenness_centrality,average_neighbor_degree,pagerank,edge_node_ratio
a0,2,2,3,5,0.5,0.25,0.25,0.3402777777777778,0.1726190476190476,2.5,0.0716213899190547,2.2222222222222223
a1,1,3,2,6,0.5,0.125,0.375,0.2552083333333333,0.0535714285714285,2.0,0.0649376540298067,2.2222222222222223
a2,3,1,6,2,0.5,0.375,0.125,0.4375,0.0476190476190476,2.0,0.0992707188210639,2.2222222222222223
a3,3,3,4,5,0.75,0.375,0.375,0.4375,0.0892857142857142,1.6666666666666667,0.0975868090399731,2.2222222222222223
a4,2,4,4,8,0.75,0.25,0.5,0.3828125,0.238095238095238,2.0,0.08811335225142,2.2222222222222223
a5,3,2,6,2,0.625,0.375,0.25,0.5104166666666667,0.2023809523809523,1.0,0.1635676178566446,2.2222222222222223
a6,1,3,2,9,0.5,0.125,0.375,0.3402777777777778,0.2857142857142857,3.0,0.0916417948632762,2.2222222222222223
a7,3,0,8,0,0.375,0.375,0.0,0.6153846153846154,0.0,0.0,0.1888070664771195,2.2222222222222223
a8,2,2,5,3,0.5,0.25,0.25,0.4711538461538461,0.3035714285714285,1.5,0.1344535967416407,2.2222222222222223
