argument,predecessors,successors,predecessors_neighbors,successors_neighbors,degree_centrality,in_degree_centrality,out_degree_centrality,closeness_centrality,betweenness_centrality,average_neighbor_degree,pagerank,edge_node_ratio
a0,2,3,2,5,0.625,0.25,0.375,0.3125,0.1220238095238095,1.6666666666666667,0.0770719465754684,2.0
a1,2,1,2,2,0.375,0.25,0.125,0.284090909090909,0.0059523809523809,2.0,0.0744199819668433,2.0
a2,2,2,2,3,0.5,0.25,0.25,0.284090909090909,0.0595238095238095,1.5,0.0675489356812298,2.0
a3,3,2,6,3,0.625,0.375,0.25,0.4464285714285714,0.2321428571428571,1.5,0.152872235254037,2.0
a4,3,0,5,0,0.375,0.375,0.0,0.6153846153846154,0.0,0.0,0.2372101984413157,2.0
a5,2,3,3,5,0.625,0.25,0.375,0.390625,0.2410714285714285,1.6666666666666667,0.1106823933273384,2.0
a6,0,5,0,9,0.625,0.0,0.625,0.0,0.0,1.8,0.0390697985787989,2.0
a7,2,1,4,0,0.375,0.25,0.125,0.4375,0.0357142857142857,0.0,0.1488572813621084,2.0
a8,2,1,4,1,0.375,0.25,0.125,0.375,0.0178571428571428,1.0,0.0922672288128595,2.0
