argument,predecessors,successors,predecessors_neighbors,successors_neighbors,degree_centrality,in_degree_centrality,out_degree_centrality,closeness_centrality,betweenness_centrality,average_neighbor_degree,pagerank,edge_node_ratio
a0,1,3,3,5,0.5,0.125,0.375,0.3602941176470588,0.2410714285714285,1.6666666666666667,0.0863559738583477,2.0
a1,1,3,1,6,0.5,0.125,0.375,0.2784090909090909,0.0446428571428571,2.0,0.0596840280912388,2.0
a2,3,3,5,6,0.75,0.375,0.375,0.5104166666666667,0.5267857142857143,2.0,0.180492795994997,2.0
a3,2,2,2,3,0.5,0.25,0.25,0.3402777777777778,0.0848214285714285,1.5,0.0765947618966349,2.0
a4,4,0,8,0,0.5,0.5,0.0,0.6153846153846154,0.0,0.0,0.1964120004227584,2.0
a5,1,3,3,4,0.5,0.125,0.375,0.3602941176470588,0.125,1.3333333333333333,0.0863559738583477,2.0
a6,2,2,3,1,0.5,0.25,0.25,0.4375,0.15625,0.5,0.1247900517660564,2.0
a7,2,1,3,3,0.375,0.25,0.125,0.4375,0.21875,3.0,0.1127196522149835,2.0
a8,2,1,2,2,0.375,0.25,0.125,0.3402777777777778,0.0491071428571428,2.0,0.0765947618966349,2.0
