argument,predecessors,successors,predecessors_neighbors,successors_neighbors,degree_centrality,in_degree_centrality,out_degree_centrality,closeness_centrality,betweenness_centrality,average_neighbor_degree,pagerank,edge_node_ratio
a0,1,2,2,4,0.375,0.125,0.25,0.2758620689655172,0.0595238095238095,2.0,0.038792257976036,2.0
a1,1,1,3,1,0.25,0.125,0.125,0.4210526315789473,0.0089285714285714,1.0,0.0856205556892146,2.0
a2,2,2,2,4,0.5,0.25,0.25,0.32,0.1785714285714285,2.0,0.0520596762110082,2.0
a3,3,1,5,1,0.5,0.375,0.125,0.5333333333333333,0.0267857142857142,1.0,0.1210135652335563,2.0
a4,4,1,6,3,0.625,0.5,0.125,0.6666666666666666,0.2857142857142857,3.0,0.2264875808790551,2.0
a5,3,3,6,4,0.75,0.375,0.375,0.6153846153846154,0.5416666666666666,1.3333333333333333,0.2433637640963551,2.0
a6,1,3,2,6,0.5,0.125,0.375,0.3636363636363636,0.1488095238095237,2.0,0.062458226458095,2.0
a7,1,3,2,4,0.5,0.125,0.375,0.3636363636363636,0.1309523809523809,1.3333333333333333,0.062458226458095,2.0
a8,2,2,5,6,0.5,0.25,0.25,0.5,0.4226190476190475,3.0,0.107746146998584,2.0
