argument,predecessors,successors,predecessors_neighbors,successors_neighbors,degree_centrality,in_degree_centrality,out_degree_centrality,closeness_centrality,betweenness_centrality,average_neighbor_degree,pagerank,edge_node_ratio
a0,2,3,1,3,0.625,0.25,0.375,0.3076923076923077,0.0803571428571428,1.0,0.0449968949994003,2.111111111111111
a1,0,4,0,7,0.5,0.0,0.5,0.0,0.0,1.75,0.0166666666666666,2.111111111111111
a2,3,1,5,1,0.5,0.375,0.125,0.4705882352941176,0.0178571428571428,1.0,0.1235610607720307,2.111111111111111
a3,3,2,4,3,0.625,0.375,0.25,0.5714285714285714,0.2321428571428571,1.5,0.2131846339578015,2.111111111111111
a4,3,2,5,2,0.625,0.375,0.25,0.5333333333333333,0.2946428571428571,1.0,0.1492359900834853,2.111111111111111
a5,3,1,8,2,0.5,0.375,0.125,0.5714285714285714,0.1875,2.0,0.1978660038747006,2.111111111111111
a6,3,1,6,4,0.5,0.375,0.125,0.5,0.2232142857142857,4.0,0.117628854817839,2.111111111111111
a7,1,4,3,8,0.625,0.125,0.5,0.3478260869565217,0.1875,2.0,0.1166515614947423,2.111111111111111
a8,1,1,0,2,0.25,0.125,0.125,0.125,0.0089285714285714,2.0,0.0202083333333333,2.111111111111111
