argument,predecessors,successors,predecessors_neighbors,successors_neighbors,degree_centrality,in_degree_centrality,out_degree_centrality,closeness_centrality,betweenness_centrality,average_neighbor_degree,pagerank,edge_node_ratio
a0,1,1,1,2,0.25,0.125,0.125,0.3062499999999999,0.0059523809523809,2.0,0.0554096114511145,2.0
a1,2,0,6,0,0.25,0.25,0.0,0.5333333333333333,0.0,0.0,0.1357261360739198,2.0
a2,5,2,8,2,0.875,0.625,0.25,0.6805555555555556,0.2857142857142857,1.0,0.2130402811585417,2.0
a3,2,2,6,5,0.5,0.25,0.25,0.5104166666666667,0.3392857142857142,2.5,0.1357261360739198,2.0
a4,1,3,3,6,0.5,0.125,0.375,0.3602941176470588,0.2321428571428571,2.0,0.0914984048520343,2.0
a5,1,3,1,4,0.5,0.125,0.375,0.2916666666666666,0.0595238095238095,1.3333333333333333,0.0554096114511145,2.0
a6,2,2,2,4,0.5,0.25,0.25,0.3828125,0.0238095238095238,2.0,0.0801078362982884,2.0
a7,3,2,5,5,0.625,0.375,0.25,0.5104166666666667,0.3035714285714285,2.5,0.1459128755787225,2.0
a8,1,3,2,6,0.5,0.125,0.375,0.3602941176470588,0.0892857142857142,2.0,0.0871691070623441,2.0
