argument,predecessors,successors,predecessors_neighbors,successors_neighbors,degree_centrality,in_degree_centrality,out_degree_centrality,closeness_centrality,betweenness_centrality,average_neighbor_degree,pagerank,edge_node_ratio
a0,2,2,3,4,0.5,0.25,0.25,0.4705882352941176,0.4791666666666666,2.0,0.132706881188119,2.0
a1,2,1,6,2,0.375,0.25,0.125,0.5,0.238095238095238,2.0,0.1708076364838203,2.0
a2,2,2,5,3,0.5,0.25,0.25,0.5333333333333333,0.5089285714285714,1.5,0.2481214528189504,2.0
a3,3,1,6,1,0.5,0.375,0.125,0.5714285714285714,0.0446428571428571,1.0,0.1535046432691016,2.0
a4,3,1,4,2,0.5,0.375,0.125,0.4444444444444444,0.1279761904761904,2.0,0.1014906518252085,2.0
a5,1,3,1,4,0.5,0.125,0.375,0.25,0.0238095238095238,1.3333333333333333,0.0272545857567506,2.0
a6,1,3,1,7,0.5,0.125,0.375,0.2758620689655172,0.1428571428571428,2.333333333333333,0.03736891107609,2.0
a7,3,2,3,2,0.625,0.375,0.25,0.3809523809523809,0.1041666666666666,1.0,0.0556789254089181,2.0
a8,1,3,2,6,0.5,0.125,0.375,0.3478260869565217,0.3482142857142857,2.0,0.073066312173041,2.0
