argument,predecessors,successors,predecessors_neighbors,successors_neighbors,degree_centrality,in_degree_centrality,out_degree_centrality,closeness_centrality,betweenness_centrality,average_neighbor_degree,pagerank,edge_node_ratio
a0,1,3,3,6,0.5,0.125,0.375,0.3636363636363636,0.3464285714285713,2.0,0.0898429947498186,2.0
a1,2,1,4,1,0.375,0.25,0.125,0.4705882352941176,0.0556547619047619,1.0,0.1017776688934486,2.0
a2,3,1,6,2,0.5,0.375,0.125,0.5333333333333333,0.2071428571428571,2.0,0.1588815942857779,2.0
a3,1,3,1,6,0.5,0.125,0.375,0.2962962962962963,0.1830357142857142,2.0,0.0421218754883701,2.0
a4,1,3,1,5,0.5,0.125,0.375,0.25,0.0413690476190476,1.6666666666666667,0.0286013408102967,2.0
a5,3,2,4,3,0.625,0.375,0.25,0.4705882352941176,0.1886904761904762,1.5,0.1120028667389482,2.0
a6,3,2,6,4,0.625,0.375,0.25,0.5,0.4892857142857142,2.0,0.1721790469696054,2.0
a7,2,1,3,2,0.375,0.25,0.125,0.4210526315789473,0.1428571428571428,2.0,0.1174197294420598,2.0
a8,2,2,4,3,0.5,0.25,0.25,0.5,0.2919642857142857,1.5,0.1771728826216741,2.0
