argument,predecessors,successors,predecessors_neighbors,successors_neighbors,degree_centrality,in_degree_centrality,out_degree_centrality,closeness_centrality,betweenness_centrality,average_neighbor_degree,pagerank,edge_node_ratio
a0,4,2,9,6,0.75,0.5,0.25,0.6666666666666666,0.3779761904761904,3.0,0.2596403928342267,2.111111111111111
a1,3,2,4,4,0.625,0.375,0.25,0.5,0.1071428571428571,2.0,0.0951412888992299,2.111111111111111
a2,2,4,7,7,0.75,0.25,0.5,0.5714285714285714,0.4077380952380952,1.75,0.1635818111089795,2.111111111111111
a3,1,2,2,4,0.375,0.125,0.25,0.4,0.0119047619047619,2.0,0.0514274219633656,2.111111111111111
a4,0,2,0,3,0.25,0.0,0.25,0.0,0.0,1.5,0.0166666666666666,2.111111111111111
a5,3,2,4,5,0.625,0.375,0.25,0.4444444444444444,0.1755952380952381,2.5,0.0860421702999429,2.111111111111111
a6,1,2,2,4,0.375,0.125,0.25,0.4,0.0357142857142857,2.0,0.0514274219633656,2.111111111111111
a7,1,2,4,3,0.375,0.125,0.25,0.4210526315789473,0.0148809523809523,1.5,0.1270141586194495,2.111111111111111
a8,4,1,6,2,0.625,0.5,0.125,0.6153846153846154,0.0833333333333333,2.0,0.1490586676447733,2.111111111111111
