argument,predecessors,successors,predecessors_neighbors,successors_neighbors,degree_centrality,in_degree_centrality,out_degree_centrality,closeness_centrality,betweenness_centrality,average_neighbor_degree,pagerank,edge_node_ratio
a0,2,2,5,6,0.5,0.25,0.25,0.4705882352941176,0.125,3.0,0.1005461331421349,2.4444444444444446
a1,0,2,0,8,0.25,0.0,0.25,0.0,0.0,4.0,0.0166666666666666,2.4444444444444446
a2,2,4,5,10,0.75,0.25,0.5,0.4705882352941176,0.0714285714285714,2.5,0.07406410889926,2.4444444444444446
a3,5,4,11,11,1.125,0.625,0.5,0.7272727272727273,0.375,2.75,0.2367740459000154,2.4444444444444446
a4,3,4,10,8,0.875,0.375,0.5,0.5714285714285714,0.2023809523809523,2.0,0.1433006523449382,2.4444444444444446
a5,2,1,5,2,0.375,0.25,0.125,0.4705882352941176,0.0148809523809523,2.0,0.0628566851454092,2.4444444444444446
a6,4,1,11,4,0.625,0.5,0.125,0.6153846153846154,0.0357142857142857,4.0,0.1460007843485998,2.4444444444444446
a7,1,2,3,3,0.375,0.125,0.25,0.4,0.0089285714285714,1.5,0.077247810673709,2.4444444444444446
a8,3,2,8,6,0.625,0.375,0.25,0.6153846153846154,0.2023809523809523,3.0,0.1425431128792665,2.4444444444444446
