argument,predecessors,successors,predecessors_neighbors,successors_neighbors,degree_centrality,in_degree_centrality,out_degree_centrality,closeness_centrality,betweenness_centrality,average_neighbor_degree,pagerank,edge_node_ratio
a0,1,4,3,13,0.625,0.125,0.5,0.3636363636363636,0.0178571428571428,3.25,0.0400854205120673,2.7777777777777777
a1,2,3,4,6,0.625,0.25,0.375,0.4210526315789473,0.0476190476190476,2.0,0.0595134149528064,2.7777777777777777
a2,3,1,6,3,0.5,0.375,0.125,0.6153846153846154,0.0386904761904761,3.0,0.0913039413922331,2.7777777777777777
a3,4,2,11,6,0.75,0.5,0.25,0.6666666666666666,0.1101190476190476,3.0,0.1555175889780885,2.7777777777777777
a4,4,3,13,7,0.875,0.5,0.375,0.6666666666666666,0.1845238095238094,2.333333333333333,0.178911700602299,2.7777777777777777
a5,3,4,8,13,0.875,0.375,0.5,0.5333333333333333,0.181547619047619,3.25,0.1102049974902201,2.7777777777777777
a6,3,3,10,10,0.75,0.375,0.375,0.5714285714285714,0.1666666666666666,3.333333333333333,0.1211614269527422,2.7777777777777777
a7,5,3,14,8,1.0,0.625,0.375,0.7272727272727273,0.2172619047619047,2.6666666666666665,0.2266348424528761,2.7777777777777777
a8,0,2,0,3,0.25,0.0,0.25,0.0,0.0,1.5,0.0166666666666666,2.7777777777777777
