argument,predecessors,successors,predecessors_neighbors,successors_neighbors,degree_centrality,in_degree_centrality,out_degree_centrality,closeness_centrality,betweenness_centrality,average_neighbor_degree,pagerank,edge_node_ratio
a0,1,4,2,7,0.625,0.125,0.5,0.3333333333333333,0.3125,1.75,0.0891353726777557,2.0
a1,2,2,5,2,0.5,0.25,0.25,0.5,0.3214285714285714,1.0,0.1275603303253394,2.0
a2,1,2,1,5,0.375,0.125,0.25,0.2758620689655172,0.0178571428571428,2.5,0.0356077227026437,2.0
a3,2,1,4,4,0.375,0.25,0.125,0.4444444444444444,0.3303571428571428,4.0,0.0852562983357267,2.0
a4,2,3,2,4,0.625,0.25,0.375,0.2962962962962963,0.1160714285714285,1.3333333333333333,0.050740999330249,2.0
a5,3,1,6,1,0.5,0.375,0.125,0.5714285714285714,0.0357142857142857,1.0,0.1465013863613164,2.0
a6,0,2,0,3,0.25,0.0,0.25,0.0,0.0,1.5,0.0166666666666666,2.0
a7,4,1,6,2,0.625,0.5,0.125,0.6153846153846154,0.1696428571428571,2.0,0.2214298660216906,2.0
a8,3,2,5,3,0.625,0.375,0.25,0.5333333333333333,0.3392857142857142,1.5,0.2271013575786114,2.0
