argument,predecessors,successors,predecessors_neighbors,successors_neighbors,degree_centrality,in_degree_centrality,out_degree_centrality,closeness_centrality,betweenness_centrality,average_neighbor_degree,pagerank,edge_node_ratio
a0,2,3,5,6,0.625,0.25,0.375,0.3636363636363636,0.1101190476190476,2.0,0.059221379607022,2.6666666666666665
a1,2,2,5,7,0.5,0.25,0.25,0.32,0.0133928571428571,3.5,0.0549250416185247,2.6666666666666665
a2,3,4,7,13,0.875,0.375,0.5,0.4210526315789473,0.1979166666666666,3.25,0.0904056905770246,2.6666666666666665
a3,2,3,6,11,0.625,0.25,0.375,0.4,0.0535714285714285,3.6666666666666665,0.0672258819554278,2.6666666666666665
a4,3,5,8,12,1.0,0.375,0.625,0.5333333333333333,0.4970238095238095,2.4,0.1844018257693861,2.6666666666666665
a5,3,1,8,2,0.5,0.375,0.125,0.6153846153846154,0.0223214285714285,2.0,0.1021296886479817,2.6666666666666665
a6,3,1,9,5,0.5,0.375,0.125,0.5714285714285714,0.3392857142857142,5.0,0.1523268822898443,2.6666666666666665
a7,3,2,8,4,0.625,0.375,0.25,0.5333333333333333,0.1755952380952381,2.0,0.1575920054862679,2.6666666666666665
a8,3,3,8,4,0.75,0.375,0.375,0.6153846153846154,0.0907738095238095,1.3333333333333333,0.1317716040485202,2.6666666666666665
