argument,predecessors,successors,predecessors_neighbors,successors_neighbors,degree_centrality,in_degree_centrality,out_degree_centrality,closeness_centrality,betweenness_centrality,average_neighbor_degree,pagerank,edge_node_ratio
a0,2,2,6,6,0.5,0.25,0.25,0.390625,0.0089285714285714,3.0,0.0317414730495518,2.6666666666666665
a1,1,3,5,8,0.5,0.125,0.375,0.3472222222222222,0.0148809523809523,2.6666666666666665,0.0267664804904913,2.6666666666666665
a2,1,4,2,12,0.625,0.125,0.5,0.2604166666666667,0.0178571428571428,3.0,0.0234117296896964,2.6666666666666665
a3,2,4,6,13,0.75,0.25,0.5,0.390625,0.1488095238095237,3.25,0.0317414730495518,2.6666666666666665
a4,1,2,2,7,0.375,0.125,0.25,0.284090909090909,0.0,3.5,0.0234117296896964,2.6666666666666665
a5,5,5,7,12,1.25,0.625,0.625,0.625,0.3214285714285714,2.4,0.05941066955191,2.6666666666666665
a6,3,1,13,2,0.5,0.375,0.125,0.6153846153846154,0.0148809523809523,2.0,0.208887144585596,2.6666666666666665
a7,3,1,8,2,0.5,0.375,0.125,0.5714285714285714,0.0059523809523809,2.0,0.1978560334137448,2.6666666666666665
a8,6,2,15,2,1.0,0.75,0.25,0.8,0.1101190476190476,1.0,0.3967732664797611,2.6666666666666665
