argument,predecessors,successors,predecessors_neighbors,successors_neighbors,degree_centrality,in_degree_centrality,out_degree_centrality,closeness_centrality,betweenness_centrality,average_neighbor_degree,pagerank,edge_node_ratio
a0,3,0,4,0,0.375,0.375,0.0,0.4210526315789473,0.0,0.0,0.1833897953556275,2.0
a1,1,4,2,5,0.625,0.125,0.5,0.3214285714285714,0.2410714285714285,1.25,0.1115859143446673,2.0
a2,3,1,3,0,0.5,0.375,0.125,0.4711538461538461,0.0446428571428571,0.0,0.1410755458765408,2.0
a3,2,2,5,5,0.5,0.25,0.25,0.4499999999999999,0.3571428571428571,2.5,0.1825853514794762,2.0
a4,2,1,2,1,0.375,0.25,0.125,0.3,0.0089285714285714,1.0,0.0667418200364254,2.0
a5,3,1,4,2,0.5,0.375,0.125,0.4499999999999999,0.1428571428571428,2.0,0.1324826357340502,2.0
a6,0,5,0,5,0.625,0.0,0.625,0.0,0.0,1.0,0.0339866833148592,2.0
a7,2,2,1,3,0.5,0.25,0.25,0.3214285714285714,0.0892857142857142,1.5,0.0634763148467327,2.0
a8,2,2,3,3,0.5,0.25,0.25,0.3461538461538461,0.1339285714285714,1.5,0.0846759390116204,2.0
