argument,predecessors,successors,predecessors_neighbors,successors_neighbors,degree_centrality,in_degree_centrality,out_degree_centrality,closeness_centrality,betweenness_centrality,average_neighbor_degree,pagerank,edge_node_ratio
a0,3,1,2,2,0.5,0.375,0.125,0.3828125,0.0178571428571428,2.0,0.0929392705243549,2.0
a1,5,2,8,2,0.875,0.625,0.25,0.6805555555555556,0.2142857142857142,1.0,0.2281726538096104,2.0
a2,2,2,2,3,0.5,0.25,0.25,0.3602941176470588,0.0892857142857142,1.5,0.0935982742677654,2.0
a3,0,3,0,5,0.375,0.0,0.375,0.0,0.0,1.6666666666666667,0.0355388448658931,2.0
a4,2,2,3,4,0.5,0.25,0.25,0.4375,0.1785714285714285,2.0,0.1129190311331195,2.0
a5,2,0,8,0,0.25,0.25,0.0,0.5333333333333333,0.0,0.0,0.1998238811833572,2.0
a6,3,2,6,2,0.625,0.375,0.25,0.5104166666666667,0.2142857142857142,1.0,0.1583784060003714,2.0
a7,0,4,0,7,0.5,0.0,0.5,0.0,0.0,1.75,0.0355388448658931,2.0
a8,1,2,0,4,0.375,0.125,0.25,0.125,0.0,2.0,0.0430907933496344,2.0
