argument,predecessors,successors,predecessors_neighbors,successors_neighbors,degree_centrality,in_degree_centrality,out_degree_centrality,closeness_centrality,betweenness_centrality,average_neighbor_degree,pagerank,edge_node_ratio
a0,0,4,0,8,0.5,0.0,0.5,0.0,0.0,2.0,0.0166666666666666,2.0
a1,2,1,5,1,0.375,0.25,0.125,0.4444444444444444,0.0625,1.0,0.085228328560685,2.0
a2,1,3,0,6,0.5,0.125,0.375,0.125,0.0267857142857142,2.0,0.0202083333333333,2.0
a3,4,2,6,2,0.75,0.5,0.25,0.5714285714285714,0.1964285714285714,1.0,0.1478506871510425,2.0
a4,2,3,2,5,0.625,0.25,0.375,0.3636363636363636,0.1339285714285714,1.6666666666666667,0.1129781841590902,2.0
a5,1,1,3,3,0.25,0.125,0.125,0.4,0.0892857142857142,3.0,0.1065724885877459,2.0
a6,2,1,6,1,0.375,0.25,0.125,0.4705882352941176,0.0803571428571428,1.0,0.1115134715684261,2.0
a7,3,2,5,3,0.625,0.375,0.25,0.5714285714285714,0.3214285714285714,1.5,0.211541843154758,2.0
a8,3,1,4,2,0.5,0.375,0.125,0.5333333333333333,0.2321428571428571,2.0,0.1874399968182519,2.0
