argument,predecessors,successors,predecessors_neighbors,successors_neighbors,degree_centrality,in_degree_centrality,out_degree_centrality,closeness_centrality,betweenness_centrality,average_neighbor_degree,pagerank,edge_node_ratio
a0,3,0,5,0,0.375,0.375,0.0,0.5104166666666667,0.0,0.0,0.1388004470680997,2.0
a1,1,3,1,3,0.5,0.125,0.375,0.2647058823529412,0.1041666666666666,1.0,0.0630612147915531,2.0
a2,3,0,3,0,0.375,0.375,0.0,0.4083333333333333,0.0,0.0,0.0987959759041383,2.0
a3,1,4,2,8,0.625,0.125,0.5,0.3214285714285714,0.3214285714285714,2.0,0.11272796062689,2.0
a4,1,3,1,3,0.5,0.125,0.375,0.2647058823529412,0.0148809523809523,1.0,0.0630612147915531,2.0
a5,3,2,4,1,0.625,0.375,0.25,0.4499999999999999,0.0952380952380952,0.5,0.1545502963402308,2.0
a6,3,1,5,2,0.5,0.375,0.125,0.5,0.1904761904761905,2.0,0.1388004470680997,2.0
a7,2,2,4,6,0.5,0.25,0.25,0.409090909090909,0.4107142857142857,3.0,0.1732288032186373,2.0
a8,1,3,1,3,0.5,0.125,0.375,0.2249999999999999,0.0952380952380952,1.0,0.0569736401907975,2.0
