argument,predecessors,successors,predecessors_neighbors,successors_neighbors,degree_centrality,in_degree_centrality,out_degree_centrality,closeness_centrality,betweenness_centrality,average_neighbor_degree,pagerank,edge_node_ratio
a0,0,3,0,7,0.375,0.0,0.375,0.0,0.0,2.333333333333333,0.0166666666666666,2.6666666666666665
a1,4,3,12,7,0.875,0.5,0.375,0.6666666666666666,0.1041666666666666,2.333333333333333,0.1795524091799689,2.6666666666666665
a2,3,2,8,8,0.625,0.375,0.25,0.5714285714285714,0.175595238095238,4.0,0.0989270398539319,2.6666666666666665
a3,4,2,11,6,0.75,0.5,0.25,0.6666666666666666,0.0327380952380952,3.0,0.1656811842909676,2.6666666666666665
a4,2,1,5,3,0.375,0.25,0.125,0.4705882352941176,0.0059523809523809,3.0,0.0599664995943828,2.6666666666666665
a5,4,3,14,10,0.875,0.5,0.375,0.6666666666666666,0.1904761904761904,3.333333333333333,0.2155902351826236,2.6666666666666665
a6,4,5,10,11,1.125,0.5,0.625,0.6666666666666666,0.3511904761904761,2.2,0.1568517215009136,2.6666666666666665
a7,2,2,4,7,0.5,0.25,0.25,0.4705882352941176,0.0297619047619047,3.5,0.0480539065471743,2.6666666666666665
a8,1,3,3,8,0.5,0.125,0.375,0.4,0.0386904761904761,2.6666666666666665,0.0587103371833702,2.6666666666666665
