argument,predecessors,successors,predecessors_neighbors,successors_neighbors,degree_centrality,in_degree_centrality,out_degree_centrality,closeness_centrality,betweenness_centrality,average_neighbor_degree,pagerank,edge_node_ratio
a0,1,3,2,3,0.5,0.125,0.375,0.3602941176470588,0.0297619047619047,1.0,0.0785019013102104,2.0
a1,1,3,0,4,0.5,0.125,0.375,0.125,0.0267857142857142,1.3333333333333333,0.0432496400248361,2.0
a2,4,1,4,2,0.625,0.5,0.125,0.5568181818181818,0.0208333333333333,2.0,0.1225470198694223,2.0
a3,4,2,8,3,0.75,0.5,0.25,0.5568181818181818,0.2321428571428571,1.5,0.2495064578263335,2.0
a4,0,3,0,6,0.375,0.0,0.375,0.0,0.0,2.0,0.0337010004626073,2.0
a5,2,1,3,2,0.375,0.25,0.125,0.4375,0.0119047619047619,2.0,0.0907560146622965,2.0
a6,1,2,0,3,0.375,0.125,0.25,0.125,0.0535714285714285,1.5,0.0432496400248361,2.0
a7,2,3,5,5,0.625,0.25,0.375,0.5104166666666667,0.25,1.6666666666666667,0.1581229800872801,2.0
a8,3,0,6,0,0.375,0.375,0.0,0.6153846153846154,0.0,0.0,0.1803653457321771,2.0
