argument,predecessors,successors,predecessors_neighbors,successors_neighbors,degree_centrality,in_degree_centrality,out_degree_centrality,closeness_centrality,betweenness_centrality,average_neighbor_degree,pagerank,edge_node_ratio
a0,1,2,0,5,0.375,0.125,0.25,0.125,0.0238095238095238,2.5,0.02375,2.0
a1,0,2,0,5,0.25,0.0,0.25,0.0,0.0,2.5,0.0166666666666666,2.0
a2,1,2,3,3,0.375,0.125,0.25,0.3809523809523809,0.0446428571428571,1.5,0.0470837155725065,2.0
a3,4,2,8,4,0.75,0.5,0.25,0.6666666666666666,0.181547619047619,2.0,0.1638509562694121,2.0
a4,2,2,7,5,0.5,0.25,0.25,0.5333333333333333,0.1875,2.5,0.1729669026250201,2.0
a5,2,1,3,2,0.375,0.25,0.125,0.4705882352941176,0.0178571428571428,2.0,0.1045982931070305,2.0
a6,3,3,3,6,0.75,0.375,0.375,0.5,0.244047619047619,2.0,0.1073552264809356,2.0
a7,2,2,6,3,0.5,0.25,0.25,0.5,0.0892857142857142,1.5,0.1598153647596904,2.0
a8,3,2,7,4,0.625,0.375,0.25,0.6153846153846154,0.175595238095238,2.0,0.2039128745187375,2.0
