argument,predecessors,successors,predecessors_neighbors,successors_neighbors,degree_centrality,in_degree_centrality,out_degree_centrality,closeness_centrality,betweenness_centrality,average_neighbor_degree,pagerank,edge_node_ratio
a0,2,1,3,1,0.375,0.25,0.125,0.4210526315789473,0.0059523809523809,1.0,0.0962651397813053,2.0
a1,1,3,4,6,0.5,0.125,0.375,0.4210526315789473,0.3303571428571428,2.0,0.1854192141457116,2.0
a2,4,1,8,3,0.625,0.5,0.125,0.6153846153846154,0.3303571428571428,3.0,0.1985324018701526,2.0
a3,2,2,3,2,0.5,0.25,0.25,0.4705882352941176,0.1845238095238095,1.0,0.0989701773723086,2.0
a4,2,1,4,3,0.375,0.25,0.125,0.4444444444444444,0.2053571428571428,3.0,0.089645780728991,2.0
a5,2,2,3,2,0.5,0.25,0.25,0.3809523809523809,0.125,1.0,0.0727460200696,2.0
a6,1,3,2,7,0.5,0.125,0.375,0.3333333333333333,0.2053571428571428,2.333333333333333,0.0928653243778465,2.0
a7,2,2,3,4,0.5,0.25,0.25,0.4210526315789473,0.1607142857142857,2.0,0.0700409824785967,2.0
a8,2,3,2,4,0.625,0.25,0.375,0.4210526315789473,0.1845238095238095,1.3333333333333333,0.0955149591754871,2.0
