argument,predecessors,successors,predecessors_neighbors,successors_neighbors,degree_centrality,in_degree_centrality,out_degree_centrality,closeness_centrality,betweenness_centrality,average_neighbor_degree,pagerank,edge_node_ratio
a0,1,2,1,2,0.375,0.125,0.25,0.25,0.0178571428571428,1.0,0.0602688778679574,2.0
a1,2,2,2,4,0.5,0.25,0.25,0.28125,0.1339285714285714,2.0,0.0858827410940955,2.0
a2,1,3,2,6,0.5,0.125,0.375,0.3,0.1607142857142857,2.0,0.0701390270591682,2.0
a3,2,3,3,5,0.625,0.25,0.375,0.409090909090909,0.3482142857142857,1.6666666666666667,0.1049728139049355,2.0
a4,1,2,1,5,0.375,0.125,0.25,0.25,0.1607142857142857,2.5,0.0660616326778722,2.0
a5,3,2,4,4,0.625,0.375,0.25,0.4499999999999999,0.2053571428571428,2.0,0.1180876017025931,2.0
a6,1,3,3,3,0.5,0.125,0.375,0.3214285714285714,0.1696428571428571,1.0,0.0905831269420411,2.0
a7,3,1,6,0,0.5,0.375,0.125,0.5568181818181818,0.0178571428571428,0.0,0.1527484026790967,2.0
a8,4,0,7,0,0.5,0.5,0.0,0.6666666666666666,0.0,0.0,0.2512557760722397,2.0
