argument,predecessors,successors,predecessors_neighbors,successors_neighbors,degree_centrality,in_degree_centrality,out_degree_centrality,closeness_centrality,betweenness_centrality,average_neighbor_degree,pagerank,edge_node_ratio
a0,3,0,5,0,0.375,0.375,0.0,0.4210526315789473,0.0,0.0,0.0757806423425074,2.0
a1,1,2,2,4,0.375,0.125,0.25,0.266304347826087,0.0446428571428571,2.0,0.0371047421369953,2.0
a2,2,3,2,5,0.625,0.25,0.375,0.3402777777777778,0.0982142857142857,1.6666666666666667,0.060989050165212,2.0
a3,2,4,3,6,0.75,0.25,0.5,0.3402777777777778,0.2321428571428571,1.5,0.0624995878283239,2.0
a4,1,3,2,7,0.5,0.125,0.375,0.3223684210526316,0.2946428571428571,2.333333333333333,0.0755138901233783,2.0
a5,2,2,4,4,0.5,0.25,0.25,0.4375,0.3303571428571428,2.0,0.121622426814813,2.0
a6,3,1,6,1,0.5,0.375,0.125,0.5568181818181818,0.0714285714285714,1.0,0.1773116873432959,2.0
a7,2,2,4,3,0.5,0.25,0.25,0.4711538461538461,0.2589285714285714,1.5,0.1988680079444531,2.0
a8,2,1,4,2,0.375,0.25,0.125,0.4711538461538461,0.1696428571428571,2.0,0.1903099653010207,2.0
