argument,predecessors,successors,predecessors_neighbors,successors_neighbors,degree_centrality,in_degree_centrality,out_degree_centrality,closeness_centrality,betweenness_centrality,average_neighbor_degree,pagerank,edge_node_ratio
a0,3,1,6,3,0.5,0.375,0.125,0.5568181818181818,0.3035714285714285,3.0,0.1907705080014138,2.0
a1,1,3,3,4,0.5,0.125,0.375,0.3828125,0.3214285714285714,1.3333333333333333,0.1949906864825929,2.0
a2,2,3,2,4,0.625,0.25,0.375,0.4083333333333333,0.4017857142857142,1.3333333333333333,0.1081541966195569,2.0
a3,1,2,1,3,0.375,0.125,0.25,0.2268518518518518,0.0535714285714285,1.5,0.0472326917049411,2.0
a4,5,0,6,0,0.625,0.625,0.0,0.6153846153846154,0.0,0.0,0.1711822981211785,2.0
a5,1,3,1,4,0.5,0.125,0.375,0.266304347826087,0.2321428571428571,1.3333333333333333,0.0508194541493263,2.0
a6,1,3,2,4,0.5,0.125,0.375,0.3223684210526316,0.3214285714285714,1.3333333333333333,0.0634777558470713,2.0
a7,1,2,1,2,0.375,0.125,0.25,0.245,0.0535714285714285,1.0,0.0472326917049411,2.0
a8,3,1,3,1,0.5,0.375,0.125,0.5104166666666667,0.0446428571428571,1.0,0.1261397173689774,2.0
