argument,predecessors,successors,predecessors_neighbors,successors_neighbors,degree_centrality,in_degree_centrality,out_degree_centrality,closeness_centrality,betweenness_centrality,average_neighbor_degree,pagerank,edge_node_ratio
a0,5,1,7,1,0.75,0.625,0.125,0.6666666666666666,0.2321428571428571,1.0,0.1725536568697843,2.0
a1,2,2,3,5,0.5,0.25,0.25,0.4444444444444444,0.0982142857142857,2.5,0.0902050164993917,2.0
a2,1,2,2,3,0.375,0.125,0.25,0.3333333333333333,0.0178571428571428,1.5,0.0403389552725521,2.0
a3,1,2,2,2,0.375,0.125,0.25,0.3478260869565217,0.0357142857142857,1.0,0.0730608661728724,2.0
a4,2,1,6,3,0.375,0.25,0.125,0.5333333333333333,0.375,3.0,0.1943883855148864,2.0
a5,2,1,4,1,0.375,0.25,0.125,0.4,0.0178571428571428,1.0,0.0786762199005786,2.0
a6,2,3,3,8,0.625,0.25,0.375,0.4705882352941176,0.5535714285714285,2.6666666666666665,0.1990398136964829,2.0
a7,1,2,2,4,0.375,0.125,0.25,0.3333333333333333,0.0714285714285714,2.0,0.0403389552725521,2.0
a8,2,4,4,6,0.75,0.25,0.5,0.4444444444444444,0.3660714285714285,1.5,0.1113981308008989,2.0
