argument,predecessors,successors,predecessors_neighbors,successors_neighbors,degree_centrality,in_degree_centrality,out_degree_centrality,closeness_centrality,betweenness_centrality,average_neighbor_degree,pagerank,edge_node_ratio
a0,2,2,5,4,0.5,0.25,0.25,0.5333333333333333,0.5178571428571428,2.0,0.2152908342873619,2.0
a1,1,3,1,7,0.5,0.125,0.375,0.2758620689655172,0.2678571428571428,2.333333333333333,0.043287077510728,2.0
a2,2,2,2,3,0.5,0.25,0.25,0.2857142857142857,0.1369047619047619,1.5,0.0371286944783187,2.0
a3,3,1,8,2,0.5,0.375,0.125,0.6153846153846154,0.2857142857142857,2.0,0.2151109955578233,2.0
a4,4,2,5,2,0.75,0.5,0.25,0.6153846153846154,0.1279761904761904,1.0,0.1745992322672863,2.0
a5,1,3,1,5,0.5,0.125,0.375,0.25,0.0119047619047619,1.6666666666666667,0.0289313985277618,2.0
a6,3,1,7,1,0.5,0.375,0.125,0.5333333333333333,0.0267857142857142,1.0,0.1148478962484186,2.0
a7,1,2,2,4,0.375,0.125,0.25,0.4,0.3928571428571428,2.0,0.1081665652946008,2.0
a8,1,2,1,4,0.375,0.125,0.25,0.32,0.3392857142857142,2.0,0.0626373058277001,2.0
