argument,predecessors,successors,predecessors_neighbors,successors_neighbors,degree_centrality,in_degree_centrality,out_degree_centrality,closeness_centrality,betweenness_centrality,average_neighbor_degree,pagerank,edge_node_ratio
a0,3,1,3,1,0.5,0.375,0.125,0.5333333333333333,0.0267857142857142,1.0,0.0966637692731606,2.2222222222222223
a1,1,3,3,5,0.5,0.125,0.375,0.4,0.2857142857142857,1.6666666666666667,0.1221754482520575,2.2222222222222223
a2,1,3,1,3,0.5,0.125,0.375,0.32,0.0714285714285714,1.0,0.0512830953557972,2.2222222222222223
a3,4,1,6,5,0.625,0.5,0.125,0.5333333333333333,0.1428571428571428,5.0,0.1587410594583092,2.2222222222222223
a4,2,1,3,1,0.375,0.25,0.125,0.4705882352941176,0.0446428571428571,1.0,0.0730360201164646,2.2222222222222223
a5,3,1,4,3,0.5,0.375,0.125,0.5333333333333333,0.3035714285714285,3.0,0.1241267977254662,2.2222222222222223
a6,0,4,0,4,0.5,0.0,0.5,0.0,0.0,1.0,0.0166666666666666,2.2222222222222223
a7,2,5,8,5,0.875,0.25,0.625,0.4705882352941176,0.3482142857142857,1.0,0.2461130276798158,2.2222222222222223
a8,4,1,4,5,0.625,0.5,0.125,0.5714285714285714,0.0982142857142857,5.0,0.1111941154722618,2.2222222222222223
