argument,predecessors,successors,predecessors_neighbors,successors_neighbors,degree_centrality,in_degree_centrality,out_degree_centrality,closeness_centrality,betweenness_centrality,average_neighbor_degree,pagerank,edge_node_ratio
a0,0,2,0,5,0.25,0.0,0.25,0.0,0.0,2.5,0.0166666666666666,2.0
a1,3,3,2,4,0.75,0.375,0.375,0.4444444444444444,0.2142857142857142,1.3333333333333333,0.1244086212041387,2.0
a2,0,4,0,7,0.5,0.0,0.5,0.0,0.0,1.75,0.0166666666666666,2.0
a3,1,2,3,2,0.375,0.125,0.25,0.3478260869565217,0.0,1.0,0.0519161701458067,2.0
a4,2,2,5,5,0.5,0.25,0.25,0.5333333333333333,0.375,2.5,0.2285090259465556,2.0
a5,3,1,6,1,0.5,0.375,0.125,0.5714285714285714,0.0892857142857142,1.0,0.1335412904158411,2.0
a6,2,2,2,2,0.5,0.25,0.25,0.4210526315789473,0.1160714285714285,1.0,0.1173252878708054,2.0
a7,5,1,9,2,0.75,0.625,0.125,0.7272727272727273,0.3571428571428571,2.0,0.2408940991981419,2.0
a8,2,1,2,1,0.375,0.25,0.125,0.3636363636363636,0.0267857142857142,1.0,0.0700721718853768,2.0
