argument,predecessors,successors,predecessors_neighbors,successors_neighbors,degree_centrality,in_degree_centrality,out_degree_centrality,closeness_centrality,betweenness_centrality,average_neighbor_degree,pagerank,edge_node_ratio
a0,2,3,3,5,0.625,0.25,0.375,0.32,0.2261904761904761,1.6666666666666667,0.0828370130083175,2.0
a1,2,1,2,3,0.375,0.25,0.125,0.3636363636363636,0.0773809523809523,3.0,0.0617963370922071,2.0
a2,1,3,1,5,0.5,0.125,0.375,0.3076923076923077,0.0773809523809523,1.6666666666666667,0.0481530064979764,2.0
a3,1,3,2,5,0.5,0.125,0.375,0.3809523809523809,0.3392857142857142,1.6666666666666667,0.1111294650742006,2.0
a4,4,1,6,2,0.625,0.5,0.125,0.5714285714285714,0.2023809523809523,2.0,0.1603708544888005,2.0
a5,2,2,6,5,0.5,0.25,0.25,0.5333333333333333,0.5238095238095237,2.5,0.2222638936763258,2.0
a6,2,2,4,3,0.5,0.25,0.25,0.5,0.125,1.5,0.1346001698602154,2.0
a7,2,1,4,2,0.375,0.25,0.125,0.4444444444444444,0.1785714285714285,2.0,0.081507442885863,2.0
a8,2,2,4,2,0.5,0.25,0.25,0.4705882352941176,0.0714285714285714,1.0,0.0973418174160932,2.0
