argument,predecessors,successors,predecessors_neighbors,successors_neighbors,degree_centrality,in_degree_centrality,out_degree_centrality,closeness_centrality,betweenness_centrality,average_neighbor_degree,pagerank,edge_node_ratio
a0,1,4,3,9,0.625,0.125,0.5,0.3478260869565217,0.2827380952380952,2.25,0.1449180570832867,2.0
a1,2,3,3,4,0.625,0.25,0.375,0.4705882352941176,0.2648809523809523,1.3333333333333333,0.111843017174843,2.0
a2,1,1,2,1,0.25,0.125,0.125,0.3636363636363636,0.0833333333333333,1.0,0.0810475332212907,2.0
a3,2,2,3,3,0.5,0.25,0.25,0.4210526315789473,0.1011904761904761,1.5,0.0791506774919158,2.0
a4,3,1,5,4,0.5,0.375,0.125,0.4705882352941176,0.2827380952380952,4.0,0.1508838946561368,2.0
a5,3,1,6,2,0.5,0.375,0.125,0.5,0.1071428571428571,2.0,0.1176428989196124,2.0
a6,2,2,3,3,0.5,0.25,0.25,0.4,0.1101190476190475,1.5,0.0811008921582794,2.0
a7,2,2,3,3,0.5,0.25,0.25,0.3809523809523809,0.1785714285714285,1.5,0.0819299015776177,2.0
a8,2,2,5,4,0.5,0.25,0.25,0.4444444444444444,0.3928571428571428,2.0,0.151483127717017,2.0
