argument,predecessors,successors,predecessors_neighbors,successors_neighbors,degree_centrality,in_degree_centrality,out_degree_centrality,closeness_centrality,betweenness_centrality,average_neighbor_degree,pagerank,edge_node_ratio
a0,1,3,3,5,0.5,0.125,0.375,0.3602941176470588,0.1428571428571428,1.6666666666666667,0.1016180346033537,2.0
a1,4,2,6,2,0.75,0.5,0.25,0.6124999999999999,0.1875,1.0,0.1955004604281029,2.0
a2,0,2,0,4,0.25,0.0,0.25,0.0,0.0,2.0,0.0390964075189224,2.0
a3,3,2,4,3,0.625,0.375,0.25,0.5104166666666667,0.2053571428571428,1.5,0.1471090746163506,2.0
a4,4,0,10,0,0.5,0.5,0.0,0.6666666666666666,0.0,0.0,0.237491054581784,2.0
a5,0,4,0,6,0.5,0.0,0.5,0.0,0.0,1.5,0.0390964075189224,2.0
a6,1,2,0,3,0.375,0.125,0.25,0.125,0.0357142857142857,1.5,0.0474042998545564,2.0
a7,3,2,2,2,0.625,0.375,0.25,0.4375,0.0803571428571428,1.0,0.1046500227746374,2.0
a8,2,1,2,2,0.375,0.25,0.125,0.3828125,0.0267857142857142,2.0,0.0880342381033695,2.0
