argument,predecessors,successors,predecessors_neighbors,successors_neighbors,degree_centrality,in_degree_centrality,out_degree_centrality,closeness_centrality,betweenness_centrality,average_neighbor_degree,pagerank,edge_node_ratio
a0,3,2,9,4,0.625,0.375,0.25,0.5714285714285714,0.4196428571428571,2.0,0.1670731480159582,2.0
a1,2,2,3,4,0.5,0.25,0.25,0.4,0.0267857142857142,2.0,0.0686819063623977,2.0
a2,1,3,3,5,0.5,0.125,0.375,0.4,0.1517857142857142,1.6666666666666667,0.0876717095351205,2.0
a3,2,1,5,1,0.375,0.25,0.125,0.5,0.0625,1.0,0.1154305235116967,2.0
a4,1,1,3,3,0.25,0.125,0.125,0.4,0.1071428571428571,3.0,0.0876717095351205,2.0
a5,2,3,1,6,0.625,0.25,0.375,0.3478260869565217,0.1517857142857142,2.0,0.0959097562849968,2.0
a6,5,2,7,3,0.875,0.625,0.25,0.7272727272727273,0.3660714285714285,1.5,0.2212730062268154,2.0
a7,0,3,0,6,0.375,0.0,0.375,0.0,0.0,2.0,0.0166666666666666,2.0
a8,2,1,3,2,0.375,0.25,0.125,0.4444444444444444,0.1071428571428571,2.0,0.1396215738612271,2.0
