argument,predecessors,successors,predecessors_neighbors,successors_neighbors,degree_centrality,in_degree_centrality,out_degree_centrality,closeness_centrality,betweenness_centrality,average_neighbor_degree,pagerank,edge_node_ratio
a0,0,4,0,8,0.5,0.0,0.5,0.0,0.0,2.0,0.0166666666666666,2.2222222222222223
a1,3,2,3,5,0.625,0.375,0.25,0.3809523809523809,0.125,2.5,0.0608234928709312,2.2222222222222223
a2,2,2,3,3,0.5,0.25,0.25,0.3333333333333333,0.0625,1.5,0.0460585150874231,2.2222222222222223
a3,0,3,0,5,0.375,0.0,0.375,0.0,0.0,1.6666666666666667,0.0166666666666666,2.2222222222222223
a4,4,1,8,2,0.625,0.5,0.125,0.6153846153846154,0.0357142857142857,2.0,0.2191020022907148,2.2222222222222223
a5,3,2,7,3,0.625,0.375,0.25,0.6153846153846154,0.1428571428571428,1.5,0.2435193164701725,2.2222222222222223
a6,3,2,8,2,0.625,0.375,0.25,0.6153846153846154,0.2678571428571428,1.0,0.1756295664571134,2.2222222222222223
a7,2,1,3,3,0.375,0.25,0.125,0.4705882352941176,0.1964285714285714,3.0,0.0948514842600881,2.2222222222222223
a8,3,3,5,6,0.75,0.375,0.375,0.4705882352941176,0.2767857142857142,2.0,0.1266822892302233,2.2222222222222223
