argument,predecessors,successors,predecessors_neighbors,successors_neighbors,degree_centrality,in_degree_centrality,out_degree_centrality,closeness_centrality,betweenness_centrality,average_neighbor_degree,pagerank,edge_node_ratio
a0,1,3,2,8,0.5,0.125,0.375,0.25,0.1875,2.6666666666666665,0.082548015877861,2.0
a1,1,4,1,6,0.625,0.125,0.5,0.2,0.0669642857142857,1.5,0.0645892735460124,2.0
a2,2,2,2,3,0.5,0.25,0.25,0.284090909090909,0.0625,1.5,0.0783145473623848,2.0
a3,2,2,3,1,0.5,0.25,0.25,0.28125,0.0178571428571428,0.5,0.0882100675069491,2.0
a4,3,1,5,0,0.5,0.375,0.125,0.5104166666666667,0.0223214285714285,0.0,0.1470564770762812,2.0
a5,4,0,8,0,0.5,0.5,0.0,0.6153846153846154,0.0,0.0,0.2597746929169666,2.0
a6,1,2,2,3,0.375,0.125,0.25,0.25,0.0625,1.5,0.082548015877861,2.0
a7,2,2,2,2,0.5,0.25,0.25,0.2857142857142857,0.1339285714285714,1.0,0.0996717389533901,2.0
a8,2,2,3,5,0.5,0.25,0.25,0.3333333333333333,0.25,2.5,0.0972871708822936,2.0
