argument,predecessors,successors,predecessors_neighbors,successors_neighbors,degree_centrality,in_degree_centrality,out_degree_centrality,closeness_centrality,betweenness_centrality,average_neighbor_degree,pagerank,edge_node_ratio
a0,2,1,7,2,0.375,0.25,0.125,0.5333333333333333,0.2797619047619047,2.0,0.222093523368147,2.0
a1,1,3,1,6,0.5,0.125,0.375,0.2962962962962963,0.2738095238095238,2.0,0.0371612376088378,2.0
a2,2,2,3,3,0.5,0.25,0.25,0.4705882352941176,0.4017857142857142,1.5,0.217003281198033,2.0
a3,1,2,1,3,0.375,0.125,0.25,0.25,0.0148809523809523,1.5,0.0271955179403557,2.0
a4,3,2,4,4,0.625,0.375,0.25,0.5333333333333333,0.4970238095238095,2.0,0.1309796911874163,2.0
a5,5,1,9,1,0.75,0.625,0.125,0.7272727272727273,0.1160714285714285,1.0,0.2173180719260616,2.0
a6,1,2,1,4,0.375,0.125,0.25,0.2580645161290322,0.0476190476190476,2.0,0.0271955179403557,2.0
a7,2,2,2,2,0.5,0.25,0.25,0.3809523809523809,0.0476190476190476,1.0,0.048719386677867,2.0
a8,1,3,3,6,0.5,0.125,0.375,0.3809523809523809,0.4285714285714285,2.0,0.0723337721529254,2.0
