argument,predecessors,successors,predecessors_neighbors,successors_neighbors,degree_centrality,in_degree_centrality,out_degree_centrality,closeness_centrality,betweenness_centrality,average_neighbor_degree,pagerank,edge_node_ratio
a0,2,2,3,4,0.5,0.25,0.25,0.4375,0.1428571428571428,2.0,0.0970642481335111,2.0
a1,2,3,4,3,0.625,0.25,0.375,0.4375,0.1607142857142857,1.0,0.1070959043780769,2.0
a2,0,3,0,6,0.375,0.0,0.375,0.0,0.0,2.0,0.0311436046406321,2.0
a3,3,0,7,0,0.375,0.375,0.0,0.6153846153846154,0.0,0.0,0.153284202518529,2.0
a4,2,1,3,3,0.375,0.25,0.125,0.4375,0.0892857142857142,3.0,0.0970642481335111,2.0
a5,2,3,2,6,0.625,0.25,0.375,0.3402777777777778,0.1607142857142857,2.0,0.1224720639173237,2.0
a6,3,3,6,3,0.75,0.375,0.375,0.5568181818181818,0.3392857142857142,1.0,0.2015163474482387,2.0
a7,3,1,5,3,0.5,0.375,0.125,0.5104166666666667,0.0892857142857142,3.0,0.1288719168065619,2.0
a8,1,2,2,4,0.375,0.125,0.25,0.3402777777777778,0.0357142857142857,2.0,0.0614874640236147,2.0
