argument,predecessors,successors,predecessors_neighbors,successors_neighbors,degree_centrality,in_degree_centrality,out_degree_centrality,closeness_centrality,betweenness_centrality,average_neighbor_degree,pagerank,edge_node_ratio
a0,5,0,6,0,0.625,0.625,0.0,0.6124999999999999,0.0,0.0,0.2137572111720307,2.0
a1,2,4,2,6,0.75,0.25,0.5,0.3125,0.2142857142857142,1.5,0.1057463687769941,2.0
a2,1,3,1,4,0.5,0.125,0.375,0.2604166666666667,0.0178571428571428,1.3333333333333333,0.0823996463030286,2.0
a3,1,3,2,2,0.5,0.125,0.375,0.2604166666666667,0.0089285714285714,0.6666666666666666,0.0754764666523564,2.0
a4,1,3,3,7,0.5,0.125,0.375,0.3125,0.25,2.333333333333333,0.1037455982215716,2.0
a5,4,0,5,0,0.5,0.5,0.0,0.5625,0.0,0.0,0.1710043921377489,2.0
a6,0,2,0,2,0.25,0.0,0.25,0.0,0.0,1.0,0.0530053119893445,2.0
a7,3,2,3,3,0.625,0.375,0.25,0.4464285714285714,0.2410714285714285,1.5,0.1193885380945682,2.0
a8,1,1,2,0,0.25,0.125,0.125,0.28125,0.0,0.0,0.0754764666523564,2.0
