argument,predecessors,successors,predecessors_neighbors,successors_neighbors,degree_centrality,in_degree_centrality,out_degree_centrality,closeness_centrality,betweenness_centrality,average_neighbor_degree,pagerank,edge_node_ratio
a0,4,0,9,0,0.5,0.5,0.0,0.6666666666666666,0.0,0.0,0.2706728852580344,2.0
a1,4,1,7,0,0.625,0.5,0.125,0.6124999999999999,0.0267857142857142,0.0,0.1689352184292204,2.0
a2,0,3,0,4,0.375,0.0,0.375,0.0,0.0,1.3333333333333333,0.042230442621049,2.0
a3,2,2,2,4,0.5,0.25,0.25,0.375,0.0446428571428571,2.0,0.0822519147050355,2.0
a4,2,2,2,4,0.5,0.25,0.25,0.375,0.0446428571428571,2.0,0.0822519147050355,2.0
a5,0,3,0,5,0.375,0.0,0.375,0.0,0.0,1.6666666666666667,0.042230442621049,2.0
a6,2,3,3,4,0.625,0.25,0.375,0.409090909090909,0.1517857142857142,1.3333333333333333,0.0990215805376906,2.0
a7,3,3,5,4,0.75,0.375,0.375,0.5,0.1964285714285714,1.3333333333333333,0.1582099606015118,2.0
a8,1,1,0,3,0.25,0.125,0.125,0.125,0.0178571428571428,3.0,0.0541956405213733,2.0
