argument,predecessors,successors,predecessors_neighbors,successors_neighbors,degree_centrality,in_degree_centrality,out_degree_centrality,closeness_centrality,betweenness_centrality,average_neighbor_degree,pagerank,edge_node_ratio
a0,2,1,6,1,0.375,0.25,0.125,0.5,0.125,1.0,0.1738592957389542,2.2222222222222223
a1,4,1,8,1,0.625,0.5,0.125,0.6153846153846154,0.1294642857142857,1.0,0.1751713888414322,2.2222222222222223
a2,2,3,2,7,0.625,0.25,0.375,0.28125,0.1026785714285714,2.333333333333333,0.0292856147451243,2.2222222222222223
a3,2,3,3,5,0.625,0.25,0.375,0.28125,0.0595238095238095,1.6666666666666667,0.0320374638060525,2.2222222222222223
a4,1,3,2,7,0.5,0.125,0.375,0.2249999999999999,0.0446428571428571,2.333333333333333,0.024964257511176,2.2222222222222223
a5,2,3,4,3,0.625,0.25,0.375,0.4444444444444444,0.1354166666666666,1.0,0.2193618756459335,2.2222222222222223
a6,4,1,5,1,0.625,0.5,0.125,0.5333333333333333,0.0104166666666666,1.0,0.0985110360688214,2.2222222222222223
a7,3,1,4,3,0.5,0.375,0.125,0.5333333333333333,0.125,3.0,0.2301424009758388,2.2222222222222223
a8,0,4,0,6,0.5,0.0,0.5,0.0,0.0,1.5,0.0166666666666666,2.2222222222222223
