argument,predecessors,successors,predecessors_neighbors,successors_neighbors,degree_centrality,in_degree_centrality,out_degree_centrality,closeness_centrality,betweenness_centrality,average_neighbor_degree,pagerank,edge_node_ratio
a0,3,2,6,3,0.625,0.375,0.25,0.5714285714285714,0.5535714285714285,1.5,0.2228222762201998,2.0
a1,3,1,6,1,0.5,0.375,0.125,0.5714285714285714,0.0714285714285714,1.0,0.1651686779994314,2.0
a2,1,3,1,4,0.5,0.125,0.375,0.2758620689655172,0.050595238095238,1.3333333333333333,0.0302661964176975,2.0
a3,3,1,5,2,0.5,0.375,0.125,0.5333333333333333,0.1488095238095238,2.0,0.1792349349344466,2.0
a4,1,4,1,7,0.625,0.125,0.5,0.3333333333333333,0.2886904761904761,1.75,0.0639967595303035,2.0
a5,1,2,3,5,0.375,0.125,0.25,0.4210526315789473,0.5,2.5,0.1113649324984485,2.0
a6,1,2,1,3,0.375,0.125,0.25,0.2857142857142857,0.0089285714285714,1.5,0.0302661964176975,2.0
a7,3,1,3,2,0.5,0.375,0.125,0.4444444444444444,0.113095238095238,2.0,0.0904593129166779,2.0
a8,2,2,4,3,0.5,0.25,0.25,0.3636363636363636,0.2470238095238094,1.5,0.1064207130650967,2.0
