argument,predecessors,successors,predecessors_neighbors,successors_neighbors,degree_centrality,in_degree_centrality,out_degree_centrality,closeness_centrality,betweenness_centrality,average_neighbor_degree,pagerank,edge_node_ratio
a0,1,3,3,6,0.5,0.125,0.375,0.3809523809523809,0.3303571428571428,2.0,0.1504875253210598,2.0
a1,2,3,2,4,0.625,0.25,0.375,0.4444444444444444,0.2470238095238095,1.3333333333333333,0.0931554304730929,2.0
a2,2,2,2,3,0.5,0.25,0.25,0.4444444444444444,0.1488095238095238,1.5,0.0931554304730929,2.0
a3,3,1,6,3,0.5,0.375,0.125,0.4444444444444444,0.2053571428571428,3.0,0.1209470274122115,2.0
a4,2,2,3,3,0.5,0.25,0.25,0.4,0.113095238095238,1.5,0.090107681170651,2.0
a5,1,3,3,7,0.5,0.125,0.375,0.3333333333333333,0.2053571428571428,2.333333333333333,0.1194728254409663,2.0
a6,2,2,4,2,0.5,0.25,0.25,0.4444444444444444,0.1607142857142857,1.0,0.081356367123132,2.0
a7,2,1,3,1,0.375,0.25,0.125,0.4444444444444444,0.0089285714285714,1.0,0.0938818559805434,2.0
a8,3,1,6,3,0.5,0.375,0.125,0.5333333333333333,0.3303571428571428,3.0,0.1574358566052497,2.0
