argument,predecessors,successors,predecessors_neighbors,successors_neighbors,degree_centrality,in_degree_centrality,out_degree_centrality,closeness_centrality,betweenness_centrality,average_neighbor_degree,pagerank,edge_node_ratio
a0,2,3,2,6,0.625,0.25,0.375,0.32,0.2589285714285714,2.0,0.0571471039892697,2.2222222222222223
a1,1,2,1,6,0.375,0.125,0.25,0.3333333333333333,0.3928571428571428,3.0,0.0655617778623434,2.2222222222222223
a2,1,3,4,4,0.5,0.125,0.375,0.4210526315789473,0.4821428571428571,1.3333333333333333,0.1725690771066632,2.2222222222222223
a3,5,1,9,2,0.75,0.625,0.125,0.7272727272727273,0.0625,2.0,0.1963009682049466,2.2222222222222223
a4,2,2,3,2,0.5,0.25,0.25,0.3333333333333333,0.1160714285714285,1.0,0.0421682737448392,2.2222222222222223
a5,1,3,2,5,0.5,0.125,0.375,0.2857142857142857,0.0089285714285714,1.6666666666666667,0.0328584146102782,2.2222222222222223
a6,3,2,7,2,0.625,0.375,0.25,0.5714285714285714,0.1785714285714285,1.0,0.2054479193656154,2.2222222222222223
a7,4,1,7,3,0.625,0.5,0.125,0.6666666666666666,0.4821428571428571,3.0,0.1834163382674175,2.2222222222222223
a8,1,3,1,6,0.5,0.125,0.375,0.2758620689655172,0.0535714285714285,2.0,0.0445301268486262,2.2222222222222223
