argument,predecessors,successors,predecessors_neighbors,successors_neighbors,degree_centrality,in_degree_centrality,out_degree_centrality,closeness_centrality,betweenness_centrality,average_neighbor_degree,pagerank,edge_node_ratio
a0,1,2,3,5,0.375,0.125,0.25,0.3333333333333333,0.0,2.5,0.0447450143486066,2.3333333333333335
a1,4,2,6,2,0.75,0.5,0.25,0.5333333333333333,0.1517857142857142,1.0,0.1253617709444339,2.3333333333333335
a2,3,3,5,10,0.75,0.375,0.375,0.4705882352941176,0.3660714285714285,3.333333333333333,0.0991003013397739,2.3333333333333335
a3,3,1,8,2,0.5,0.375,0.125,0.5714285714285714,0.1607142857142857,2.0,0.1333617176587519,2.3333333333333335
a4,3,3,5,5,0.75,0.375,0.375,0.5333333333333333,0.4375,1.6666666666666667,0.2014533941935005,2.3333333333333335
a5,1,2,3,5,0.375,0.125,0.25,0.4,0.1607142857142857,2.5,0.1300241927770214,2.3333333333333335
a6,2,1,5,1,0.375,0.25,0.125,0.4444444444444444,0.0625,1.0,0.0762837805727026,2.3333333333333335
a7,1,6,3,11,0.875,0.125,0.75,0.3333333333333333,0.1071428571428571,1.8333333333333333,0.0447450143486066,2.3333333333333335
a8,3,1,6,3,0.5,0.375,0.125,0.5333333333333333,0.1607142857142857,3.0,0.1449248138166021,2.3333333333333335
