argument,predecessors,successors,predecessors_neighbors,successors_neighbors,degree_centrality,in_degree_centrality,out_degree_centrality,closeness_centrality,betweenness_centrality,average_neighbor_degree,pagerank,edge_node_ratio
a0,3,0,5,0,0.375,0.375,0.0,0.4210526315789473,0.0,0.0,0.1183916143111959,2.0
a1,2,4,1,3,0.75,0.25,0.5,0.3,0.1517857142857142,0.75,0.0793048501508386,2.0
a2,0,5,0,8,0.625,0.0,0.625,0.0,0.0,1.6,0.0278481794265988,2.0
a3,3,1,3,0,0.5,0.375,0.125,0.3602941176470588,0.0178571428571428,0.0,0.0811269883036934,2.0
a4,1,2,1,2,0.375,0.125,0.25,0.2647058823529412,0.0535714285714285,1.0,0.0745706379075703,2.0
a5,2,2,4,3,0.5,0.25,0.25,0.409090909090909,0.3303571428571428,1.5,0.1931427313671686,2.0
a6,1,2,2,6,0.375,0.125,0.25,0.3214285714285714,0.2678571428571428,3.0,0.1099334209540476,2.0
a7,4,1,5,2,0.625,0.5,0.125,0.5625,0.25,2.0,0.1888959526429278,2.0
a8,2,1,4,1,0.375,0.25,0.125,0.409090909090909,0.0178571428571428,1.0,0.1267856249359584,2.0
