argument,predecessors,successors,predecessors_neighbors,successors_neighbors,degree_centrality,in_degree_centrality,out_degree_centrality,closeness_centrality,betweenness_centrality,average_neighbor_degree,pagerank,edge_node_ratio
a0,2,1,4,2,0.375,0.25,0.125,0.4705882352941176,0.0446428571428571,2.0,0.114802266773231,2.0
a1,1,2,3,3,0.375,0.125,0.25,0.4,0.0446428571428571,1.5,0.0805632932674062,2.0
a2,3,2,4,3,0.625,0.375,0.25,0.5,0.2678571428571428,1.5,0.159676393683996,2.0
a3,3,1,6,3,0.5,0.375,0.125,0.5,0.1696428571428571,3.0,0.141345848144629,2.0
a4,1,3,1,4,0.5,0.125,0.375,0.3076923076923077,0.0357142857142857,1.3333333333333333,0.0394926490038831,2.0
a5,2,1,2,3,0.375,0.25,0.125,0.3333333333333333,0.0625,3.0,0.050682250185675,2.0
a6,1,3,3,6,0.5,0.125,0.375,0.3809523809523809,0.3035714285714285,2.0,0.0805632932674062,2.0
a7,3,3,7,6,0.75,0.375,0.375,0.5333333333333333,0.6607142857142857,2.0,0.2255184006694899,2.0
a8,2,2,4,4,0.5,0.25,0.25,0.5,0.1785714285714285,2.0,0.1073556050042832,2.0
