argument,predecessors,successors,predecessors_neighbors,successors_neighbors,degree_centrality,in_degree_centrality,out_degree_centrality,closeness_centrality,betweenness_centrality,average_neighbor_degree,pagerank,edge_node_ratio
a0,0,2,0,4,0.25,0.0,0.25,0.0,0.0,2.0,0.0416873001437902,2.0
a1,4,1,8,0,0.625,0.5,0.125,0.6124999999999999,0.0357142857142857,0.0,0.1913343803046828,2.0
a2,2,3,3,5,0.625,0.25,0.375,0.390625,0.1607142857142857,1.6666666666666667,0.0896284119287431,2.0
a3,0,4,0,8,0.5,0.0,0.5,0.0,0.0,2.0,0.0416873001437902,2.0
a4,3,1,2,1,0.5,0.375,0.125,0.375,0.0178571428571428,1.0,0.0897791774463563,2.0
a5,1,1,2,3,0.25,0.125,0.125,0.284090909090909,0.0089285714285714,3.0,0.0670819214198916,2.0
a6,3,3,3,4,0.75,0.375,0.375,0.4464285714285714,0.2142857142857142,1.3333333333333333,0.1379403271365569,2.0
a7,3,0,9,0,0.375,0.375,0.0,0.6153846153846154,0.0,0.0,0.2649207640195637,2.0
a8,2,3,2,4,0.625,0.25,0.375,0.3125,0.0982142857142857,1.3333333333333333,0.0759404174566247,2.0
