argument,predecessors,successors,predecessors_neighbors,successors_neighbors,degree_centrality,in_degree_centrality,out_degree_centrality,closeness_centrality,betweenness_centrality,average_neighbor_degree,pagerank,edge_node_ratio
a0,1,3,1,7,0.5,0.125,0.375,0.2916666666666666,0.3214285714285714,2.333333333333333,0.0641538541885372,2.111111111111111
a1,4,0,5,0,0.5,0.5,0.0,0.5,0.0,0.0,0.1073430383415357,2.111111111111111
a2,1,3,2,4,0.5,0.125,0.375,0.3402777777777778,0.4285714285714285,1.3333333333333333,0.1318191645823749,2.111111111111111
a3,2,2,5,4,0.5,0.25,0.25,0.4711538461538461,0.4375,2.0,0.2470925608896403,2.111111111111111
a4,4,1,7,2,0.625,0.5,0.125,0.6124999999999999,0.2142857142857142,2.0,0.23803489469394,2.111111111111111
a5,1,2,2,3,0.375,0.125,0.25,0.266304347826087,0.0892857142857142,1.5,0.0422578732750595,2.111111111111111
a6,3,1,4,1,0.5,0.375,0.125,0.3602941176470588,0.0267857142857142,1.0,0.0697758618864616,2.111111111111111
a7,2,3,2,3,0.625,0.25,0.375,0.3062499999999999,0.1607142857142857,1.0,0.0545407238263273,2.111111111111111
a8,1,4,1,5,0.625,0.125,0.5,0.2552083333333333,0.0714285714285714,1.25,0.0449820283161228,2.111111111111111
