argument,predecessors,successors,predecessors_neighbors,successors_neighbors,degree_centrality,in_degree_centrality,out_degree_centrality,closeness_centrality,betweenness_centrality,average_neighbor_degree,pagerank,edge_node_ratio
a0,1,4,4,8,0.625,0.125,0.5,0.3809523809523809,0.3571428571428571,2.0,0.1388164444478491,2.0
a1,4,1,6,4,0.625,0.5,0.125,0.5333333333333333,0.3571428571428571,4.0,0.1437043745925775,2.0
a2,1,3,2,5,0.5,0.125,0.375,0.3636363636363636,0.1160714285714285,1.6666666666666667,0.0670166018667187,2.0
a3,3,2,4,3,0.625,0.375,0.25,0.5333333333333333,0.3303571428571428,1.5,0.1701305178546338,2.0
a4,1,1,1,1,0.25,0.125,0.125,0.2962962962962963,0.0059523809523809,1.0,0.0461651904487089,2.0
a5,1,1,3,2,0.25,0.125,0.125,0.3636363636363636,0.125,2.0,0.1241243036992021,2.0
a6,2,3,2,4,0.625,0.25,0.375,0.3809523809523809,0.0952380952380952,1.3333333333333333,0.0651533071181849,2.0
a7,2,2,4,4,0.5,0.25,0.25,0.4705882352941176,0.3452380952380952,2.0,0.1184698997618242,2.0
a8,3,1,6,1,0.5,0.375,0.125,0.5,0.125,1.0,0.1264193602103004,2.0
